# zgw	ngw1	ngw2	ngw3	ngw4	ngw5	ngw6	ngw7	ngw8	ngw9	ngw10	ngw11	ngw12	ngw13
0.00000000	0.00000000	0.00000000	0.00000000	0.00000000	0.00000000	0.00000000	0.00000000	0.00000000	0.00000000	0.00000000	0.00000000	0.00000000	0.00000000
0.00500501	0.00008391	0.00000000	0.00000000	0.00000000	0.00000000	0.00000000	0.00000000	0.00000000	0.00000000	0.00000000	0.00000000	0.00000000	0.00000000
0.01001001	0.00036054	0.00000000	0.00000000	0.00000000	0.00000000	0.00000000	0.00000000	0.00000000	0.00000000	0.00000000	0.00000000	0.00000000	0.00000000
0.01501502	0.00086588	0.00000000	0.00000000	0.00000000	0.00000000	0.00000000	0.00000000	0.00000000	0.00000000	0.00000000	0.00000000	0.00000000	0.00000000
0.02002002	0.00163338	0.00000000	0.00000000	0.00000000	0.00000000	0.00000000	0.00000000	0.00000000	0.00000000	0.00000000	0.00000000	0.00000000	0.00000000
0.02502503	0.00269314	0.00000000	0.00000000	0.00000000	0.00000000	0.00000000	0.00000000	0.00000000	0.00000000	0.00000000	0.00000000	0.00000000	0.00000000
0.03003003	0.00407147	0.00000000	0.00000000	0.00000000	0.00000000	0.00000000	0.00000000	0.00000000	0.00000000	0.00000000	0.00000000	0.00000000	0.00000000
0.03503504	0.00579054	0.00000000	0.00000000	0.00000000	0.00000000	0.00000000	0.00000000	0.00000000	0.00000000	0.00000000	0.00000000	0.00000000	0.00000000
0.04004004	0.00786832	0.00000000	0.00000000	0.00000000	0.00000000	0.00000000	0.00000000	0.00000000	0.00000000	0.00000000	0.00000000	0.00000000	0.00000000
0.04504505	0.01031872	0.00000000	0.00000000	0.00000000	0.00000000	0.00000000	0.00000000	0.00000000	0.00000000	0.00000000	0.00000000	0.00000000	0.00000000
0.05005005	0.01315181	0.00000000	0.00000000	0.00000000	0.00000000	0.00000000	0.00000000	0.00000000	0.00000000	0.00000000	0.00000000	0.00000000	0.00000000
0.05505506	0.01637425	0.00000000	0.00000000	0.00000000	0.00000000	0.00000000	0.00000000	0.00000000	0.00000000	0.00000000	0.00000000	0.00000000	0.00000000
0.06006006	0.01998966	0.00000000	0.00000000	0.00000000	0.00000000	0.00000000	0.00000000	0.00000000	0.00000000	0.00000000	0.00000000	0.00000000	0.00000000
0.06506507	0.02399917	0.00000000	0.00000000	0.00000000	0.00000000	0.00000000	0.00000000	0.00000000	0.00000000	0.00000000	0.00000000	0.00000000	0.00000000
0.07007007	0.02840183	0.00000000	0.00000000	0.00000000	0.00000000	0.00000000	0.00000000	0.00000000	0.00000000	0.00000000	0.00000000	0.00000000	0.00000000
0.07507508	0.03319509	0.00000000	0.00000000	0.00000000	0.00000000	0.00000000	0.00000000	0.00000000	0.00000000	0.00000000	0.00000000	0.00000000	0.00000000
0.08008008	0.03837515	0.00000000	0.00000000	0.00000000	0.00000000	0.00000000	0.00000000	0.00000000	0.00000000	0.00000000	0.00000000	0.00000000	0.00000000
0.08508509	0.04393735	0.00000000	0.00000000	0.00000000	0.00000000	0.00000000	0.00000000	0.00000000	0.00000000	0.00000000	0.00000000	0.00000000	0.00000000
0.09009009	0.04987638	0.00000000	0.00000000	0.00000000	0.00000000	0.00000000	0.00000000	0.00000000	0.00000000	0.00000000	0.00000000	0.00000000	0.00000000
0.09509510	0.05618654	0.00000000	0.00000000	0.00000000	0.00000000	0.00000000	0.00000000	0.00000000	0.00000000	0.00000000	0.00000000	0.00000000	0.00000000
0.10010010	0.06286189	0.00000000	0.00000000	0.00000000	0.00000000	0.00000000	0.00000000	0.00000000	0.00000000	0.00000000	0.00000000	0.00000000	0.00000000
0.10510511	0.06989636	0.00000000	0.00000000	0.00000000	0.00000000	0.00000000	0.00000000	0.00000000	0.00000000	0.00000000	0.00000000	0.00000000	0.00000000
0.11011011	0.07728384	0.00000000	0.00000000	0.00000000	0.00000000	0.00000000	0.00000000	0.00000000	0.00000000	0.00000000	0.00000000	0.00000000	0.00000000
0.11511512	0.08501822	0.00000000	0.00000000	0.00000000	0.00000000	0.00000000	0.00000000	0.00000000	0.00000000	0.00000000	0.00000000	0.00000000	0.00000000
0.12012012	0.09309344	0.00000000	0.00000000	0.00000000	0.00000000	0.00000000	0.00000000	0.00000000	0.00000000	0.00000000	0.00000000	0.00000000	0.00000000
0.12512513	0.10150353	0.00000000	0.00000000	0.00000000	0.00000000	0.00000000	0.00000000	0.00000000	0.00000000	0.00000000	0.00000000	0.00000000	0.00000000
0.13013013	0.11024260	0.00000000	0.00000000	0.00000000	0.00000000	0.00000000	0.00000000	0.00000000	0.00000000	0.00000000	0.00000000	0.00000000	0.00000000
0.13513514	0.11930488	0.00000000	0.00000000	0.00000000	0.00000000	0.00000000	0.00000000	0.00000000	0.00000000	0.00000000	0.00000000	0.00000000	0.00000000
0.14014014	0.12868474	0.00000000	0.00000000	0.00000000	0.00000000	0.00000000	0.00000000	0.00000000	0.00000000	0.00000000	0.00000000	0.00000000	0.00000000
0.14514515	0.13837673	0.00000000	0.00000000	0.00000000	0.00000000	0.00000000	0.00000000	0.00000000	0.00000000	0.00000000	0.00000000	0.00000000	0.00000000
0.15015015	0.14837554	0.00000000	0.00000000	0.00000000	0.00000000	0.00000000	0.00000000	0.00000000	0.00000000	0.00000000	0.00000000	0.00000000	0.00000000
0.15515516	0.15867612	0.00000000	0.00000000	0.00000000	0.00000000	0.00000000	0.00000000	0.00000000	0.00000000	0.00000000	0.00000000	0.00000000	0.00000000
0.16016016	0.16927362	0.00000000	0.00000000	0.00000000	0.00000000	0.00000000	0.00000000	0.00000000	0.00000000	0.00000000	0.00000000	0.00000000	0.00000000
0.16516517	0.18016344	0.00000000	0.00000000	0.00000000	0.00000000	0.00000000	0.00000000	0.00000000	0.00000000	0.00000000	0.00000000	0.00000000	0.00000000
0.17017017	0.19134125	0.00000000	0.00000000	0.00000000	0.00000000	0.00000000	0.00000000	0.00000000	0.00000000	0.00000000	0.00000000	0.00000000	0.00000000
0.17517518	0.20280300	0.00000000	0.00000000	0.00000000	0.00000000	0.00000000	0.00000000	0.00000000	0.00000000	0.00000000	0.00000000	0.00000000	0.00000000
0.18018018	0.21454490	0.00000000	0.00000000	0.00000000	0.00000000	0.00000000	0.00000000	0.00000000	0.00000000	0.00000000	0.00000000	0.00000000	0.00000000
0.18518519	0.22656344	0.00000000	0.00000000	0.00000000	0.00000000	0.00000000	0.00000000	0.00000000	0.00000000	0.00000000	0.00000000	0.00000000	0.00000000
0.19019019	0.23885537	0.00000000	0.00000000	0.00000000	0.00000000	0.00000000	0.00000000	0.00000000	0.00000000	0.00000000	0.00000000	0.00000000	0.00000000
0.19519520	0.25141769	0.00000000	0.00000000	0.00000000	0.00000000	0.00000000	0.00000000	0.00000000	0.00000000	0.00000000	0.00000000	0.00000000	0.00000000
0.20020020	0.26424763	0.00000000	0.00000000	0.00000000	0.00000000	0.00000000	0.00000000	0.00000000	0.00000000	0.00000000	0.00000000	0.00000000	0.00000000
0.20520521	0.27734263	0.00000000	0.00000000	0.00000000	0.00000000	0.00000000	0.00000000	0.00000000	0.00000000	0.00000000	0.00000000	0.00000000	0.00000000
0.21021021	0.29070030	0.00000000	0.00000000	0.00000000	0.00000000	0.00000000	0.00000000	0.00000000	0.00000000	0.00000000	0.00000000	0.00000000	0.00000000
0.21521522	0.30431841	0.00000000	0.00000000	0.00000000	0.00000000	0.00000000	0.00000000	0.00000000	0.00000000	0.00000000	0.00000000	0.00000000	0.00000000
0.22022022	0.31819486	0.00000000	0.00000000	0.00000000	0.00000000	0.00000000	0.00000000	0.00000000	0.00000000	0.00000000	0.00000000	0.00000000	0.00000000
0.22522523	0.33232763	0.00000000	0.00000000	0.00000000	0.00000000	0.00000000	0.00000000	0.00000000	0.00000000	0.00000000	0.00000000	0.00000000	0.00000000
0.23023023	0.34671478	0.00000000	0.00000000	0.00000000	0.00000000	0.00000000	0.00000000	0.00000000	0.00000000	0.00000000	0.00000000	0.00000000	0.00000000
0.23523524	0.36135443	0.00000000	0.00000000	0.00000000	0.00000000	0.00000000	0.00000000	0.00000000	0.00000000	0.00000000	0.00000000	0.00000000	0.00000000
0.24024024	0.37624471	0.00000000	0.00000000	0.00000000	0.00000000	0.00000000	0.00000000	0.00000000	0.00000000	0.00000000	0.00000000	0.00000000	0.00000000
0.24524525	0.39138376	0.00000000	0.00000000	0.00000000	0.00000000	0.00000000	0.00000000	0.00000000	0.00000000	0.00000000	0.00000000	0.00000000	0.00000000
0.25025025	0.40676971	0.00000000	0.00000000	0.00000000	0.00000000	0.00000000	0.00000000	0.00000000	0.00000000	0.00000000	0.00000000	0.00000000	0.00000000
0.25525526	0.42240065	0.00000000	0.00000000	0.00000000	0.00000000	0.00000000	0.00000000	0.00000000	0.00000000	0.00000000	0.00000000	0.00000000	0.00000000
0.26026026	0.43827467	0.00000000	0.00000000	0.00000000	0.00000000	0.00000000	0.00000000	0.00000000	0.00000000	0.00000000	0.00000000	0.00000000	0.00000000
0.26526527	0.45438976	0.00000000	0.00000000	0.00000000	0.00000000	0.00000000	0.00000000	0.00000000	0.00000000	0.00000000	0.00000000	0.00000000	0.00000000
0.27027027	0.47074391	0.00000000	0.00000000	0.00000000	0.00000000	0.00000000	0.00000000	0.00000000	0.00000000	0.00000000	0.00000000	0.00000000	0.00000000
0.27527528	0.48733502	0.00000000	0.00000000	0.00000000	0.00000000	0.00000000	0.00000000	0.00000000	0.00000000	0.00000000	0.00000000	0.00000000	0.00000000
0.28028028	0.50416095	0.00000000	0.00000000	0.00000000	0.00000000	0.00000000	0.00000000	0.00000000	0.00000000	0.00000000	0.00000000	0.00000000	0.00000000
0.28528529	0.52121949	0.00000000	0.00000000	0.00000000	0.00000000	0.00000000	0.00000000	0.00000000	0.00000000	0.00000000	0.00000000	0.00000000	0.00000000
0.29029029	0.53850837	0.00000000	0.00000000	0.00000000	0.00000000	0.00000000	0.00000000	0.00000000	0.00000000	0.00000000	0.00000000	0.00000000	0.00000000
0.29529530	0.55602528	0.00000000	0.00000000	0.00000000	0.00000000	0.00000000	0.00000000	0.00000000	0.00000000	0.00000000	0.00000000	0.00000000	0.00000000
0.30030030	0.57376785	0.00000000	0.00000000	0.00000000	0.00000000	0.00000000	0.00000000	0.00000000	0.00000000	0.00000000	0.00000000	0.00000000	0.00000000
0.30530531	0.59173363	0.00000000	0.00000000	0.00000000	0.00000000	0.00000000	0.00000000	0.00000000	0.00000000	0.00000000	0.00000000	0.00000000	0.00000000
0.31031031	0.60992016	0.00000000	0.00000000	0.00000000	0.00000000	0.00000000	0.00000000	0.00000000	0.00000000	0.00000000	0.00000000	0.00000000	0.00000000
0.31531532	0.62832492	0.00000000	0.00000000	0.00000000	0.00000000	0.00000000	0.00000000	0.00000000	0.00000000	0.00000000	0.00000000	0.00000000	0.00000000
0.32032032	0.64694535	0.00000000	0.00000000	0.00000000	0.00000000	0.00000000	0.00000000	0.00000000	0.00000000	0.00000000	0.00000000	0.00000000	0.00000000
0.32532533	0.66577885	0.00000000	0.00000000	0.00000000	0.00000000	0.00000000	0.00000000	0.00000000	0.00000000	0.00000000	0.00000000	0.00000000	0.00000000
0.33033033	0.68482279	0.00000000	0.00000000	0.00000000	0.00000000	0.00000000	0.00000000	0.00000000	0.00000000	0.00000000	0.00000000	0.00000000	0.00000000
0.33533534	0.70407450	0.00000000	0.00000000	0.00000000	0.00000000	0.00000000	0.00000000	0.00000000	0.00000000	0.00000000	0.00000000	0.00000000	0.00000000
0.34034034	0.72353130	0.00000000	0.00000000	0.00000000	0.00000000	0.00000000	0.00000000	0.00000000	0.00000000	0.00000000	0.00000000	0.00000000	0.00000000
0.34534535	0.74319048	0.00000000	0.00000000	0.00000000	0.00000000	0.00000000	0.00000000	0.00000000	0.00000000	0.00000000	0.00000000	0.00000000	0.00000000
0.35035035	0.76304931	0.00000000	0.00000000	0.00000000	0.00000000	0.00000000	0.00000000	0.00000000	0.00000000	0.00000000	0.00000000	0.00000000	0.00000000
0.35535536	0.78310503	0.00000000	0.00000000	0.00000000	0.00000000	0.00000000	0.00000000	0.00000000	0.00000000	0.00000000	0.00000000	0.00000000	0.00000000
0.36036036	0.80335488	0.00000000	0.00000000	0.00000000	0.00000000	0.00000000	0.00000000	0.00000000	0.00000000	0.00000000	0.00000000	0.00000000	0.00000000
0.36536537	0.82379609	0.00000000	0.00000000	0.00000000	0.00000000	0.00000000	0.00000000	0.00000000	0.00000000	0.00000000	0.00000000	0.00000000	0.00000000
0.37037037	0.84442585	0.00000000	0.00000000	0.00000000	0.00000000	0.00000000	0.00000000	0.00000000	0.00000000	0.00000000	0.00000000	0.00000000	0.00000000
0.37537538	0.86524136	0.00000000	0.00000000	0.00000000	0.00000000	0.00000000	0.00000000	0.00000000	0.00000000	0.00000000	0.00000000	0.00000000	0.00000000
0.38038038	0.88623983	0.00000000	0.00000000	0.00000000	0.00000000	0.00000000	0.00000000	0.00000000	0.00000000	0.00000000	0.00000000	0.00000000	0.00000000
0.38538539	0.90741842	0.00000000	0.00000000	0.00000000	0.00000000	0.00000000	0.00000000	0.00000000	0.00000000	0.00000000	0.00000000	0.00000000	0.00000000
0.39039039	0.92877433	0.00000000	0.00000000	0.00000000	0.00000000	0.00000000	0.00000000	0.00000000	0.00000000	0.00000000	0.00000000	0.00000000	0.00000000
0.39539540	0.95030471	0.00000000	0.00000000	0.00000000	0.00000000	0.00000000	0.00000000	0.00000000	0.00000000	0.00000000	0.00000000	0.00000000	0.00000000
0.40040040	0.97200675	0.00000000	0.00000000	0.00000000	0.00000000	0.00000000	0.00000000	0.00000000	0.00000000	0.00000000	0.00000000	0.00000000	0.00000000
0.40540541	0.99387761	0.00000001	0.00000000	0.00000000	0.00000000	0.00000000	0.00000000	0.00000000	0.00000000	0.00000000	0.00000000	0.00000000	0.00000000
0.41041041	1.01591446	0.00000001	0.00000000	0.00000000	0.00000000	0.00000000	0.00000000	0.00000000	0.00000000	0.00000000	0.00000000	0.00000000	0.00000000
0.41541542	1.03811445	0.00000002	0.00000000	0.00000000	0.00000000	0.00000000	0.00000000	0.00000000	0.00000000	0.00000000	0.00000000	0.00000000	0.00000000
0.42042042	1.06047475	0.00000003	0.00000000	0.00000000	0.00000000	0.00000000	0.00000000	0.00000000	0.00000000	0.00000000	0.00000000	0.00000000	0.00000000
0.42542543	1.08299252	0.00000006	0.00000000	0.00000000	0.00000000	0.00000000	0.00000000	0.00000000	0.00000000	0.00000000	0.00000000	0.00000000	0.00000000
0.43043043	1.10566493	0.00000009	0.00000000	0.00000000	0.00000000	0.00000000	0.00000000	0.00000000	0.00000000	0.00000000	0.00000000	0.00000000	0.00000000
0.43543544	1.12848912	0.00000015	0.00000000	0.00000000	0.00000000	0.00000000	0.00000000	0.00000000	0.00000000	0.00000000	0.00000000	0.00000000	0.00000000
0.44044044	1.15146227	0.00000025	0.00000000	0.00000000	0.00000000	0.00000000	0.00000000	0.00000000	0.00000000	0.00000000	0.00000000	0.00000000	0.00000000
0.44544545	1.17458151	0.00000039	0.00000000	0.00000000	0.00000000	0.00000000	0.00000000	0.00000000	0.00000000	0.00000000	0.00000000	0.00000000	0.00000000
0.45045045	1.19784401	0.00000062	0.00000000	0.00000000	0.00000000	0.00000000	0.00000000	0.00000000	0.00000000	0.00000000	0.00000000	0.00000000	0.00000000
0.45545546	1.22124688	0.00000098	0.00000000	0.00000000	0.00000000	0.00000000	0.00000000	0.00000000	0.00000000	0.00000000	0.00000000	0.00000000	0.00000000
0.46046046	1.24478726	0.00000151	0.00000000	0.00000000	0.00000000	0.00000000	0.00000000	0.00000000	0.00000000	0.00000000	0.00000000	0.00000000	0.00000000
0.46546547	1.26846225	0.00000233	0.00000000	0.00000000	0.00000000	0.00000000	0.00000000	0.00000000	0.00000000	0.00000000	0.00000000	0.00000000	0.00000000
0.47047047	1.29226891	0.00000354	0.00000000	0.00000000	0.00000000	0.00000000	0.00000000	0.00000000	0.00000000	0.00000000	0.00000000	0.00000000	0.00000000
0.47547548	1.31620427	0.00000532	0.00000000	0.00000000	0.00000000	0.00000000	0.00000000	0.00000000	0.00000000	0.00000000	0.00000000	0.00000000	0.00000000
0.48048048	1.34026528	0.00000794	0.00000000	0.00000000	0.00000000	0.00000000	0.00000000	0.00000000	0.00000000	0.00000000	0.00000000	0.00000000	0.00000000
0.48548549	1.36444882	0.00001173	0.00000000	0.00000000	0.00000000	0.00000000	0.00000000	0.00000000	0.00000000	0.00000000	0.00000000	0.00000000	0.00000000
0.49049049	1.38875164	0.00001718	0.00000000	0.00000000	0.00000000	0.00000000	0.00000000	0.00000000	0.00000000	0.00000000	0.00000000	0.00000000	0.00000000
0.49549550	1.41317032	0.00002493	0.00000000	0.00000000	0.00000000	0.00000000	0.00000000	0.00000000	0.00000000	0.00000000	0.00000000	0.00000000	0.00000000
0.50050050	1.43770126	0.00003586	0.00000000	0.00000000	0.00000000	0.00000000	0.00000000	0.00000000	0.00000000	0.00000000	0.00000000	0.00000000	0.00000000
0.50550551	1.46234057	0.00005113	0.00000000	0.00000000	0.00000000	0.00000000	0.00000000	0.00000000	0.00000000	0.00000000	0.00000000	0.00000000	0.00000000
0.51051051	1.48708400	0.00007231	0.00000000	0.00000000	0.00000000	0.00000000	0.00000000	0.00000000	0.00000000	0.00000000	0.00000000	0.00000000	0.00000000
0.51551552	1.51192686	0.00010141	0.00000000	0.00000000	0.00000000	0.00000000	0.00000000	0.00000000	0.00000000	0.00000000	0.00000000	0.00000000	0.00000000
0.52052052	1.53686388	0.00014105	0.00000000	0.00000000	0.00000000	0.00000000	0.00000000	0.00000000	0.00000000	0.00000000	0.00000000	0.00000000	0.00000000
0.52552553	1.56188909	0.00019463	0.00000000	0.00000000	0.00000000	0.00000000	0.00000000	0.00000000	0.00000000	0.00000000	0.00000000	0.00000000	0.00000000
0.53053053	1.58699564	0.00026646	0.00000000	0.00000000	0.00000000	0.00000000	0.00000000	0.00000000	0.00000000	0.00000000	0.00000000	0.00000000	0.00000000
0.53553554	1.61217559	0.00036199	0.00000000	0.00000000	0.00000000	0.00000000	0.00000000	0.00000000	0.00000000	0.00000000	0.00000000	0.00000000	0.00000000
0.54054054	1.63741969	0.00048806	0.00000000	0.00000000	0.00000000	0.00000000	0.00000000	0.00000000	0.00000000	0.00000000	0.00000000	0.00000000	0.00000000
0.54554555	1.66271713	0.00065315	0.00000000	0.00000000	0.00000000	0.00000000	0.00000000	0.00000000	0.00000000	0.00000000	0.00000000	0.00000000	0.00000000
0.55055055	1.68805523	0.00086771	0.00000000	0.00000000	0.00000000	0.00000000	0.00000000	0.00000000	0.00000000	0.00000000	0.00000000	0.00000000	0.00000000
0.55555556	1.71341910	0.00114453	0.00000000	0.00000000	0.00000000	0.00000000	0.00000000	0.00000000	0.00000000	0.00000000	0.00000000	0.00000000	0.00000000
0.56056056	1.73879128	0.00149906	0.00000000	0.00000000	0.00000000	0.00000000	0.00000000	0.00000000	0.00000000	0.00000000	0.00000000	0.00000000	0.00000000
0.56556557	1.76415137	0.00194990	0.00000000	0.00000000	0.00000000	0.00000000	0.00000000	0.00000000	0.00000000	0.00000000	0.00000000	0.00000000	0.00000000
0.57057057	1.78947554	0.00251919	0.00000000	0.00000000	0.00000000	0.00000000	0.00000000	0.00000000	0.00000000	0.00000000	0.00000000	0.00000000	0.00000000
0.57557558	1.81473616	0.00323311	0.00000000	0.00000000	0.00000000	0.00000000	0.00000000	0.00000000	0.00000000	0.00000000	0.00000000	0.00000000	0.00000000
0.58058058	1.83990129	0.00412235	0.00000000	0.00000000	0.00000000	0.00000000	0.00000000	0.00000000	0.00000000	0.00000000	0.00000000	0.00000000	0.00000000
0.58558559	1.86493421	0.00522260	0.00000000	0.00000000	0.00000000	0.00000000	0.00000000	0.00000000	0.00000000	0.00000000	0.00000000	0.00000000	0.00000000
0.59059059	1.88979298	0.00657506	0.00000000	0.00000000	0.00000000	0.00000000	0.00000000	0.00000000	0.00000000	0.00000000	0.00000000	0.00000000	0.00000000
0.59559560	1.91442998	0.00822686	0.00000001	0.00000000	0.00000000	0.00000000	0.00000000	0.00000000	0.00000000	0.00000000	0.00000000	0.00000000	0.00000000
0.60060060	1.93879149	0.01023157	0.00000001	0.00000000	0.00000000	0.00000000	0.00000000	0.00000000	0.00000000	0.00000000	0.00000000	0.00000000	0.00000000
0.60560561	1.96281734	0.01264951	0.00000002	0.00000000	0.00000000	0.00000000	0.00000000	0.00000000	0.00000000	0.00000000	0.00000000	0.00000000	0.00000000
0.61061061	1.98644055	0.01554812	0.00000003	0.00000000	0.00000000	0.00000000	0.00000000	0.00000000	0.00000000	0.00000000	0.00000000	0.00000000	0.00000000
0.61561562	2.00958718	0.01900218	0.00000005	0.00000000	0.00000000	0.00000000	0.00000000	0.00000000	0.00000000	0.00000000	0.00000000	0.00000000	0.00000000
0.62062062	2.03217612	0.02309398	0.00000007	0.00000000	0.00000000	0.00000000	0.00000000	0.00000000	0.00000000	0.00000000	0.00000000	0.00000000	0.00000000
0.62562563	2.05411912	0.02791330	0.00000011	0.00000000	0.00000000	0.00000000	0.00000000	0.00000000	0.00000000	0.00000000	0.00000000	0.00000000	0.00000000
0.63063063	2.07532087	0.03355732	0.00000018	0.00000000	0.00000000	0.00000000	0.00000000	0.00000000	0.00000000	0.00000000	0.00000000	0.00000000	0.00000000
0.63563564	2.09567925	0.04013038	0.00000027	0.00000000	0.00000000	0.00000000	0.00000000	0.00000000	0.00000000	0.00000000	0.00000000	0.00000000	0.00000000
0.64064064	2.11508571	0.04774356	0.00000041	0.00000000	0.00000000	0.00000000	0.00000000	0.00000000	0.00000000	0.00000000	0.00000000	0.00000000	0.00000000
0.64564565	2.13342583	0.05651407	0.00000062	0.00000000	0.00000000	0.00000000	0.00000000	0.00000000	0.00000000	0.00000000	0.00000000	0.00000000	0.00000000
0.65065065	2.15058003	0.06656458	0.00000092	0.00000000	0.00000000	0.00000000	0.00000000	0.00000000	0.00000000	0.00000000	0.00000000	0.00000000	0.00000000
0.65565566	2.16642444	0.07802220	0.00000136	0.00000000	0.00000000	0.00000000	0.00000000	0.00000000	0.00000000	0.00000000	0.00000000	0.00000000	0.00000000
0.66066066	2.18083193	0.09101751	0.00000201	0.00000000	0.00000000	0.00000000	0.00000000	0.00000000	0.00000000	0.00000000	0.00000000	0.00000000	0.00000000
0.66566567	2.19367327	0.10568324	0.00000293	0.00000000	0.00000000	0.00000000	0.00000000	0.00000000	0.00000000	0.00000000	0.00000000	0.00000000	0.00000000
0.67067067	2.20481846	0.12215291	0.00000425	0.00000000	0.00000000	0.00000000	0.00000000	0.00000000	0.00000000	0.00000000	0.00000000	0.00000000	0.00000000
0.67567568	2.21413816	0.14055935	0.00000611	0.00000000	0.00000000	0.00000000	0.00000000	0.00000000	0.00000000	0.00000000	0.00000000	0.00000000	0.00000000
0.68068068	2.22150522	0.16103303	0.00000872	0.00000000	0.00000000	0.00000000	0.00000000	0.00000000	0.00000000	0.00000000	0.00000000	0.00000000	0.00000000
0.68568569	2.22679626	0.18370044	0.00001236	0.00000000	0.00000000	0.00000000	0.00000000	0.00000000	0.00000000	0.00000000	0.00000000	0.00000000	0.00000000
0.69069069	2.22989335	0.20868226	0.00001740	0.00000000	0.00000000	0.00000000	0.00000000	0.00000000	0.00000000	0.00000000	0.00000000	0.00000000	0.00000000
0.69569570	2.23068564	0.23609167	0.00002431	0.00000000	0.00000000	0.00000000	0.00000000	0.00000000	0.00000000	0.00000000	0.00000000	0.00000000	0.00000000
0.70070070	2.22907103	0.26603254	0.00003374	0.00000000	0.00000000	0.00000000	0.00000000	0.00000000	0.00000000	0.00000000	0.00000000	0.00000000	0.00000000
0.70570571	2.22495773	0.29859776	0.00004650	0.00000000	0.00000000	0.00000000	0.00000000	0.00000000	0.00000000	0.00000000	0.00000000	0.00000000	0.00000000
0.71071071	2.21826582	0.33386757	0.00006366	0.00000000	0.00000000	0.00000000	0.00000000	0.00000000	0.00000000	0.00000000	0.00000000	0.00000000	0.00000000
0.71571572	2.20892861	0.37190808	0.00008659	0.00000000	0.00000000	0.00000000	0.00000000	0.00000000	0.00000000	0.00000000	0.00000000	0.00000000	0.00000000
0.72072072	2.19689392	0.41276983	0.00011701	0.00000000	0.00000000	0.00000000	0.00000000	0.00000000	0.00000000	0.00000000	0.00000000	0.00000000	0.00000000
0.72572573	2.18212514	0.45648660	0.00015712	0.00000000	0.00000000	0.00000000	0.00000000	0.00000000	0.00000000	0.00000000	0.00000000	0.00000000	0.00000000
0.73073073	2.16460218	0.50307439	0.00020965	0.00000000	0.00000000	0.00000000	0.00000000	0.00000000	0.00000000	0.00000000	0.00000000	0.00000000	0.00000000
0.73573574	2.14432208	0.55253052	0.00027803	0.00000000	0.00000000	0.00000000	0.00000000	0.00000000	0.00000000	0.00000000	0.00000000	0.00000000	0.00000000
0.74074074	2.12129951	0.60483311	0.00036648	0.00000000	0.00000000	0.00000000	0.00000000	0.00000000	0.00000000	0.00000000	0.00000000	0.00000000	0.00000000
0.74574575	2.09556701	0.65994063	0.00048018	0.00000001	0.00000000	0.00000000	0.00000000	0.00000000	0.00000000	0.00000000	0.00000000	0.00000000	0.00000000
0.75075075	2.06717489	0.71779176	0.00062547	0.00000001	0.00000000	0.00000000	0.00000000	0.00000000	0.00000000	0.00000000	0.00000000	0.00000000	0.00000000
0.75575576	2.03619104	0.77830551	0.00081001	0.00000002	0.00000000	0.00000000	0.00000000	0.00000000	0.00000000	0.00000000	0.00000000	0.00000000	0.00000000
0.76076076	2.00270041	0.84138146	0.00104306	0.00000003	0.00000000	0.00000000	0.00000000	0.00000000	0.00000000	0.00000000	0.00000000	0.00000000	0.00000000
0.76576577	1.96680426	0.90690034	0.00133564	0.00000004	0.00000000	0.00000000	0.00000000	0.00000000	0.00000000	0.00000000	0.00000000	0.00000000	0.00000000
0.77077077	1.92861925	0.97472468	0.00170090	0.00000007	0.00000000	0.00000000	0.00000000	0.00000000	0.00000000	0.00000000	0.00000000	0.00000000	0.00000000
0.77577578	1.88827630	1.04469978	0.00215433	0.00000010	0.00000000	0.00000000	0.00000000	0.00000000	0.00000000	0.00000000	0.00000000	0.00000000	0.00000000
0.78078078	1.84591929	1.11665468	0.00271412	0.00000015	0.00000000	0.00000000	0.00000000	0.00000000	0.00000000	0.00000000	0.00000000	0.00000000	0.00000000
0.78578579	1.80170360	1.19040341	0.00340148	0.00000022	0.00000000	0.00000000	0.00000000	0.00000000	0.00000000	0.00000000	0.00000000	0.00000000	0.00000000
0.79079079	1.75579460	1.26574627	0.00424095	0.00000032	0.00000000	0.00000000	0.00000000	0.00000000	0.00000000	0.00000000	0.00000000	0.00000000	0.00000000
0.79579580	1.70836592	1.34247120	0.00526082	0.00000048	0.00000000	0.00000000	0.00000000	0.00000000	0.00000000	0.00000000	0.00000000	0.00000000	0.00000000
0.80080080	1.65959780	1.42035523	0.00649344	0.00000069	0.00000000	0.00000000	0.00000000	0.00000000	0.00000000	0.00000000	0.00000000	0.00000000	0.00000000
0.80580581	1.60967528	1.49916597	0.00797557	0.00000100	0.00000000	0.00000000	0.00000000	0.00000000	0.00000000	0.00000000	0.00000000	0.00000000	0.00000000
0.81081081	1.55878649	1.57866306	0.00974879	0.00000144	0.00000000	0.00000000	0.00000000	0.00000000	0.00000000	0.00000000	0.00000000	0.00000000	0.00000000
0.81581582	1.50712093	1.65859973	0.01185974	0.00000205	0.00000000	0.00000000	0.00000000	0.00000000	0.00000000	0.00000000	0.00000000	0.00000000	0.00000000
0.82082082	1.45486773	1.73872417	0.01436052	0.00000291	0.00000000	0.00000000	0.00000000	0.00000000	0.00000000	0.00000000	0.00000000	0.00000000	0.00000000
0.82582583	1.40221407	1.81878102	0.01730887	0.00000409	0.00000000	0.00000000	0.00000000	0.00000000	0.00000000	0.00000000	0.00000000	0.00000000	0.00000000
0.83083083	1.34934367	1.89851272	0.02076846	0.00000573	0.00000000	0.00000000	0.00000000	0.00000000	0.00000000	0.00000000	0.00000000	0.00000000	0.00000000
0.83583584	1.29643533	1.97766079	0.02480902	0.00000797	0.00000000	0.00000000	0.00000000	0.00000000	0.00000000	0.00000000	0.00000000	0.00000000	0.00000000
0.84084084	1.24366168	2.05596714	0.02950645	0.00001102	0.00000000	0.00000000	0.00000000	0.00000000	0.00000000	0.00000000	0.00000000	0.00000000	0.00000000
0.84584585	1.19118800	2.13317517	0.03494285	0.00001514	0.00000000	0.00000000	0.00000000	0.00000000	0.00000000	0.00000000	0.00000000	0.00000000	0.00000000
0.85085085	1.13917120	2.20903097	0.04120642	0.00002068	0.00000000	0.00000000	0.00000000	0.00000000	0.00000000	0.00000000	0.00000000	0.00000000	0.00000000
0.85585586	1.08775897	2.28328430	0.04839136	0.00002808	0.00000000	0.00000000	0.00000000	0.00000000	0.00000000	0.00000000	0.00000000	0.00000000	0.00000000
0.86086086	1.03708902	2.35568961	0.05659755	0.00003791	0.00000000	0.00000000	0.00000000	0.00000000	0.00000000	0.00000000	0.00000000	0.00000000	0.00000000
0.86586587	0.98728856	2.42600698	0.06593020	0.00005090	0.00000000	0.00000000	0.00000000	0.00000000	0.00000000	0.00000000	0.00000000	0.00000000	0.00000000
0.87087087	0.93847384	2.49400300	0.07649939	0.00006795	0.00000000	0.00000000	0.00000000	0.00000000	0.00000000	0.00000000	0.00000000	0.00000000	0.00000000
0.87587588	0.89074988	2.55945162	0.08841939	0.00009022	0.00000001	0.00000000	0.00000000	0.00000000	0.00000000	0.00000000	0.00000000	0.00000000	0.00000000
0.88088088	0.84421033	2.62213497	0.10180802	0.00011912	0.00000001	0.00000000	0.00000000	0.00000000	0.00000000	0.00000000	0.00000000	0.00000000	0.00000000
0.88588589	0.79893746	2.68184418	0.11678575	0.00015645	0.00000002	0.00000000	0.00000000	0.00000000	0.00000000	0.00000000	0.00000000	0.00000000	0.00000000
0.89089089	0.75500222	2.73838009	0.13347477	0.00020439	0.00000002	0.00000000	0.00000000	0.00000000	0.00000000	0.00000000	0.00000000	0.00000000	0.00000000
0.89589590	0.71246448	2.79155408	0.15199790	0.00026562	0.00000003	0.00000000	0.00000000	0.00000000	0.00000000	0.00000000	0.00000000	0.00000000	0.00000000
0.90090090	0.67137333	2.84118878	0.17247748	0.00034344	0.00000005	0.00000000	0.00000000	0.00000000	0.00000000	0.00000000	0.00000000	0.00000000	0.00000000
0.90590591	0.63176745	2.88711880	0.19503402	0.00044180	0.00000007	0.00000000	0.00000000	0.00000000	0.00000000	0.00000000	0.00000000	0.00000000	0.00000000
0.91091091	0.59367556	2.92919148	0.21978496	0.00056550	0.00000011	0.00000000	0.00000000	0.00000000	0.00000000	0.00000000	0.00000000	0.00000000	0.00000000
0.91591592	0.55711695	2.96726758	0.24684323	0.00072029	0.00000016	0.00000000	0.00000000	0.00000000	0.00000000	0.00000000	0.00000000	0.00000000	0.00000000
0.92092092	0.52210203	3.00122195	0.27631579	0.00091300	0.00000023	0.00000000	0.00000000	0.00000000	0.00000000	0.00000000	0.00000000	0.00000000	0.00000000
0.92592593	0.48863295	3.03094425	0.30830221	0.00115177	0.00000033	0.00000000	0.00000000	0.00000000	0.00000000	0.00000000	0.00000000	0.00000000	0.00000000
0.93093093	0.45670419	3.05633950	0.34289314	0.00144614	0.00000047	0.00000000	0.00000000	0.00000000	0.00000000	0.00000000	0.00000000	0.00000000	0.00000000
0.93593594	0.42630323	3.07732875	0.38016887	0.00180736	0.00000067	0.00000000	0.00000000	0.00000000	0.00000000	0.00000000	0.00000000	0.00000000	0.00000000
0.94094094	0.39741121	3.09384954	0.42019786	0.00224849	0.00000095	0.00000000	0.00000000	0.00000000	0.00000000	0.00000000	0.00000000	0.00000000	0.00000000
0.94594595	0.37000353	3.10585641	0.46303539	0.00278472	0.00000133	0.00000000	0.00000000	0.00000000	0.00000000	0.00000000	0.00000000	0.00000000	0.00000000
0.95095095	0.34405055	3.11332126	0.50872221	0.00343357	0.00000186	0.00000000	0.00000000	0.00000000	0.00000000	0.00000000	0.00000000	0.00000000	0.00000000
0.95595596	0.31951818	3.11623372	0.55728334	0.00421513	0.00000258	0.00000000	0.00000000	0.00000000	0.00000000	0.00000000	0.00000000	0.00000000	0.00000000
0.96096096	0.29636849	3.11460125	0.60872692	0.00515234	0.00000356	0.00000000	0.00000000	0.00000000	0.00000000	0.00000000	0.00000000	0.00000000	0.00000000
0.96596597	0.27456031	3.10844936	0.66304326	0.00627125	0.00000489	0.00000000	0.00000000	0.00000000	0.00000000	0.00000000	0.00000000	0.00000000	0.00000000
0.97097097	0.25404978	3.09782152	0.72020396	0.00760130	0.00000668	0.00000000	0.00000000	0.00000000	0.00000000	0.00000000	0.00000000	0.00000000	0.00000000
0.97597598	0.23479085	3.08277904	0.78016126	0.00917554	0.00000907	0.00000000	0.00000000	0.00000000	0.00000000	0.00000000	0.00000000	0.00000000	0.00000000
0.98098098	0.21673581	3.06340085	0.84284748	0.01103094	0.00001225	0.00000000	0.00000000	0.00000000	0.00000000	0.00000000	0.00000000	0.00000000	0.00000000
0.98598599	0.19983571	3.03978305	0.90817473	0.01320858	0.00001647	0.00000000	0.00000000	0.00000000	0.00000000	0.00000000	0.00000000	0.00000000	0.00000000
0.99099099	0.18404080	3.01203844	0.97603469	0.01575391	0.00002202	0.00000000	0.00000000	0.00000000	0.00000000	0.00000000	0.00000000	0.00000000	0.00000000
0.99599600	0.16930091	2.98029584	1.04629872	0.01871692	0.00002929	0.00000001	0.00000000	0.00000000	0.00000000	0.00000000	0.00000000	0.00000000	0.00000000
1.00100100	0.15556580	2.94469933	1.11881807	0.02215232	0.00003876	0.00000001	0.00000000	0.00000000	0.00000000	0.00000000	0.00000000	0.00000000	0.00000000
1.00600601	0.14278545	2.90540737	1.19342429	0.02611966	0.00005106	0.00000001	0.00000000	0.00000000	0.00000000	0.00000000	0.00000000	0.00000000	0.00000000
1.01101101	0.13091038	2.86259173	1.26992986	0.03068341	0.00006692	0.00000002	0.00000000	0.00000000	0.00000000	0.00000000	0.00000000	0.00000000	0.00000000
1.01601602	0.11989186	2.81643647	1.34812901	0.03591298	0.00008728	0.00000003	0.00000000	0.00000000	0.00000000	0.00000000	0.00000000	0.00000000	0.00000000
1.02102102	0.10968212	2.76713664	1.42779871	0.04188269	0.00011331	0.00000004	0.00000000	0.00000000	0.00000000	0.00000000	0.00000000	0.00000000	0.00000000
1.02602603	0.10023458	2.71489708	1.50869982	0.04867166	0.00014641	0.00000005	0.00000000	0.00000000	0.00000000	0.00000000	0.00000000	0.00000000	0.00000000
1.03103103	0.09150393	2.65993102	1.59057842	0.05636366	0.00018831	0.00000008	0.00000000	0.00000000	0.00000000	0.00000000	0.00000000	0.00000000	0.00000000
1.03603604	0.08344633	2.60245868	1.67316728	0.06504685	0.00024110	0.00000011	0.00000000	0.00000000	0.00000000	0.00000000	0.00000000	0.00000000	0.00000000
1.04104104	0.07601946	2.54270586	1.75618748	0.07481344	0.00030729	0.00000016	0.00000000	0.00000000	0.00000000	0.00000000	0.00000000	0.00000000	0.00000000
1.04604605	0.06918262	2.48090247	1.83935009	0.08575929	0.00038992	0.00000022	0.00000000	0.00000000	0.00000000	0.00000000	0.00000000	0.00000000	0.00000000
1.05105105	0.06289679	2.41728106	1.92235808	0.09798340	0.00049262	0.00000032	0.00000000	0.00000000	0.00000000	0.00000000	0.00000000	0.00000000	0.00000000
1.05605606	0.05712468	2.35207538	2.00490815	0.11158733	0.00061967	0.00000044	0.00000000	0.00000000	0.00000000	0.00000000	0.00000000	0.00000000	0.00000000
1.06106106	0.05183073	2.28551897	2.08669278	0.12667453	0.00077618	0.00000062	0.00000000	0.00000000	0.00000000	0.00000000	0.00000000	0.00000000	0.00000000
1.06606607	0.04698114	2.21784373	2.16740220	0.14334955	0.00096814	0.00000086	0.00000000	0.00000000	0.00000000	0.00000000	0.00000000	0.00000000	0.00000000
1.07107107	0.04254384	2.14927866	2.24672651	0.16171722	0.00120257	0.00000118	0.00000000	0.00000000	0.00000000	0.00000000	0.00000000	0.00000000	0.00000000
1.07607608	0.03848851	2.08004852	2.32435772	0.18188175	0.00148766	0.00000162	0.00000000	0.00000000	0.00000000	0.00000000	0.00000000	0.00000000	0.00000000
1.08108108	0.03478651	2.01037271	2.39999179	0.20394571	0.00183293	0.00000221	0.00000000	0.00000000	0.00000000	0.00000000	0.00000000	0.00000000	0.00000000
1.08608609	0.03141090	1.94046412	2.47333072	0.22800896	0.00224934	0.00000300	0.00000000	0.00000000	0.00000000	0.00000000	0.00000000	0.00000000	0.00000000
1.09109109	0.02833633	1.87052815	2.54408451	0.25416762	0.00274954	0.00000406	0.00000000	0.00000000	0.00000000	0.00000000	0.00000000	0.00000000	0.00000000
1.09609610	0.02553904	1.80076179	2.61197306	0.28251284	0.00334796	0.00000546	0.00000000	0.00000000	0.00000000	0.00000000	0.00000000	0.00000000	0.00000000
1.10110110	0.02299680	1.73135282	2.67672809	0.31312969	0.00406107	0.00000731	0.00000000	0.00000000	0.00000000	0.00000000	0.00000000	0.00000000	0.00000000
1.10610611	0.02068884	1.66247912	2.73809482	0.34609593	0.00490750	0.00000974	0.00000000	0.00000000	0.00000000	0.00000000	0.00000000	0.00000000	0.00000000
1.11111111	0.01859579	1.59430808	2.79583365	0.38148081	0.00590833	0.00001292	0.00000000	0.00000000	0.00000000	0.00000000	0.00000000	0.00000000	0.00000000
1.11611612	0.01669963	1.52699611	2.84972168	0.41934392	0.00708718	0.00001706	0.00000001	0.00000000	0.00000000	0.00000000	0.00000000	0.00000000	0.00000000
1.12112112	0.01498363	1.46068832	2.89955407	0.45973402	0.00847050	0.00002241	0.00000001	0.00000000	0.00000000	0.00000000	0.00000000	0.00000000	0.00000000
1.12612613	0.01343224	1.39551821	2.94514528	0.50268790	0.01008771	0.00002932	0.00000001	0.00000000	0.00000000	0.00000000	0.00000000	0.00000000	0.00000000
1.13113113	0.01203111	1.33160752	2.98633017	0.54822936	0.01197140	0.00003819	0.00000002	0.00000000	0.00000000	0.00000000	0.00000000	0.00000000	0.00000000
1.13613614	0.01076693	1.26906621	3.02296486	0.59636823	0.01415749	0.00004953	0.00000003	0.00000000	0.00000000	0.00000000	0.00000000	0.00000000	0.00000000
1.14114114	0.00962746	1.20799244	3.05492755	0.64709946	0.01668542	0.00006395	0.00000004	0.00000000	0.00000000	0.00000000	0.00000000	0.00000000	0.00000000
1.14614615	0.00860138	1.14847274	3.08211900	0.70040231	0.01959827	0.00008223	0.00000005	0.00000000	0.00000000	0.00000000	0.00000000	0.00000000	0.00000000
1.15115115	0.00767830	1.09058216	3.10446299	0.75623974	0.02294287	0.00010527	0.00000008	0.00000000	0.00000000	0.00000000	0.00000000	0.00000000	0.00000000
1.15615616	0.00684868	1.03438459	3.12190650	0.81455780	0.02676990	0.00013422	0.00000011	0.00000000	0.00000000	0.00000000	0.00000000	0.00000000	0.00000000
1.16116116	0.00610375	0.97993307	3.13441976	0.87528526	0.03113393	0.00017043	0.00000015	0.00000000	0.00000000	0.00000000	0.00000000	0.00000000	0.00000000
1.16616617	0.00543549	0.92727018	3.14199608	0.93833333	0.03609343	0.00021552	0.00000021	0.00000000	0.00000000	0.00000000	0.00000000	0.00000000	0.00000000
1.17117117	0.00483656	0.87642851	3.14465160	1.00359557	0.04171076	0.00027146	0.00000029	0.00000000	0.00000000	0.00000000	0.00000000	0.00000000	0.00000000
1.17617618	0.00430026	0.82743112	3.14242475	1.07094793	0.04805209	0.00034056	0.00000040	0.00000000	0.00000000	0.00000000	0.00000000	0.00000000	0.00000000
1.18118118	0.00382046	0.78029207	3.13537567	1.14024899	0.05518725	0.00042558	0.00000055	0.00000000	0.00000000	0.00000000	0.00000000	0.00000000	0.00000000
1.18618619	0.00339159	0.73501698	3.12358543	1.21134032	0.06318959	0.00052978	0.00000075	0.00000000	0.00000000	0.00000000	0.00000000	0.00000000	0.00000000
1.19119119	0.00300858	0.69160357	3.10715509	1.28404705	0.07213569	0.00065699	0.00000102	0.00000000	0.00000000	0.00000000	0.00000000	0.00000000	0.00000000
1.19619620	0.00266683	0.65004228	3.08620469	1.35817858	0.08210509	0.00081168	0.00000137	0.00000000	0.00000000	0.00000000	0.00000000	0.00000000	0.00000000
1.20120120	0.00236214	0.61031680	3.06087208	1.43352945	0.09317993	0.00099908	0.00000185	0.00000000	0.00000000	0.00000000	0.00000000	0.00000000	0.00000000
1.20620621	0.00209073	0.57240473	3.03131171	1.50988036	0.10544450	0.00122523	0.00000248	0.00000000	0.00000000	0.00000000	0.00000000	0.00000000	0.00000000
1.21121121	0.00184917	0.53627810	2.99769322	1.58699935	0.11898478	0.00149714	0.00000330	0.00000000	0.00000000	0.00000000	0.00000000	0.00000000	0.00000000
1.21621622	0.00163435	0.50190401	2.96020009	1.66464310	0.13388784	0.00182285	0.00000439	0.00000000	0.00000000	0.00000000	0.00000000	0.00000000	0.00000000
1.22122122	0.00144346	0.46924512	2.91902815	1.74255831	0.15024128	0.00221160	0.00000580	0.00000000	0.00000000	0.00000000	0.00000000	0.00000000	0.00000000
1.22622623	0.00127398	0.43826026	2.87438410	1.82048333	0.16813252	0.00267390	0.00000764	0.00000000	0.00000000	0.00000000	0.00000000	0.00000000	0.00000000
1.23123123	0.00112362	0.40890493	2.82648390	1.89814967	0.18764809	0.00322173	0.00001002	0.00000001	0.00000000	0.00000000	0.00000000	0.00000000	0.00000000
1.23623624	0.00099033	0.38113180	2.77555131	1.97528380	0.20887281	0.00386859	0.00001309	0.00000001	0.00000000	0.00000000	0.00000000	0.00000000	0.00000000
1.24124124	0.00087227	0.35489122	2.72181626	2.05160884	0.23188904	0.00462976	0.00001702	0.00000001	0.00000000	0.00000000	0.00000000	0.00000000	0.00000000
1.24624625	0.00076777	0.33013163	2.66551336	2.12684643	0.25677576	0.00552232	0.00002204	0.00000002	0.00000000	0.00000000	0.00000000	0.00000000	0.00000000
1.25125125	0.00067534	0.30680002	2.60688039	2.20071853	0.28360770	0.00656541	0.00002843	0.00000002	0.00000000	0.00000000	0.00000000	0.00000000	0.00000000
1.25625626	0.00059366	0.28484233	2.54615678	2.27294928	0.31245443	0.00778031	0.00003653	0.00000003	0.00000000	0.00000000	0.00000000	0.00000000	0.00000000
1.26126126	0.00052152	0.26420378	2.48358222	2.34326682	0.34337943	0.00919059	0.00004675	0.00000004	0.00000000	0.00000000	0.00000000	0.00000000	0.00000000
1.26626627	0.00045786	0.24482926	2.41939531	2.41140513	0.37643918	0.01082230	0.00005960	0.00000006	0.00000000	0.00000000	0.00000000	0.00000000	0.00000000
1.27127127	0.00040172	0.22666360	2.35383221	2.47710577	0.41168224	0.01270403	0.00007569	0.00000008	0.00000000	0.00000000	0.00000000	0.00000000	0.00000000
1.27627628	0.00035225	0.20965189	2.28712548	2.54011956	0.44914832	0.01486711	0.00009576	0.00000011	0.00000000	0.00000000	0.00000000	0.00000000	0.00000000
1.28128128	0.00030868	0.19373969	2.21950290	2.60020828	0.48886746	0.01734569	0.00012070	0.00000015	0.00000000	0.00000000	0.00000000	0.00000000	0.00000000
1.28628629	0.00027034	0.17887329	2.15118643	2.65714612	0.53085919	0.02017680	0.00015158	0.00000021	0.00000000	0.00000000	0.00000000	0.00000000	0.00000000
1.29129129	0.00023662	0.16499989	2.08239124	2.71072116	0.57513176	0.02340052	0.00018966	0.00000029	0.00000000	0.00000000	0.00000000	0.00000000	0.00000000
1.29629630	0.00020698	0.15206781	2.01332488	2.76073670	0.62168142	0.02705994	0.00023645	0.00000039	0.00000000	0.00000000	0.00000000	0.00000000	0.00000000
1.30130130	0.00018096	0.14002658	1.94418648	2.80701236	0.67049179	0.03120126	0.00029373	0.00000052	0.00000000	0.00000000	0.00000000	0.00000000	0.00000000
1.30630631	0.00015811	0.12882713	1.87516612	2.84938524	0.72153333	0.03587375	0.00036361	0.00000070	0.00000000	0.00000000	0.00000000	0.00000000	0.00000000
1.31131131	0.00013808	0.11842184	1.80644423	2.88771071	0.77476287	0.04112976	0.00044854	0.00000094	0.00000000	0.00000000	0.00000000	0.00000000	0.00000000
1.31631632	0.00012051	0.10876470	1.73819111	2.92186325	0.83012326	0.04702463	0.00055141	0.00000126	0.00000000	0.00000000	0.00000000	0.00000000	0.00000000
1.32132132	0.00010513	0.09981129	1.67056661	2.95173700	0.88754314	0.05361661	0.00067557	0.00000167	0.00000000	0.00000000	0.00000000	0.00000000	0.00000000
1.32632633	0.00009166	0.09151892	1.60371979	2.97724619	0.94693676	0.06096671	0.00082491	0.00000220	0.00000000	0.00000000	0.00000000	0.00000000	0.00000000
1.33133133	0.00007987	0.08384659	1.53778877	2.99832547	1.00820404	0.06913852	0.00100392	0.00000290	0.00000000	0.00000000	0.00000000	0.00000000	0.00000000
1.33633634	0.00006956	0.07675507	1.47290061	3.01492997	1.07123064	0.07819800	0.00121777	0.00000381	0.00000000	0.00000000	0.00000000	0.00000000	0.00000000
1.34134134	0.00006055	0.07020688	1.40917125	3.02703530	1.13588822	0.08821317	0.00147239	0.00000497	0.00000000	0.00000000	0.00000000	0.00000000	0.00000000
1.34634635	0.00005268	0.06416629	1.34670562	3.03463737	1.20203479	0.09925387	0.00177454	0.00000647	0.00000000	0.00000000	0.00000000	0.00000000	0.00000000
1.35135135	0.00004582	0.05859930	1.28559771	3.03775204	1.26951521	0.11139133	0.00213192	0.00000839	0.00000001	0.00000000	0.00000000	0.00000000	0.00000000
1.35635636	0.00003982	0.05347366	1.22593077	3.03641469	1.33816181	0.12469777	0.00255327	0.00001083	0.00000001	0.00000000	0.00000000	0.00000000	0.00000000
1.36136136	0.00003460	0.04875880	1.16777758	3.03067956	1.40779511	0.13924600	0.00304843	0.00001394	0.00000001	0.00000000	0.00000000	0.00000000	0.00000000
1.36636637	0.00003004	0.04442579	1.11120068	3.02061909	1.47822471	0.15510886	0.00362851	0.00001786	0.00000002	0.00000000	0.00000000	0.00000000	0.00000000
1.37137137	0.00002608	0.04044735	1.05625276	3.00632304	1.54925020	0.17235872	0.00430592	0.00002282	0.00000002	0.00000000	0.00000000	0.00000000	0.00000000
1.37637638	0.00002262	0.03679774	1.00297705	2.98789761	1.62066222	0.19106691	0.00509455	0.00002903	0.00000003	0.00000000	0.00000000	0.00000000	0.00000000
1.38138138	0.00001962	0.03345275	0.95140769	2.96546436	1.69224365	0.21130309	0.00600984	0.00003682	0.00000004	0.00000000	0.00000000	0.00000000	0.00000000
1.38638639	0.00001701	0.03038964	0.90157020	2.93915914	1.76377081	0.23313460	0.00706890	0.00004652	0.00000006	0.00000000	0.00000000	0.00000000	0.00000000
1.39139139	0.00001473	0.02758709	0.85348195	2.90913092	1.83501476	0.25662583	0.00829063	0.00005858	0.00000008	0.00000000	0.00000000	0.00000000	0.00000000
1.39639640	0.00001276	0.02502510	0.80715263	2.87554058	1.90574265	0.28183751	0.00969582	0.00007350	0.00000011	0.00000000	0.00000000	0.00000000	0.00000000
1.40140140	0.00001105	0.02268501	0.76258475	2.83855961	1.97571916	0.30882603	0.01130726	0.00009192	0.00000014	0.00000000	0.00000000	0.00000000	0.00000000
1.40640641	0.00000956	0.02054938	0.71977415	2.79836887	2.04470791	0.33764270	0.01314983	0.00011456	0.00000019	0.00000000	0.00000000	0.00000000	0.00000000
1.41141141	0.00000827	0.01860193	0.67871050	2.75515726	2.11247288	0.36833309	0.01525059	0.00014231	0.00000026	0.00000000	0.00000000	0.00000000	0.00000000
1.41641642	0.00000715	0.01682753	0.63937781	2.70912039	2.17877997	0.40093628	0.01763889	0.00017619	0.00000035	0.00000000	0.00000000	0.00000000	0.00000000
1.42142142	0.00000618	0.01521209	0.60175493	2.66045932	2.24339834	0.43548423	0.02034640	0.00021743	0.00000046	0.00000000	0.00000000	0.00000000	0.00000000
1.42642643	0.00000534	0.01374253	0.56581603	2.60937920	2.30610193	0.47200110	0.02340716	0.00026746	0.00000061	0.00000000	0.00000000	0.00000000	0.00000000
1.43143143	0.00000461	0.01240673	0.53153111	2.55608808	2.36667080	0.51050258	0.02685768	0.00032795	0.00000081	0.00000000	0.00000000	0.00000000	0.00000000
1.43643644	0.00000398	0.01119343	0.49886645	2.50079562	2.42489253	0.55099538	0.03073688	0.00040085	0.00000106	0.00000000	0.00000000	0.00000000	0.00000000
1.44144144	0.00000343	0.01009225	0.46778504	2.44371194	2.48056349	0.59347661	0.03508614	0.00048844	0.00000139	0.00000000	0.00000000	0.00000000	0.00000000
1.44644645	0.00000296	0.00909358	0.43824707	2.38504647	2.53349006	0.63793333	0.03994928	0.00059333	0.00000182	0.00000000	0.00000000	0.00000000	0.00000000
1.45145145	0.00000256	0.00818854	0.41021029	2.32500686	2.58348979	0.68434211	0.04537246	0.00071855	0.00000237	0.00000000	0.00000000	0.00000000	0.00000000
1.45645646	0.00000220	0.00736896	0.38363046	2.26379799	2.63039243	0.73266869	0.05140416	0.00086757	0.00000307	0.00000000	0.00000000	0.00000000	0.00000000
1.46146146	0.00000190	0.00662730	0.35846164	2.20162099	2.67404096	0.78286763	0.05809505	0.00104439	0.00000397	0.00000000	0.00000000	0.00000000	0.00000000
1.46646647	0.00000164	0.00595664	0.33465664	2.13867241	2.71429234	0.83488218	0.06549787	0.00125353	0.00000512	0.00000000	0.00000000	0.00000000	0.00000000
1.47147147	0.00000141	0.00535060	0.31216728	2.07514336	2.75101834	0.88864409	0.07366722	0.00150018	0.00000657	0.00000000	0.00000000	0.00000000	0.00000000
1.47647648	0.00000121	0.00480335	0.29094470	2.01121882	2.78410615	0.94407361	0.08265942	0.00179018	0.00000840	0.00000001	0.00000000	0.00000000	0.00000000
1.48148148	0.00000104	0.00430951	0.27093967	1.94707698	2.81345886	1.00107951	0.09253226	0.00213015	0.00001071	0.00000001	0.00000000	0.00000000	0.00000000
1.48648649	0.00000090	0.00386418	0.25210283	1.88288870	2.83899589	1.05955926	0.10334470	0.00252755	0.00001361	0.00000001	0.00000000	0.00000000	0.00000000
1.49149149	0.00000077	0.00346287	0.23438491	1.81881696	2.86065324	1.11939922	0.11515661	0.00299073	0.00001724	0.00000002	0.00000000	0.00000000	0.00000000
1.49649650	0.00000066	0.00310146	0.21773699	1.75501650	2.87838366	1.18047503	0.12802844	0.00352903	0.00002176	0.00000002	0.00000000	0.00000000	0.00000000
1.50150150	0.00000057	0.00277620	0.20211064	1.69163346	2.89215666	1.24265195	0.14202082	0.00415287	0.00002737	0.00000003	0.00000000	0.00000000	0.00000000
1.50650651	0.00000049	0.00248366	0.18745813	1.62880511	2.90195842	1.30578547	0.15719420	0.00487381	0.00003433	0.00000004	0.00000000	0.00000000	0.00000000
1.51151151	0.00000042	0.00222072	0.17373254	1.56665969	2.90779161	1.36972182	0.17360842	0.00570466	0.00004291	0.00000006	0.00000000	0.00000000	0.00000000
1.51651652	0.00000036	0.00198453	0.16088796	1.50531623	2.90967507	1.43429871	0.19132224	0.00665954	0.00005347	0.00000008	0.00000000	0.00000000	0.00000000
1.52152152	0.00000031	0.00177250	0.14887953	1.44488454	2.90764342	1.49934604	0.21039290	0.00775398	0.00006642	0.00000011	0.00000000	0.00000000	0.00000000
1.52652653	0.00000027	0.00158229	0.13766358	1.38546517	2.90174650	1.56468679	0.23087558	0.00900499	0.00008225	0.00000014	0.00000000	0.00000000	0.00000000
1.53153153	0.00000023	0.00141174	0.12719772	1.32714951	2.89204882	1.63013789	0.25282295	0.01043116	0.00010154	0.00000019	0.00000000	0.00000000	0.00000000
1.53653654	0.00000020	0.00125892	0.11744086	1.27001985	2.87862889	1.69551114	0.27628459	0.01205270	0.00012497	0.00000025	0.00000000	0.00000000	0.00000000
1.54154154	0.00000017	0.00112206	0.10835333	1.21414956	2.86157840	1.76061430	0.30130647	0.01389156	0.00015336	0.00000033	0.00000000	0.00000000	0.00000000
1.54654655	0.00000014	0.00099957	0.09989685	1.15960332	2.84100148	1.82525207	0.32793043	0.01597145	0.00018763	0.00000043	0.00000000	0.00000000	0.00000000
1.55155155	0.00000012	0.00089001	0.09203463	1.10643729	2.81701377	1.88922719	0.35619365	0.01831791	0.00022889	0.00000056	0.00000000	0.00000000	0.00000000
1.55655656	0.00000011	0.00079206	0.08473132	1.05469944	2.78974152	1.95234155	0.38612807	0.02095836	0.00027842	0.00000073	0.00000000	0.00000000	0.00000000
1.56156156	0.00000009	0.00070455	0.07795308	1.00442984	2.75932063	2.01439734	0.41775992	0.02392213	0.00033768	0.00000095	0.00000000	0.00000000	0.00000000
1.56656657	0.00000008	0.00062640	0.07166752	0.95566097	2.72589565	2.07519813	0.45110920	0.02724049	0.00040840	0.00000123	0.00000000	0.00000000	0.00000000
1.57157157	0.00000007	0.00055666	0.06584375	0.90841810	2.68961877	2.13455002	0.48618921	0.03094665	0.00049254	0.00000159	0.00000000	0.00000000	0.00000000
1.57657658	0.00000006	0.00049444	0.06045233	0.86271962	2.65064879	2.19226271	0.52300607	0.03507576	0.00059237	0.00000205	0.00000000	0.00000000	0.00000000
1.58158158	0.00000005	0.00043898	0.05546525	0.81857747	2.60915012	2.24815067	0.56155833	0.03966488	0.00071047	0.00000263	0.00000000	0.00000000	0.00000000
1.58658659	0.00000004	0.00038956	0.05085591	0.77599747	2.56529172	2.30203408	0.60183657	0.04475293	0.00084979	0.00000336	0.00000000	0.00000000	0.00000000
1.59159159	0.00000004	0.00034554	0.04659911	0.73497977	2.51924611	2.35373992	0.64382309	0.05038063	0.00101370	0.00000428	0.00000000	0.00000000	0.00000000
1.59659660	0.00000003	0.00030636	0.04267097	0.69551922	2.47118839	2.40310292	0.68749158	0.05659046	0.00120600	0.00000544	0.00000000	0.00000000	0.00000000
1.60160160	0.00000003	0.00027150	0.03904894	0.65760580	2.42129522	2.44996641	0.73280693	0.06342646	0.00143100	0.00000689	0.00000001	0.00000000	0.00000000
1.60660661	0.00000002	0.00024051	0.03571172	0.62122496	2.36974396	2.49418325	0.77972500	0.07093421	0.00169354	0.00000871	0.00000001	0.00000000	0.00000000
1.61161161	0.00000002	0.00021296	0.03263925	0.58635807	2.31671171	2.53561653	0.82819253	0.07916058	0.00199907	0.00001096	0.00000001	0.00000000	0.00000000
1.61661662	0.00000002	0.00018848	0.02981262	0.55298278	2.26237450	2.57414029	0.87814709	0.08815364	0.00235369	0.00001375	0.00000001	0.00000000	0.00000000
1.62162162	0.00000001	0.00016675	0.02721409	0.52107339	2.20690643	2.60964016	0.92951706	0.09796238	0.00276421	0.00001721	0.00000002	0.00000000	0.00000000
1.62662663	0.00000001	0.00014747	0.02482699	0.49060123	2.15047896	2.64201386	0.98222173	0.10863655	0.00323821	0.00002147	0.00000002	0.00000000	0.00000000
1.63163163	0.00000001	0.00013036	0.02263569	0.46153499	2.09326019	2.67117165	1.03617140	0.12022638	0.00378409	0.00002670	0.00000003	0.00000000	0.00000000
1.63663664	0.00000001	0.00011518	0.02062556	0.43384107	2.03541418	2.69703674	1.09126765	0.13278230	0.00441116	0.00003312	0.00000004	0.00000000	0.00000000
1.64164164	0.00000001	0.00010174	0.01878290	0.40748392	1.97710037	2.71954549	1.14740357	0.14635467	0.00512968	0.00004096	0.00000005	0.00000000	0.00000000
1.64664665	0.00000001	0.00008983	0.01709493	0.38242630	1.91847307	2.73864765	1.20446411	0.16099346	0.00595092	0.00005050	0.00000007	0.00000000	0.00000000
1.65165165	0.00000001	0.00007928	0.01554973	0.35862961	1.85968094	2.75430641	1.26232652	0.17674790	0.00688724	0.00006210	0.00000010	0.00000000	0.00000000
1.65665666	0.00000000	0.00006994	0.01413616	0.33605417	1.80086658	2.76649842	1.32086078	0.19366612	0.00795214	0.00007614	0.00000013	0.00000000	0.00000000
1.66166166	0.00000000	0.00006168	0.01284388	0.31465943	1.74216620	2.77521372	1.37993016	0.21179481	0.00916035	0.00009310	0.00000016	0.00000000	0.00000000
1.66666667	0.00000000	0.00005438	0.01166325	0.29440424	1.68370927	2.78045556	1.43939183	0.23117883	0.01052783	0.00011353	0.00000021	0.00000000	0.00000000
1.67167167	0.00000000	0.00004792	0.01058533	0.27524709	1.62561828	2.78224016	1.49909743	0.25186078	0.01207190	0.00013806	0.00000028	0.00000000	0.00000000
1.67667668	0.00000000	0.00004222	0.00960181	0.25714627	1.56800857	2.78059639	1.55889384	0.27388064	0.01381122	0.00016744	0.00000036	0.00000000	0.00000000
1.68168168	0.00000000	0.00003718	0.00870499	0.24006009	1.51098817	2.77556538	1.61862386	0.29727536	0.01576589	0.00020252	0.00000047	0.00000000	0.00000000
1.68668669	0.00000000	0.00003273	0.00788775	0.22394704	1.45465770	2.76720004	1.67812701	0.32207841	0.01795745	0.00024432	0.00000060	0.00000000	0.00000000
1.69169169	0.00000000	0.00002880	0.00714347	0.20876596	1.39911033	2.75556458	1.73724031	0.34831944	0.02040896	0.00029397	0.00000078	0.00000000	0.00000000
1.69669670	0.00000000	0.00002534	0.00646606	0.19447615	1.34443180	2.74073393	1.79579913	0.37602380	0.02314497	0.00035280	0.00000100	0.00000000	0.00000000
1.70170170	0.00000000	0.00002228	0.00584988	0.18103752	1.29070043	2.72279306	1.85363798	0.40521222	0.02619157	0.00042231	0.00000127	0.00000000	0.00000000
1.70670671	0.00000000	0.00001959	0.00528973	0.16841069	1.23798721	2.70183641	1.91059145	0.43590039	0.02957640	0.00050424	0.00000162	0.00000000	0.00000000
1.71171171	0.00000000	0.00001722	0.00478082	0.15655709	1.18635594	2.67796711	1.96649499	0.46809860	0.03332862	0.00060056	0.00000206	0.00000000	0.00000000
1.71671672	0.00000000	0.00001512	0.00431872	0.14543906	1.13586332	2.65129629	2.02118584	0.50181142	0.03747890	0.00071349	0.00000261	0.00000000	0.00000000
1.72172172	0.00000000	0.00001328	0.00389937	0.13501988	1.08655920	2.62194229	2.07450381	0.53703737	0.04205942	0.00084558	0.00000330	0.00000000	0.00000000
1.72672673	0.00000000	0.00001166	0.00351903	0.12526387	1.03848673	2.59002993	2.12629219	0.57376861	0.04710376	0.00099968	0.00000415	0.00000000	0.00000000
1.73173173	0.00000000	0.00001024	0.00317426	0.11613643	0.99168262	2.55568969	2.17639849	0.61199073	0.05264690	0.00117902	0.00000521	0.00000000	0.00000000
1.73673674	0.00000000	0.00000898	0.00286191	0.10760407	0.94617735	2.51905696	2.22467531	0.65168247	0.05872512	0.00138721	0.00000653	0.00000000	0.00000000
1.74174174	0.00000000	0.00000788	0.00257909	0.09963445	0.90199546	2.48027118	2.27098102	0.69281559	0.06537588	0.00162830	0.00000815	0.00000001	0.00000000
1.74674675	0.00000000	0.00000691	0.00232313	0.09219639	0.85915584	2.43947515	2.31518052	0.73535469	0.07263777	0.00190682	0.00001015	0.00000001	0.00000000
1.75175175	0.00000000	0.00000606	0.00209162	0.08525990	0.81767198	2.39681419	2.35714591	0.77925712	0.08055034	0.00222782	0.00001260	0.00000001	0.00000000
1.75675676	0.00000000	0.00000531	0.00188233	0.07879617	0.77755229	2.35243541	2.39675710	0.82447291	0.08915395	0.00259688	0.00001561	0.00000001	0.00000000
1.76176176	0.00000000	0.00000465	0.00169322	0.07277760	0.73880039	2.30648698	2.43390237	0.87094479	0.09848965	0.00302021	0.00001927	0.00000002	0.00000000
1.76676677	0.00000000	0.00000408	0.00152244	0.06717776	0.70141545	2.25911740	2.46847894	0.91860821	0.10859896	0.00350465	0.00002374	0.00000002	0.00000000
1.77177177	0.00000000	0.00000357	0.00136828	0.06197140	0.66539243	2.21047484	2.50039337	0.96739141	0.11952369	0.00405775	0.00002916	0.00000003	0.00000000
1.77677678	0.00000000	0.00000313	0.00122920	0.05713442	0.63072246	2.16070649	2.52956196	1.01721560	0.13130572	0.00468778	0.00003572	0.00000004	0.00000000
1.78178178	0.00000000	0.00000274	0.00110378	0.05264389	0.59739311	2.10995792	2.55591112	1.06799509	0.14398679	0.00540382	0.00004365	0.00000005	0.00000000
1.78678679	0.00000000	0.00000239	0.00099075	0.04847796	0.56538867	2.05837254	2.57937763	1.11963760	0.15760824	0.00621578	0.00005321	0.00000006	0.00000000
1.79179179	0.00000000	0.00000209	0.00088891	0.04461591	0.53469049	2.00609101	2.59990878	1.17204446	0.17221074	0.00713444	0.00006469	0.00000008	0.00000000
1.79679680	0.00000000	0.00000183	0.00079722	0.04103806	0.50527723	1.95325080	2.61746259	1.22511101	0.18783404	0.00817154	0.00007844	0.00000011	0.00000000
1.80180180	0.00000000	0.00000160	0.00071469	0.03772578	0.47712514	1.89998568	2.63200784	1.27872695	0.20451671	0.00933977	0.00009488	0.00000014	0.00000000
1.80680681	0.00000000	0.00000140	0.00064045	0.03466144	0.45020836	1.84642535	2.64352407	1.33277674	0.22229578	0.01065284	0.00011449	0.00000018	0.00000000
1.81181181	0.00000000	0.00000122	0.00057369	0.03182839	0.42449915	1.79269503	2.65200152	1.38714010	0.24120651	0.01212554	0.00013781	0.00000024	0.00000000
1.81681682	0.00000000	0.00000107	0.00051369	0.02921089	0.39996816	1.73891516	2.65744106	1.44169248	0.26128204	0.01377373	0.00016547	0.00000030	0.00000000
1.82182182	0.00000000	0.00000093	0.00045979	0.02679412	0.37658464	1.68520109	2.65985394	1.49630558	0.28255312	0.01561442	0.00019820	0.00000039	0.00000000
1.82682683	0.00000000	0.00000082	0.00041138	0.02456414	0.35431667	1.63166286	2.65926161	1.55084796	0.30504777	0.01766577	0.00023685	0.00000049	0.00000000
1.83183183	0.00000000	0.00000071	0.00036793	0.02250781	0.33313142	1.57840498	2.65569543	1.60518558	0.32879098	0.01994710	0.00028237	0.00000063	0.00000000
1.83683684	0.00000000	0.00000062	0.00032895	0.02061281	0.31299527	1.52552627	2.64919630	1.65918243	0.35380440	0.02247895	0.00033584	0.00000079	0.00000000
1.84184184	0.00000000	0.00000054	0.00029399	0.01886757	0.29387407	1.47311974	2.63981432	1.71270117	0.38010608	0.02528307	0.00039851	0.00000100	0.00000000
1.84684685	0.00000000	0.00000047	0.00026265	0.01726123	0.27573327	1.42127253	2.62760835	1.76560376	0.40771011	0.02838241	0.00047180	0.00000127	0.00000000
1.85185185	0.00000000	0.00000041	0.00023456	0.01578363	0.25853809	1.37006579	2.61264552	1.81775210	0.43662641	0.03180113	0.00055729	0.00000159	0.00000000
1.85685686	0.00000000	0.00000036	0.00020941	0.01442527	0.24225369	1.31957473	2.59500081	1.86900873	0.46686042	0.03556457	0.00065679	0.00000200	0.00000000
1.86186186	0.00000000	0.00000031	0.00018688	0.01317726	0.22684530	1.26986862	2.57475643	1.91923743	0.49841289	0.03969925	0.00077233	0.00000250	0.00000000
1.86686687	0.00000000	0.00000027	0.00016672	0.01203131	0.21227832	1.22101080	2.55200137	1.96830391	0.53127962	0.04423283	0.00090619	0.00000312	0.00000000
1.87187187	0.00000000	0.00000024	0.00014869	0.01097968	0.19851847	1.17305879	2.52683075	2.01607644	0.56545127	0.04919403	0.00106093	0.00000389	0.00000000
1.87687688	0.00000000	0.00000021	0.00013256	0.01001516	0.18553187	1.12606439	2.49934528	2.06242649	0.60091317	0.05461264	0.00123940	0.00000482	0.00000000
1.88188188	0.00000000	0.00000018	0.00011814	0.00913102	0.17328515	1.08007374	2.46965067	2.10722931	0.63764517	0.06051940	0.00144477	0.00000597	0.00000000
1.88688689	0.00000000	0.00000016	0.00010525	0.00832102	0.16174550	1.03512756	2.43785700	2.15036455	0.67562151	0.06694592	0.00168061	0.00000738	0.00000000
1.89189189	0.00000000	0.00000014	0.00009374	0.00757934	0.15088079	0.99126122	2.40407815	2.19171678	0.71481072	0.07392465	0.00195081	0.00000909	0.00000000
1.89689690	0.00000000	0.00000012	0.00008347	0.00690060	0.14065959	0.94850494	2.36843116	2.23117607	0.75517557	0.08148868	0.00225974	0.00001117	0.00000001
1.90190190	0.00000000	0.00000010	0.00007429	0.00627978	0.13105126	0.90688404	2.33103565	2.26863845	0.79667300	0.08967172	0.00261218	0.00001370	0.00000001
1.90690691	0.00000000	0.00000009	0.00006610	0.00571224	0.12202595	0.86641903	2.29201325	2.30400637	0.83925416	0.09850790	0.00301341	0.00001675	0.00000001
1.91191191	0.00000000	0.00000008	0.00005880	0.00519368	0.11355469	0.82712593	2.25148699	2.33718916	0.88286441	0.10803167	0.00346922	0.00002044	0.00000001
1.91691692	0.00000000	0.00000007	0.00005229	0.00472012	0.10560938	0.78901642	2.20958075	2.36810335	0.92744345	0.11827761	0.00398596	0.00002488	0.00000002
1.92192192	0.00000000	0.00000006	0.00004648	0.00428787	0.09816284	0.75209811	2.16641872	2.39667304	0.97292534	0.12928032	0.00457054	0.00003020	0.00000002
1.92692693	0.00000000	0.00000005	0.00004131	0.00389352	0.09118881	0.71637473	2.12212489	2.42283021	1.01923872	0.14107419	0.00523054	0.00003659	0.00000003
1.93193193	0.00000000	0.00000005	0.00003670	0.00353394	0.08466197	0.68184641	2.07682252	2.44651489	1.06630695	0.15369323	0.00597416	0.00004421	0.00000003
1.93693694	0.00000000	0.00000004	0.00003260	0.00320622	0.07855797	0.64850986	2.03063367	2.46767546	1.11404835	0.16717089	0.00681030	0.00005331	0.00000004
1.94194194	0.00000000	0.00000003	0.00002895	0.00290768	0.07285336	0.61635865	1.98367878	2.48626869	1.16237640	0.18153985	0.00774860	0.00006412	0.00000006
1.94694695	0.00000000	0.00000003	0.00002570	0.00263585	0.06752569	0.58538344	1.93607623	2.50225993	1.21120009	0.19683178	0.00879944	0.00007696	0.00000007
1.95195195	0.00000000	0.00000003	0.00002281	0.00238846	0.06255341	0.55557218	1.88794193	2.51562310	1.26042417	0.21307714	0.00997401	0.00009216	0.00000009
1.95695696	0.00000000	0.00000002	0.00002023	0.00216342	0.05791593	0.52691035	1.83938900	2.52634073	1.30994952	0.23030498	0.01128430	0.00011011	0.00000012
1.96196196	0.00000000	0.00000002	0.00001795	0.00195880	0.05359354	0.49938121	1.79052740	2.53440390	1.35967354	0.24854267	0.01274318	0.00013126	0.00000015
1.96696697	0.00000000	0.00000002	0.00001591	0.00177284	0.04956748	0.47296597	1.74146367	2.53981218	1.40949048	0.26781569	0.01436436	0.00015614	0.00000019
1.97197197	0.00000000	0.00000001	0.00001411	0.00160391	0.04581982	0.44764402	1.69230062	2.54257347	1.45929194	0.28814738	0.01616248	0.00018534	0.00000025
1.97697698	0.00000000	0.00000001	0.00001250	0.00145052	0.04233355	0.42339316	1.64313715	2.54270385	1.50896725	0.30955873	0.01815306	0.00021951	0.00000031
1.98198198	0.00000000	0.00000001	0.00001108	0.00131130	0.03909246	0.40018975	1.59406797	2.54022735	1.55840395	0.33206816	0.02035258	0.00025944	0.00000039
1.98698699	0.00000000	0.00000001	0.00000982	0.00118499	0.03608117	0.37800891	1.54518351	2.53517576	1.60748825	0.35569124	0.02277842	0.00030598	0.00000049
1.99199199	0.00000000	0.00000001	0.00000869	0.00107046	0.03328510	0.35682471	1.49656970	2.52758826	1.65610555	0.38044055	0.02544894	0.00036011	0.00000062
1.99699700	0.00000000	0.00000001	0.00000770	0.00096664	0.03069043	0.33661034	1.44830792	2.51751118	1.70414086	0.40632540	0.02838342	0.00042293	0.00000077
2.00200200	0.00000000	0.00000001	0.00000681	0.00087257	0.02828409	0.31733825	1.40047486	2.50499765	1.75147936	0.43335165	0.03160207	0.00049570	0.00000097
2.00700701	0.00000000	0.00000001	0.00000603	0.00078737	0.02605374	0.29898033	1.35314251	2.49010720	1.79800688	0.46152154	0.03512604	0.00057980	0.00000120
2.01201201	0.00000000	0.00000000	0.00000533	0.00071024	0.02398769	0.28150802	1.30637806	2.47290540	1.84361038	0.49083349	0.03897737	0.00067681	0.00000150
2.01701702	0.00000000	0.00000000	0.00000472	0.00064044	0.02207494	0.26489247	1.26024397	2.45346345	1.88817849	0.52128195	0.04317895	0.00078846	0.00000186
2.02202202	0.00000000	0.00000000	0.00000417	0.00057731	0.02030513	0.24910465	1.21479791	2.43185772	1.93160191	0.55285723	0.04775454	0.00091671	0.00000229
2.02702703	0.00000000	0.00000000	0.00000369	0.00052021	0.01866849	0.23411546	1.17009285	2.40816938	1.97377399	0.58554540	0.05272867	0.00106372	0.00000283
2.03203203	0.00000000	0.00000000	0.00000326	0.00046861	0.01715583	0.21989585	1.12617709	2.38248388	2.01459110	0.61932817	0.05812663	0.00123191	0.00000348
2.03703704	0.00000000	0.00000000	0.00000288	0.00042198	0.01575853	0.20641690	1.08309432	2.35489054	2.05395314	0.65418280	0.06397438	0.00142394	0.00000428
2.04204204	0.00000000	0.00000000	0.00000255	0.00037987	0.01446849	0.19364993	1.04088376	2.32548206	2.09176393	0.69008202	0.07029850	0.00164275	0.00000524
2.04704705	0.00000000	0.00000000	0.00000225	0.00034185	0.01327811	0.18156657	0.99958019	2.29435409	2.12793162	0.72699402	0.07712609	0.00189160	0.00000640
2.05205205	0.00000000	0.00000000	0.00000199	0.00030753	0.01218027	0.17013881	0.95921414	2.26160474	2.16236906	0.76488238	0.08448472	0.00217406	0.00000780
2.05705706	0.00000000	0.00000000	0.00000176	0.00027657	0.01116831	0.15933911	0.91981200	2.22733414	2.19499419	0.80370614	0.09240230	0.00249405	0.00000950
2.06206206	0.00000000	0.00000000	0.00000155	0.00024865	0.01023598	0.14914042	0.88139613	2.19164399	2.22573032	0.84341977	0.10090701	0.00285585	0.00001153
2.06706707	0.00000000	0.00000000	0.00000137	0.00022348	0.00937746	0.13951624	0.84398507	2.15463711	2.25450645	0.88397325	0.11002714	0.00326417	0.00001396
2.07207207	0.00000000	0.00000000	0.00000121	0.00020080	0.00858730	0.13044068	0.80759365	2.11641702	2.28125753	0.92531215	0.11979102	0.00372411	0.00001687
2.07707708	0.00000000	0.00000000	0.00000107	0.00018036	0.00786041	0.12188846	0.77223317	2.07708753	2.30592467	0.96737774	0.13022687	0.00424123	0.00002035
2.08208208	0.00000000	0.00000000	0.00000094	0.00016195	0.00719207	0.11383500	0.73791160	2.03675230	2.32845539	1.01010713	0.14136265	0.00482157	0.00002449
2.08708709	0.00000000	0.00000000	0.00000083	0.00014538	0.00657785	0.10625640	0.70463370	1.99551452	2.34880371	1.05343338	0.15322593	0.00547165	0.00002940
2.09209209	0.00000000	0.00000000	0.00000073	0.00013047	0.00601364	0.09912946	0.67240126	1.95347647	2.36693036	1.09728576	0.16584377	0.00619855	0.00003524
2.09709710	0.00000000	0.00000000	0.00000064	0.00011705	0.00549561	0.09243174	0.64121322	1.91073924	2.38280278	1.14158988	0.17924251	0.00700985	0.00004213
2.10210210	0.00000000	0.00000000	0.00000057	0.00010499	0.00502021	0.08614151	0.61106589	1.86740235	2.39639528	1.18626797	0.19344765	0.00791375	0.00005028
2.10710711	0.00000000	0.00000000	0.00000050	0.00009414	0.00458413	0.08023783	0.58195314	1.82356348	2.40768899	1.23123910	0.20848366	0.00891900	0.00005987
2.11211211	0.00000000	0.00000000	0.00000044	0.00008439	0.00418430	0.07470047	0.55386651	1.77931815	2.41667187	1.27641947	0.22437383	0.01003502	0.00007115
2.11711712	0.00000000	0.00000000	0.00000039	0.00007562	0.00381787	0.06951001	0.52679546	1.73475949	2.42333870	1.32172268	0.24114009	0.01127183	0.00008439
2.12212212	0.00000000	0.00000000	0.00000034	0.00006775	0.00348220	0.06464773	0.50072751	1.68997801	2.42769094	1.36706008	0.25880287	0.01264012	0.00009988
2.12712713	0.00000000	0.00000000	0.00000030	0.00006068	0.00317485	0.06009570	0.47564841	1.64506132	2.42973670	1.41234101	0.27738087	0.01415127	0.00011799
2.13213213	0.00000000	0.00000000	0.00000027	0.00005434	0.00289355	0.05583672	0.45154230	1.60009402	2.42949055	1.45747324	0.29689092	0.01581732	0.00013911
2.13713714	0.00000000	0.00000000	0.00000023	0.00004865	0.00263619	0.05185431	0.42839188	1.55515747	2.42697338	1.50236322	0.31734783	0.01765103	0.00016368
2.14214214	0.00000000	0.00000000	0.00000021	0.00004354	0.00240086	0.04813273	0.40617857	1.51032966	2.42221220	1.54691652	0.33876420	0.01966588	0.00019222
2.14714715	0.00000000	0.00000000	0.00000018	0.00003895	0.00218574	0.04465692	0.38488263	1.46568510	2.41523993	1.59103814	0.36115025	0.02187605	0.00022530
2.15215215	0.00000000	0.00000000	0.00000016	0.00003485	0.00198918	0.04141255	0.36448335	1.42129469	2.40609517	1.63463289	0.38451369	0.02429644	0.00026358
2.15715716	0.00000000	0.00000000	0.00000014	0.00003116	0.00180967	0.03838593	0.34495914	1.37722566	2.39482193	1.67760580	0.40885955	0.02694269	0.00030777
2.16216216	0.00000000	0.00000000	0.00000012	0.00002786	0.00164578	0.03556403	0.32628768	1.33354149	2.38146935	1.71986245	0.43419005	0.02983111	0.00035871
2.16716717	0.00000000	0.00000000	0.00000011	0.00002491	0.00149621	0.03293449	0.30844605	1.29030187	2.36609142	1.76130937	0.46050445	0.03297875	0.00041730
2.17217217	0.00000000	0.00000000	0.00000010	0.00002226	0.00135978	0.03048554	0.29141085	1.24756271	2.34874667	1.80185440	0.48779896	0.03640334	0.00048457
2.17717718	0.00000000	0.00000000	0.00000008	0.00001989	0.00123536	0.02820602	0.27515828	1.20537607	2.32949783	1.84140706	0.51606659	0.04012325	0.00056165
2.18218218	0.00000000	0.00000000	0.00000007	0.00001776	0.00112196	0.02608536	0.25966429	1.16379023	2.30841151	1.87987892	0.54529708	0.04415753	0.00064983
2.18718719	0.00000000	0.00000000	0.00000007	0.00001586	0.00101863	0.02411352	0.24490464	1.12284968	2.28555788	1.91718392	0.57547679	0.04852581	0.00075050
2.19219219	0.00000000	0.00000000	0.00000006	0.00001416	0.00092451	0.02228103	0.23085499	1.08259517	2.26101029	1.95323872	0.60658866	0.05324832	0.00086522
2.19719720	0.00000000	0.00000000	0.00000005	0.00001264	0.00083882	0.02057892	0.21749102	1.04306379	2.23484494	1.98796303	0.63861211	0.05834580	0.00099573
2.20220220	0.00000000	0.00000000	0.00000004	0.00001128	0.00076083	0.01899874	0.20478848	1.00428898	2.20714054	2.02127992	0.67152304	0.06383951	0.00114393
2.20720721	0.00000000	0.00000000	0.00000004	0.00001007	0.00068988	0.01753248	0.19272324	0.96630068	2.17797793	2.05311609	0.70529380	0.06975109	0.00131190
2.21221221	0.00000000	0.00000000	0.00000003	0.00000898	0.00062534	0.01617262	0.18127141	0.92912536	2.14743976	2.08340215	0.73989314	0.07610261	0.00150197
2.21721722	0.00000000	0.00000000	0.00000003	0.00000801	0.00056667	0.01491207	0.17040936	0.89278615	2.11561011	2.11207289	0.77528629	0.08291640	0.00171665
2.22222222	0.00000000	0.00000000	0.00000003	0.00000714	0.00051335	0.01374413	0.16011376	0.85730293	2.08257420	2.13906748	0.81143492	0.09021506	0.00195870
2.22722723	0.00000000	0.00000000	0.00000002	0.00000637	0.00046490	0.01266254	0.15036169	0.82269246	2.04841800	2.16432971	0.84829722	0.09802133	0.00223116
2.23223223	0.00000000	0.00000000	0.00000002	0.00000568	0.00042090	0.01166138	0.14113062	0.78896850	2.01322796	2.18780816	0.88582799	0.10635802	0.00253730
2.23723724	0.00000000	0.00000000	0.00000002	0.00000506	0.00038095	0.01073511	0.13239846	0.75614191	1.97709067	2.20945635	0.92397864	0.11524793	0.00288071
2.24224224	0.00000000	0.00000000	0.00000002	0.00000451	0.00034469	0.00987854	0.12414361	0.72422080	1.94009252	2.22923293	0.96269739	0.12471377	0.00326527
2.24724725	0.00000000	0.00000000	0.00000001	0.00000401	0.00031180	0.00908677	0.11634500	0.69321067	1.90231950	2.24710171	1.00192932	0.13477802	0.00369520
2.25225225	0.00000000	0.00000000	0.00000001	0.00000358	0.00028196	0.00835525	0.10898208	0.66311451	1.86385683	2.26303183	1.04161651	0.14546284	0.00417505
2.25725726	0.00000000	0.00000000	0.00000001	0.00000318	0.00025491	0.00767969	0.10203485	0.63393299	1.82478876	2.27699776	1.08169823	0.15679000	0.00470972
2.26226226	0.00000000	0.00000000	0.00000001	0.00000283	0.00023039	0.00705609	0.09548389	0.60566454	1.78519828	2.28897939	1.12211108	0.16878072	0.00530451
2.26726727	0.00000000	0.00000000	0.00000001	0.00000252	0.00020817	0.00648071	0.08931037	0.57830553	1.74516691	2.29896202	1.16278917	0.18145556	0.00596510
2.27227227	0.00000000	0.00000000	0.00000001	0.00000225	0.00018804	0.00595005	0.08349603	0.55185039	1.70477447	2.30693632	1.20366431	0.19483435	0.00669759
2.27727728	0.00000000	0.00000000	0.00000001	0.00000200	0.00016981	0.00546085	0.07802325	0.52629174	1.66409891	2.31289836	1.24466627	0.20893599	0.00750849
2.28228228	0.00000000	0.00000000	0.00000001	0.00000178	0.00015331	0.00501005	0.07287497	0.50162054	1.62321607	2.31684950	1.28572295	0.22377840	0.00840479
2.28728729	0.00000000	0.00000000	0.00000000	0.00000158	0.00013838	0.00459482	0.06803477	0.47782620	1.58219955	2.31879635	1.32676063	0.23937835	0.00939391
2.29229229	0.00000000	0.00000000	0.00000000	0.00000141	0.00012487	0.00421252	0.06348681	0.45489675	1.54112058	2.31875061	1.36770423	0.25575137	0.01048375
2.29729730	0.00000000	0.00000000	0.00000000	0.00000125	0.00011265	0.00386067	0.05921588	0.43281891	1.50004781	2.31672903	1.40847755	0.27291159	0.01168271
2.30230230	0.00000000	0.00000000	0.00000000	0.00000111	0.00010160	0.00353698	0.05520734	0.41157825	1.45904729	2.31275319	1.44900354	0.29087165	0.01299967
2.30730731	0.00000000	0.00000000	0.00000000	0.00000099	0.00009161	0.00323932	0.05144715	0.39115931	1.41818228	2.30684941	1.48920455	0.30964256	0.01444403
2.31231231	0.00000000	0.00000000	0.00000000	0.00000088	0.00008258	0.00296570	0.04792185	0.37154568	1.37751322	2.29904852	1.52900265	0.32923358	0.01602572
2.31731732	0.00000000	0.00000000	0.00000000	0.00000078	0.00007442	0.00271428	0.04461854	0.35272015	1.33709765	2.28938569	1.56831984	0.34965214	0.01775516
2.32232232	0.00000000	0.00000000	0.00000000	0.00000069	0.00006706	0.00248335	0.04152490	0.33466481	1.29699012	2.27790025	1.60707836	0.37090365	0.01964333
2.32732733	0.00000000	0.00000000	0.00000000	0.00000062	0.00006040	0.00227132	0.03862915	0.31736111	1.25724222	2.26463542	1.64520100	0.39299151	0.02170174
2.33233233	0.00000000	0.00000000	0.00000000	0.00000055	0.00005440	0.00207671	0.03592004	0.30079002	1.21790246	2.24963815	1.68261132	0.41591689	0.02394241
2.33733734	0.00000000	0.00000000	0.00000000	0.00000049	0.00004898	0.00189817	0.03338684	0.28493208	1.17901635	2.23295880	1.71923395	0.43967871	0.02637790
2.34234234	0.00000000	0.00000000	0.00000000	0.00000043	0.00004409	0.00173443	0.03101934	0.26976746	1.14062634	2.21465096	1.75499487	0.46427355	0.02902129
2.34734735	0.00000000	0.00000000	0.00000000	0.00000038	0.00003968	0.00158431	0.02880780	0.25527614	1.10277186	2.19477118	1.78982165	0.48969554	0.03188618
2.35235235	0.00000000	0.00000000	0.00000000	0.00000034	0.00003570	0.00144673	0.02674299	0.24143786	1.06548931	2.17337870	1.82364375	0.51593629	0.03498667
2.35735736	0.00000000	0.00000000	0.00000000	0.00000030	0.00003212	0.00132069	0.02481611	0.22823229	1.02881214	2.15053518	1.85639270	0.54298487	0.03833734
2.36236236	0.00000000	0.00000000	0.00000000	0.00000027	0.00002889	0.00120527	0.02301882	0.21563906	0.99277086	2.12630447	1.88800243	0.57082772	0.04195324
2.36736737	0.00000000	0.00000000	0.00000000	0.00000024	0.00002597	0.00109960	0.02134321	0.20363781	0.95739311	2.10075232	1.91840940	0.59944862	0.04584986
2.37237237	0.00000000	0.00000000	0.00000000	0.00000021	0.00002335	0.00100289	0.01978179	0.19220827	0.92270369	2.07394612	1.94755291	0.62882865	0.05004313
2.37737738	0.00000000	0.00000000	0.00000000	0.00000019	0.00002099	0.00091442	0.01832745	0.18133029	0.88872468	2.04595462	1.97537524	0.65894619	0.05454934
2.38238238	0.00000000	0.00000000	0.00000000	0.00000017	0.00001886	0.00083351	0.01697348	0.17098393	0.85547546	2.01684771	2.00182188	0.68977689	0.05938517
2.38738739	0.00000000	0.00000000	0.00000000	0.00000015	0.00001695	0.00075954	0.01571353	0.16114944	0.82297284	1.98669614	2.02684168	0.72129369	0.06456758
2.39239239	0.00000000	0.00000000	0.00000000	0.00000013	0.00001522	0.00069194	0.01454160	0.15180737	0.79123111	1.95557126	2.05038703	0.75346685	0.07011383
2.39739740	0.00000000	0.00000000	0.00000000	0.00000012	0.00001367	0.00063018	0.01345203	0.14293855	0.76026214	1.92354478	2.07241398	0.78626391	0.07604142
2.40240240	0.00000000	0.00000000	0.00000000	0.00000010	0.00001227	0.00057376	0.01243949	0.13452414	0.73007549	1.89068856	2.09288241	0.81964983	0.08236802
2.40740741	0.00000000	0.00000000	0.00000000	0.00000009	0.00001102	0.00052226	0.01149893	0.12654569	0.70067849	1.85707433	2.11175611	0.85358695	0.08911142
2.41241241	0.00000000	0.00000000	0.00000000	0.00000008	0.00000989	0.00047524	0.01062563	0.11898511	0.67207635	1.82277351	2.12900288	0.88803513	0.09628951
2.41741742	0.00000000	0.00000000	0.00000000	0.00000007	0.00000888	0.00043235	0.00981512	0.11182473	0.64427225	1.78785699	2.14459461	0.92295176	0.10392017
2.42242242	0.00000000	0.00000000	0.00000000	0.00000006	0.00000796	0.00039322	0.00906319	0.10504731	0.61726747	1.75239491	2.15850735	0.95829191	0.11202124
2.42742743	0.00000000	0.00000000	0.00000000	0.00000006	0.00000714	0.00035753	0.00836592	0.09863605	0.59106147	1.71645650	2.17072133	0.99400839	0.12061043
2.43243243	0.00000000	0.00000000	0.00000000	0.00000005	0.00000641	0.00032500	0.00771959	0.09257461	0.56565199	1.68010986	2.18122099	1.03005187	0.12970527
2.43743744	0.00000000	0.00000000	0.00000000	0.00000004	0.00000575	0.00029535	0.00712074	0.08684711	0.54103519	1.64342183	2.18999501	1.06637101	0.13932303
2.44244244	0.00000000	0.00000000	0.00000000	0.00000004	0.00000515	0.00026834	0.00656609	0.08143814	0.51720572	1.60645780	2.19703627	1.10291261	0.14948064
2.44744745	0.00000000	0.00000000	0.00000000	0.00000003	0.00000462	0.00024374	0.00605258	0.07633280	0.49415683	1.56928160	2.20234185	1.13962170	0.16019459
2.45245245	0.00000000	0.00000000	0.00000000	0.00000003	0.00000414	0.00022134	0.00557737	0.07151664	0.47188049	1.53195534	2.20591296	1.17644175	0.17148091
2.45745746	0.00000000	0.00000000	0.00000000	0.00000003	0.00000371	0.00020094	0.00513776	0.06697570	0.45036746	1.49453929	2.20775489	1.21331482	0.18335503
2.46246246	0.00000000	0.00000000	0.00000000	0.00000002	0.00000332	0.00018238	0.00473124	0.06269652	0.42960743	1.45709177	2.20787696	1.25018167	0.19583171
2.46746747	0.00000000	0.00000000	0.00000000	0.00000002	0.00000298	0.00016550	0.00435546	0.05866612	0.40958906	1.41966908	2.20629239	1.28698204	0.20892497
2.47247247	0.00000000	0.00000000	0.00000000	0.00000002	0.00000267	0.00015014	0.00400824	0.05487198	0.39030012	1.38232538	2.20301823	1.32365472	0.22264799
2.47747748	0.00000000	0.00000000	0.00000000	0.00000002	0.00000239	0.00013618	0.00368752	0.05130209	0.37172757	1.34511265	2.19807522	1.36013783	0.23701305
2.48248248	0.00000000	0.00000000	0.00000000	0.00000001	0.00000214	0.00012348	0.00339139	0.04794487	0.35385761	1.30808057	2.19148771	1.39636897	0.25203141
2.48748749	0.00000000	0.00000000	0.00000000	0.00000001	0.00000191	0.00011195	0.00311807	0.04478924	0.33667584	1.27127655	2.18328346	1.43228539	0.26771322
2.49249249	0.00000000	0.00000000	0.00000000	0.00000001	0.00000171	0.00010146	0.00286589	0.04182455	0.32016725	1.23474562	2.17349352	1.46782426	0.28406749
2.49749750	0.00000000	0.00000000	0.00000000	0.00000001	0.00000153	0.00009194	0.00263329	0.03904060	0.30431636	1.19853044	2.16215209	1.50292280	0.30110195
2.50250250	0.00000000	0.00000000	0.00000000	0.00000001	0.00000137	0.00008330	0.00241884	0.03642763	0.28910729	1.16267127	2.14929633	1.53751851	0.31882302
2.50750751	0.00000000	0.00000000	0.00000000	0.00000001	0.00000123	0.00007545	0.00222119	0.03397630	0.27452380	1.12720595	2.13496618	1.57154937	0.33723567
2.51251251	0.00000000	0.00000000	0.00000000	0.00000001	0.00000110	0.00006832	0.00203908	0.03167771	0.26054936	1.09216991	2.11920421	1.60495406	0.35634340
2.51751752	0.00000000	0.00000000	0.00000000	0.00000001	0.00000098	0.00006186	0.00187135	0.02952334	0.24716725	1.05759618	2.10205541	1.63767210	0.37614817
2.52252252	0.00000000	0.00000000	0.00000000	0.00000001	0.00000088	0.00005599	0.00171692	0.02750507	0.23436059	1.02351540	2.08356700	1.66964410	0.39665028
2.52752753	0.00000000	0.00000000	0.00000000	0.00000000	0.00000079	0.00005067	0.00157478	0.02561515	0.22211239	0.98995584	2.06378827	1.70081192	0.41784835
2.53253253	0.00000000	0.00000000	0.00000000	0.00000000	0.00000070	0.00004585	0.00144399	0.02384624	0.21040560	0.95694345	2.04277034	1.73111889	0.43973926
2.53753754	0.00000000	0.00000000	0.00000000	0.00000000	0.00000063	0.00004147	0.00132369	0.02219130	0.19922321	0.92450186	2.02056598	1.76050992	0.46231807
2.54254254	0.00000000	0.00000000	0.00000000	0.00000000	0.00000056	0.00003751	0.00121308	0.02064369	0.18854823	0.89265249	1.99722944	1.78893175	0.48557802
2.54754755	0.00000000	0.00000000	0.00000000	0.00000000	0.00000050	0.00003392	0.00111140	0.01919708	0.17836376	0.86141452	1.97281621	1.81633307	0.50951044
2.55255255	0.00000000	0.00000000	0.00000000	0.00000000	0.00000045	0.00003066	0.00101796	0.01784544	0.16865302	0.83080500	1.94738284	1.84266471	0.53410473
2.55755756	0.00000000	0.00000000	0.00000000	0.00000000	0.00000040	0.00002772	0.00093213	0.01658310	0.15939942	0.80083889	1.92098678	1.86787974	0.55934834
2.56256256	0.00000000	0.00000000	0.00000000	0.00000000	0.00000036	0.00002505	0.00085331	0.01540464	0.15058653	0.77152913	1.89368613	1.89193365	0.58522675
2.56756757	0.00000000	0.00000000	0.00000000	0.00000000	0.00000032	0.00002263	0.00078094	0.01430494	0.14219817	0.74288669	1.86553949	1.91478449	0.61172345
2.57257257	0.00000000	0.00000000	0.00000000	0.00000000	0.00000029	0.00002045	0.00071453	0.01327918	0.13421840	0.71492067	1.83660577	1.93639294	0.63881993
2.57757758	0.00000000	0.00000000	0.00000000	0.00000000	0.00000026	0.00001847	0.00065359	0.01232276	0.12663156	0.68763833	1.80694403	1.95672248	0.66649568
2.58258258	0.00000000	0.00000000	0.00000000	0.00000000	0.00000023	0.00001668	0.00059769	0.01143137	0.11942227	0.66104523	1.77661327	1.97573943	0.69472820
2.58758759	0.00000000	0.00000000	0.00000000	0.00000000	0.00000020	0.00001506	0.00054644	0.01060090	0.11257549	0.63514523	1.74567229	1.99341307	0.72349302
2.59259259	0.00000000	0.00000000	0.00000000	0.00000000	0.00000018	0.00001359	0.00049946	0.00982750	0.10607647	0.60994062	1.71417953	2.00971572	0.75276374
2.59759760	0.00000000	0.00000000	0.00000000	0.00000000	0.00000016	0.00001227	0.00045640	0.00910754	0.09991086	0.58543219	1.68219289	2.02462278	0.78251201
2.60260260	0.00000000	0.00000000	0.00000000	0.00000000	0.00000014	0.00001107	0.00041695	0.00843757	0.09406461	0.56161929	1.64976962	2.03811279	0.81270764
2.60760761	0.00000000	0.00000000	0.00000000	0.00000000	0.00000013	0.00000999	0.00038082	0.00781437	0.08852407	0.53849993	1.61696618	2.05016748	0.84331859
2.61261261	0.00000000	0.00000000	0.00000000	0.00000000	0.00000012	0.00000901	0.00034774	0.00723489	0.08327595	0.51607084	1.58383808	2.06077179	0.87431106
2.61761762	0.00000000	0.00000000	0.00000000	0.00000000	0.00000010	0.00000813	0.00031745	0.00669626	0.07830734	0.49432759	1.55043977	2.06991386	0.90564954
2.62262262	0.00000000	0.00000000	0.00000000	0.00000000	0.00000009	0.00000733	0.00028973	0.00619580	0.07360573	0.47326460	1.51682456	2.07758508	0.93729688
2.62762763	0.00000000	0.00000000	0.00000000	0.00000000	0.00000008	0.00000661	0.00026438	0.00573095	0.06915897	0.45287529	1.48304444	2.08378005	0.96921437
2.63263263	0.00000000	0.00000000	0.00000000	0.00000000	0.00000007	0.00000596	0.00024118	0.00529936	0.06495531	0.43315210	1.44915008	2.08849655	1.00136183
2.63763764	0.00000000	0.00000000	0.00000000	0.00000000	0.00000007	0.00000537	0.00021997	0.00489878	0.06098340	0.41408660	1.41519066	2.09173555	1.03369772
2.64264264	0.00000000	0.00000000	0.00000000	0.00000000	0.00000006	0.00000484	0.00020058	0.00452711	0.05723226	0.39566955	1.38121383	2.09350113	1.06617917
2.64764765	0.00000000	0.00000000	0.00000000	0.00000000	0.00000005	0.00000436	0.00018286	0.00418239	0.05369130	0.37789095	1.34726564	2.09380043	1.09876219
2.65265265	0.00000000	0.00000000	0.00000000	0.00000000	0.00000005	0.00000393	0.00016667	0.00386278	0.05035031	0.36074015	1.31339046	2.09264362	1.13140167
2.65765766	0.00000000	0.00000000	0.00000000	0.00000000	0.00000004	0.00000354	0.00015187	0.00356655	0.04719947	0.34420590	1.27963093	2.09004381	1.16405158
2.66266266	0.00000000	0.00000000	0.00000000	0.00000000	0.00000004	0.00000319	0.00013837	0.00329209	0.04422932	0.32827640	1.24602794	2.08601693	1.19666505
2.66766767	0.00000000	0.00000000	0.00000000	0.00000000	0.00000003	0.00000287	0.00012603	0.00303787	0.04143077	0.31293936	1.21262054	2.08058170	1.22919450
2.67267267	0.00000000	0.00000000	0.00000000	0.00000000	0.00000003	0.00000258	0.00011477	0.00280249	0.03879509	0.29818210	1.17944595	2.07375953	1.26159175
2.67767768	0.00000000	0.00000000	0.00000000	0.00000000	0.00000003	0.00000233	0.00010450	0.00258462	0.03631391	0.28399157	1.14653955	2.06557435	1.29380821
2.68268268	0.00000000	0.00000000	0.00000000	0.00000000	0.00000002	0.00000209	0.00009512	0.00238302	0.03397919	0.27035441	1.11393482	2.05605257	1.32579494
2.68768769	0.00000000	0.00000000	0.00000000	0.00000000	0.00000002	0.00000188	0.00008657	0.00219654	0.03178325	0.25725701	1.08166333	2.04522295	1.35750282
2.69269269	0.00000000	0.00000000	0.00000000	0.00000000	0.00000002	0.00000170	0.00007877	0.00202410	0.02971872	0.24468556	1.04975480	2.03311643	1.38888271
2.69769770	0.00000000	0.00000000	0.00000000	0.00000000	0.00000002	0.00000153	0.00007166	0.00186469	0.02777858	0.23262609	1.01823704	2.01976606	1.41988553
2.70270270	0.00000000	0.00000000	0.00000000	0.00000000	0.00000001	0.00000137	0.00006518	0.00171737	0.02595609	0.22106452	0.98713599	2.00520683	1.45046247
2.70770771	0.00000000	0.00000000	0.00000000	0.00000000	0.00000001	0.00000123	0.00005927	0.00158128	0.02424483	0.20998669	0.95647572	1.98947557	1.48056506
2.71271271	0.00000000	0.00000000	0.00000000	0.00000000	0.00000001	0.00000111	0.00005389	0.00145559	0.02263868	0.19937843	0.92627847	1.97261077	1.51014534
2.71771772	0.00000000	0.00000000	0.00000000	0.00000000	0.00000001	0.00000100	0.00004899	0.00133954	0.02113180	0.18922555	0.89656466	1.95465247	1.53915600
2.72272272	0.00000000	0.00000000	0.00000000	0.00000000	0.00000001	0.00000090	0.00004452	0.00123242	0.01971861	0.17951392	0.86735293	1.93564213	1.56755051
2.72772773	0.00000000	0.00000000	0.00000000	0.00000000	0.00000001	0.00000081	0.00004046	0.00113358	0.01839384	0.17022948	0.83866015	1.91562244	1.59528325
2.73273273	0.00000000	0.00000000	0.00000000	0.00000000	0.00000001	0.00000073	0.00003676	0.00104241	0.01715243	0.16135826	0.81050152	1.89463722	1.62230962
2.73773774	0.00000000	0.00000000	0.00000000	0.00000000	0.00000001	0.00000065	0.00003339	0.00095833	0.01598959	0.15288642	0.78289052	1.87273126	1.64858619
2.74274274	0.00000000	0.00000000	0.00000000	0.00000000	0.00000001	0.00000059	0.00003032	0.00088081	0.01490078	0.14480028	0.75583904	1.84995017	1.67407081
2.74774775	0.00000000	0.00000000	0.00000000	0.00000000	0.00000001	0.00000053	0.00002753	0.00080936	0.01388167	0.13708632	0.72935739	1.82634027	1.69872274
2.75275275	0.00000000	0.00000000	0.00000000	0.00000000	0.00000000	0.00000047	0.00002500	0.00074353	0.01292816	0.12973124	0.70345434	1.80194842	1.72250272
2.75775776	0.00000000	0.00000000	0.00000000	0.00000000	0.00000000	0.00000043	0.00002269	0.00068289	0.01203637	0.12272193	0.67813720	1.77682189	1.74537312
2.76276276	0.00000000	0.00000000	0.00000000	0.00000000	0.00000000	0.00000038	0.00002059	0.00062705	0.01120261	0.11604553	0.65341185	1.75100825	1.76729804
2.76776777	0.00000000	0.00000000	0.00000000	0.00000000	0.00000000	0.00000034	0.00001869	0.00057564	0.01042338	0.10968941	0.62928281	1.72455520	1.78824337
2.77277277	0.00000000	0.00000000	0.00000000	0.00000000	0.00000000	0.00000031	0.00001695	0.00052832	0.00969540	0.10364120	0.60575329	1.69751048	1.80817689
2.77777778	0.00000000	0.00000000	0.00000000	0.00000000	0.00000000	0.00000028	0.00001538	0.00048477	0.00901552	0.09788880	0.58282527	1.66992172	1.82706837
2.78278278	0.00000000	0.00000000	0.00000000	0.00000000	0.00000000	0.00000025	0.00001395	0.00044472	0.00838081	0.09242041	0.56049953	1.64183634	1.84488962
2.78778779	0.00000000	0.00000000	0.00000000	0.00000000	0.00000000	0.00000022	0.00001265	0.00040788	0.00778847	0.08722449	0.53877570	1.61330143	1.86161457
2.79279279	0.00000000	0.00000000	0.00000000	0.00000000	0.00000000	0.00000020	0.00001147	0.00037401	0.00723586	0.08228980	0.51765238	1.58436363	1.87721933
2.79779780	0.00000000	0.00000000	0.00000000	0.00000000	0.00000000	0.00000018	0.00001039	0.00034288	0.00672050	0.07760541	0.49712712	1.55506905	1.89168223
2.80280280	0.00000000	0.00000000	0.00000000	0.00000000	0.00000000	0.00000016	0.00000942	0.00031427	0.00624003	0.07316067	0.47719654	1.52546315	1.90498386
2.80780781	0.00000000	0.00000000	0.00000000	0.00000000	0.00000000	0.00000014	0.00000854	0.00028798	0.00579226	0.06894528	0.45785637	1.49559065	1.91710714
2.81281281	0.00000000	0.00000000	0.00000000	0.00000000	0.00000000	0.00000013	0.00000774	0.00026384	0.00537509	0.06494920	0.43910149	1.46549546	1.92803731
2.81781782	0.00000000	0.00000000	0.00000000	0.00000000	0.00000000	0.00000012	0.00000701	0.00024167	0.00498657	0.06116273	0.42092601	1.43522056	1.93776195
2.82282282	0.00000000	0.00000000	0.00000000	0.00000000	0.00000000	0.00000010	0.00000635	0.00022132	0.00462483	0.05757646	0.40332332	1.40480798	1.94627104
2.82782783	0.00000000	0.00000000	0.00000000	0.00000000	0.00000000	0.00000009	0.00000575	0.00020263	0.00428816	0.05418131	0.38628614	1.37429869	1.95355690
2.83283283	0.00000000	0.00000000	0.00000000	0.00000000	0.00000000	0.00000008	0.00000521	0.00018549	0.00397490	0.05096848	0.36980657	1.34373252	1.95961425
2.83783784	0.00000000	0.00000000	0.00000000	0.00000000	0.00000000	0.00000008	0.00000471	0.00016976	0.00368354	0.04792950	0.35387617	1.31314815	1.96444014
2.84284284	0.00000000	0.00000000	0.00000000	0.00000000	0.00000000	0.00000007	0.00000427	0.00015534	0.00341261	0.04505617	0.33848598	1.28258304	1.96803398
2.84784785	0.00000000	0.00000000	0.00000000	0.00000000	0.00000000	0.00000006	0.00000386	0.00014211	0.00316076	0.04234062	0.32362657	1.25207335	1.97039748
2.85285285	0.00000000	0.00000000	0.00000000	0.00000000	0.00000000	0.00000005	0.00000350	0.00012998	0.00292674	0.03977525	0.30928811	1.22165394	1.97153467
2.85785786	0.00000000	0.00000000	0.00000000	0.00000000	0.00000000	0.00000005	0.00000316	0.00011887	0.00270933	0.03735275	0.29546041	1.19135834	1.97145178
2.86286286	0.00000000	0.00000000	0.00000000	0.00000000	0.00000000	0.00000004	0.00000286	0.00010868	0.00250742	0.03506611	0.28213295	1.16121866	1.97015728
2.86786787	0.00000000	0.00000000	0.00000000	0.00000000	0.00000000	0.00000004	0.00000259	0.00009935	0.00231996	0.03290857	0.26929493	1.13126565	1.96766178
2.87287287	0.00000000	0.00000000	0.00000000	0.00000000	0.00000000	0.00000004	0.00000234	0.00009080	0.00214598	0.03087367	0.25693532	1.10152859	1.96397798
2.87787788	0.00000000	0.00000000	0.00000000	0.00000000	0.00000000	0.00000003	0.00000212	0.00008297	0.00198454	0.02895518	0.24504289	1.07203536	1.95912063
2.88288288	0.00000000	0.00000000	0.00000000	0.00000000	0.00000000	0.00000003	0.00000192	0.00007581	0.00183479	0.02714716	0.23360625	1.04281239	1.95310642
2.88788789	0.00000000	0.00000000	0.00000000	0.00000000	0.00000000	0.00000003	0.00000173	0.00006925	0.00169592	0.02544391	0.22261388	1.01388463	1.94595397
2.89289289	0.00000000	0.00000000	0.00000000	0.00000000	0.00000000	0.00000002	0.00000157	0.00006324	0.00156718	0.02383998	0.21205416	0.98527561	1.93768369
2.89789790	0.00000000	0.00000000	0.00000000	0.00000000	0.00000000	0.00000002	0.00000142	0.00005775	0.00144786	0.02233014	0.20191544	0.95700740	1.92831775
2.90290290	0.00000000	0.00000000	0.00000000	0.00000000	0.00000000	0.00000002	0.00000128	0.00005272	0.00133731	0.02090942	0.19218600	0.92910063	1.91787996
2.90790791	0.00000000	0.00000000	0.00000000	0.00000000	0.00000000	0.00000002	0.00000116	0.00004813	0.00123490	0.01957304	0.18285414	0.90157451	1.90639571
2.91291291	0.00000000	0.00000000	0.00000000	0.00000000	0.00000000	0.00000001	0.00000105	0.00004392	0.00114007	0.01831647	0.17390819	0.87444683	1.89389185
2.91791792	0.00000000	0.00000000	0.00000000	0.00000000	0.00000000	0.00000001	0.00000094	0.00004008	0.00105227	0.01713538	0.16533650	0.84773398	1.88039665
2.92292292	0.00000000	0.00000000	0.00000000	0.00000000	0.00000000	0.00000001	0.00000085	0.00003656	0.00097101	0.01602562	0.15712751	0.82145100	1.86593963
2.92792793	0.00000000	0.00000000	0.00000000	0.00000000	0.00000000	0.00000001	0.00000077	0.00003335	0.00089582	0.01498327	0.14926976	0.79561158	1.85055154
2.93293293	0.00000000	0.00000000	0.00000000	0.00000000	0.00000000	0.00000001	0.00000070	0.00003042	0.00082627	0.01400458	0.14175187	0.77022809	1.83426422
2.93793794	0.00000000	0.00000000	0.00000000	0.00000000	0.00000000	0.00000001	0.00000063	0.00002774	0.00076194	0.01308598	0.13456262	0.74531160	1.81711049
2.94294294	0.00000000	0.00000000	0.00000000	0.00000000	0.00000000	0.00000001	0.00000057	0.00002529	0.00070247	0.01222408	0.12769092	0.72087195	1.79912409
2.94794795	0.00000000	0.00000000	0.00000000	0.00000000	0.00000000	0.00000001	0.00000051	0.00002305	0.00064750	0.01141566	0.12112583	0.69691774	1.78033957
2.95295295	0.00000000	0.00000000	0.00000000	0.00000000	0.00000000	0.00000001	0.00000046	0.00002101	0.00059669	0.01065766	0.11485661	0.67345640	1.76079217
2.95795796	0.00000000	0.00000000	0.00000000	0.00000000	0.00000000	0.00000001	0.00000042	0.00001915	0.00054976	0.00994718	0.10887268	0.65049420	1.74051773
2.96296296	0.00000000	0.00000000	0.00000000	0.00000000	0.00000000	0.00000000	0.00000038	0.00001745	0.00050641	0.00928146	0.10316366	0.62803632	1.71955262
2.96796797	0.00000000	0.00000000	0.00000000	0.00000000	0.00000000	0.00000000	0.00000034	0.00001590	0.00046638	0.00865788	0.09771939	0.60608686	1.69793360
2.97297297	0.00000000	0.00000000	0.00000000	0.00000000	0.00000000	0.00000000	0.00000031	0.00001448	0.00042942	0.00807397	0.09252990	0.58464890	1.67569777
2.97797798	0.00000000	0.00000000	0.00000000	0.00000000	0.00000000	0.00000000	0.00000028	0.00001319	0.00039531	0.00752738	0.08758547	0.56372454	1.65288242
2.98298298	0.00000000	0.00000000	0.00000000	0.00000000	0.00000000	0.00000000	0.00000025	0.00001201	0.00036384	0.00701590	0.08287658	0.54331494	1.62952501
2.98798799	0.00000000	0.00000000	0.00000000	0.00000000	0.00000000	0.00000000	0.00000023	0.00001093	0.00033480	0.00653741	0.07839395	0.52342035	1.60566302
2.99299299	0.00000000	0.00000000	0.00000000	0.00000000	0.00000000	0.00000000	0.00000020	0.00000995	0.00030802	0.00608993	0.07412854	0.50404019	1.58133391
2.99799800	0.00000000	0.00000000	0.00000000	0.00000000	0.00000000	0.00000000	0.00000018	0.00000906	0.00028332	0.00567159	0.07007154	0.48517305	1.55657498
3.00300300	0.00000000	0.00000000	0.00000000	0.00000000	0.00000000	0.00000000	0.00000017	0.00000825	0.00026055	0.00528060	0.06621439	0.46681676	1.53142338
3.00800801	0.00000000	0.00000000	0.00000000	0.00000000	0.00000000	0.00000000	0.00000015	0.00000750	0.00023957	0.00491530	0.06254877	0.44896843	1.50591591
3.01301301	0.00000000	0.00000000	0.00000000	0.00000000	0.00000000	0.00000000	0.00000013	0.00000683	0.00022023	0.00457409	0.05906659	0.43162447	1.48008907
3.01801802	0.00000000	0.00000000	0.00000000	0.00000000	0.00000000	0.00000000	0.00000012	0.00000621	0.00020241	0.00425548	0.05576004	0.41478067	1.45397890
3.02302302	0.00000000	0.00000000	0.00000000	0.00000000	0.00000000	0.00000000	0.00000011	0.00000565	0.00018601	0.00395806	0.05262151	0.39843222	1.42762095
3.02802803	0.00000000	0.00000000	0.00000000	0.00000000	0.00000000	0.00000000	0.00000010	0.00000514	0.00017089	0.00368051	0.04964366	0.38257375	1.40105021
3.03303303	0.00000000	0.00000000	0.00000000	0.00000000	0.00000000	0.00000000	0.00000009	0.00000467	0.00015698	0.00342157	0.04681937	0.36719938	1.37430106
3.03803804	0.00000000	0.00000000	0.00000000	0.00000000	0.00000000	0.00000000	0.00000008	0.00000425	0.00014417	0.00318007	0.04414177	0.35230274	1.34740720
3.04304304	0.00000000	0.00000000	0.00000000	0.00000000	0.00000000	0.00000000	0.00000007	0.00000386	0.00013239	0.00295489	0.04160423	0.33787704	1.32040159
3.04804805	0.00000000	0.00000000	0.00000000	0.00000000	0.00000000	0.00000000	0.00000007	0.00000351	0.00012154	0.00274500	0.03920035	0.32391508	1.29331642
3.05305305	0.00000000	0.00000000	0.00000000	0.00000000	0.00000000	0.00000000	0.00000006	0.00000319	0.00011157	0.00254940	0.03692394	0.31040929	1.26618306
3.05805806	0.00000000	0.00000000	0.00000000	0.00000000	0.00000000	0.00000000	0.00000005	0.00000290	0.00010239	0.00236718	0.03476906	0.29735179	1.23903202
3.06306306	0.00000000	0.00000000	0.00000000	0.00000000	0.00000000	0.00000000	0.00000005	0.00000263	0.00009395	0.00219747	0.03272998	0.28473440	1.21189290
3.06806807	0.00000000	0.00000000	0.00000000	0.00000000	0.00000000	0.00000000	0.00000004	0.00000239	0.00008620	0.00203944	0.03080119	0.27254866	1.18479437
3.07307307	0.00000000	0.00000000	0.00000000	0.00000000	0.00000000	0.00000000	0.00000004	0.00000217	0.00007907	0.00189235	0.02897739	0.26078591	1.15776413
3.07807808	0.00000000	0.00000000	0.00000000	0.00000000	0.00000000	0.00000000	0.00000003	0.00000198	0.00007252	0.00175546	0.02725348	0.24943726	1.13082890
3.08308308	0.00000000	0.00000000	0.00000000	0.00000000	0.00000000	0.00000000	0.00000003	0.00000179	0.00006649	0.00162811	0.02562458	0.23849369	1.10401438
3.08808809	0.00000000	0.00000000	0.00000000	0.00000000	0.00000000	0.00000000	0.00000003	0.00000163	0.00006096	0.00150965	0.02408601	0.22794600	1.07734524
3.09309309	0.00000000	0.00000000	0.00000000	0.00000000	0.00000000	0.00000000	0.00000003	0.00000148	0.00005588	0.00139951	0.02263325	0.21778489	1.05084511
3.09809810	0.00000000	0.00000000	0.00000000	0.00000000	0.00000000	0.00000000	0.00000002	0.00000134	0.00005122	0.00129711	0.02126200	0.20800099	1.02453654
3.10310310	0.00000000	0.00000000	0.00000000	0.00000000	0.00000000	0.00000000	0.00000002	0.00000122	0.00004693	0.00120194	0.01996814	0.19858485	0.99844104
3.10810811	0.00000000	0.00000000	0.00000000	0.00000000	0.00000000	0.00000000	0.00000002	0.00000111	0.00004300	0.00111351	0.01874771	0.18952695	0.97257904
3.11311311	0.00000000	0.00000000	0.00000000	0.00000000	0.00000000	0.00000000	0.00000002	0.00000100	0.00003939	0.00103137	0.01759693	0.18081781	0.94696988
3.11811812	0.00000000	0.00000000	0.00000000	0.00000000	0.00000000	0.00000000	0.00000002	0.00000091	0.00003608	0.00095508	0.01651220	0.17244789	0.92163183
3.12312312	0.00000000	0.00000000	0.00000000	0.00000000	0.00000000	0.00000000	0.00000001	0.00000083	0.00003304	0.00088425	0.01549006	0.16440770	0.89658211
3.12812813	0.00000000	0.00000000	0.00000000	0.00000000	0.00000000	0.00000000	0.00000001	0.00000075	0.00003026	0.00081850	0.01452722	0.15668779	0.87183684
3.13313313	0.00000000	0.00000000	0.00000000	0.00000000	0.00000000	0.00000000	0.00000001	0.00000068	0.00002770	0.00075748	0.01362052	0.14927876	0.84741110
3.13813814	0.00000000	0.00000000	0.00000000	0.00000000	0.00000000	0.00000000	0.00000001	0.00000062	0.00002536	0.00070087	0.01276698	0.14217126	0.82331893
3.14314314	0.00000000	0.00000000	0.00000000	0.00000000	0.00000000	0.00000000	0.00000001	0.00000056	0.00002321	0.00064836	0.01196373	0.13535604	0.79957332
3.14814815	0.00000000	0.00000000	0.00000000	0.00000000	0.00000000	0.00000000	0.00000001	0.00000051	0.00002124	0.00059966	0.01120805	0.12882396	0.77618626
3.15315315	0.00000000	0.00000000	0.00000000	0.00000000	0.00000000	0.00000000	0.00000001	0.00000046	0.00001943	0.00055451	0.01049734	0.12256596	0.75316872
3.15815816	0.00000000	0.00000000	0.00000000	0.00000000	0.00000000	0.00000000	0.00000001	0.00000042	0.00001778	0.00051265	0.00982914	0.11657311	0.73053070
3.16316316	0.00000000	0.00000000	0.00000000	0.00000000	0.00000000	0.00000000	0.00000001	0.00000038	0.00001626	0.00047387	0.00920109	0.11083662	0.70828123
3.16816817	0.00000000	0.00000000	0.00000000	0.00000000	0.00000000	0.00000000	0.00000001	0.00000034	0.00001487	0.00043793	0.00861097	0.10534784	0.68642840
3.17317317	0.00000000	0.00000000	0.00000000	0.00000000	0.00000000	0.00000000	0.00000000	0.00000031	0.00001360	0.00040464	0.00805665	0.10009825	0.66497939
3.17817818	0.00000000	0.00000000	0.00000000	0.00000000	0.00000000	0.00000000	0.00000000	0.00000028	0.00001244	0.00037381	0.00753611	0.09507950	0.64394049
3.18318318	0.00000000	0.00000000	0.00000000	0.00000000	0.00000000	0.00000000	0.00000000	0.00000026	0.00001137	0.00034526	0.00704744	0.09028340	0.62331711
3.18818819	0.00000000	0.00000000	0.00000000	0.00000000	0.00000000	0.00000000	0.00000000	0.00000023	0.00001039	0.00031883	0.00658883	0.08570192	0.60311384
3.19319319	0.00000000	0.00000000	0.00000000	0.00000000	0.00000000	0.00000000	0.00000000	0.00000021	0.00000950	0.00029438	0.00615854	0.08132721	0.58333443
3.19819820	0.00000000	0.00000000	0.00000000	0.00000000	0.00000000	0.00000000	0.00000000	0.00000019	0.00000868	0.00027174	0.00575495	0.07715159	0.56398188
3.20320320	0.00000000	0.00000000	0.00000000	0.00000000	0.00000000	0.00000000	0.00000000	0.00000017	0.00000793	0.00025081	0.00537651	0.07316756	0.54505841
3.20820821	0.00000000	0.00000000	0.00000000	0.00000000	0.00000000	0.00000000	0.00000000	0.00000016	0.00000725	0.00023144	0.00502176	0.06936781	0.52656554
3.21321321	0.00000000	0.00000000	0.00000000	0.00000000	0.00000000	0.00000000	0.00000000	0.00000014	0.00000662	0.00021353	0.00468929	0.06574522	0.50850406
3.21821822	0.00000000	0.00000000	0.00000000	0.00000000	0.00000000	0.00000000	0.00000000	0.00000013	0.00000605	0.00019697	0.00437780	0.06229282	0.49087414
3.22322322	0.00000000	0.00000000	0.00000000	0.00000000	0.00000000	0.00000000	0.00000000	0.00000012	0.00000552	0.00018167	0.00408605	0.05900388	0.47367527
3.22822823	0.00000000	0.00000000	0.00000000	0.00000000	0.00000000	0.00000000	0.00000000	0.00000011	0.00000504	0.00016752	0.00381286	0.05587183	0.45690636
3.23323323	0.00000000	0.00000000	0.00000000	0.00000000	0.00000000	0.00000000	0.00000000	0.00000010	0.00000460	0.00015445	0.00355711	0.05289027	0.44056575
3.23823824	0.00000000	0.00000000	0.00000000	0.00000000	0.00000000	0.00000000	0.00000000	0.00000009	0.00000420	0.00014238	0.00331777	0.05005303	0.42465123
3.24324324	0.00000000	0.00000000	0.00000000	0.00000000	0.00000000	0.00000000	0.00000000	0.00000008	0.00000384	0.00013123	0.00309382	0.04735410	0.40916007
3.24824825	0.00000000	0.00000000	0.00000000	0.00000000	0.00000000	0.00000000	0.00000000	0.00000007	0.00000350	0.00012093	0.00288435	0.04478765	0.39408907
3.25325325	0.00000000	0.00000000	0.00000000	0.00000000	0.00000000	0.00000000	0.00000000	0.00000006	0.00000320	0.00011142	0.00268846	0.04234807	0.37943456
3.25825826	0.00000000	0.00000000	0.00000000	0.00000000	0.00000000	0.00000000	0.00000000	0.00000006	0.00000292	0.00010264	0.00250533	0.04002988	0.36519246
3.26326326	0.00000000	0.00000000	0.00000000	0.00000000	0.00000000	0.00000000	0.00000000	0.00000005	0.00000266	0.00009454	0.00233415	0.03782783	0.35135828
3.26826827	0.00000000	0.00000000	0.00000000	0.00000000	0.00000000	0.00000000	0.00000000	0.00000005	0.00000243	0.00008706	0.00217421	0.03573682	0.33792716
3.27327327	0.00000000	0.00000000	0.00000000	0.00000000	0.00000000	0.00000000	0.00000000	0.00000004	0.00000221	0.00008016	0.00202478	0.03375193	0.32489392
3.27827828	0.00000000	0.00000000	0.00000000	0.00000000	0.00000000	0.00000000	0.00000000	0.00000004	0.00000202	0.00007380	0.00188523	0.03186842	0.31225303
3.28328328	0.00000000	0.00000000	0.00000000	0.00000000	0.00000000	0.00000000	0.00000000	0.00000004	0.00000184	0.00006793	0.00175492	0.03008171	0.29999871
3.28828829	0.00000000	0.00000000	0.00000000	0.00000000	0.00000000	0.00000000	0.00000000	0.00000003	0.00000168	0.00006252	0.00163328	0.02838740	0.28812489
3.29329329	0.00000000	0.00000000	0.00000000	0.00000000	0.00000000	0.00000000	0.00000000	0.00000003	0.00000153	0.00005753	0.00151975	0.02678123	0.27662527
3.29829830	0.00000000	0.00000000	0.00000000	0.00000000	0.00000000	0.00000000	0.00000000	0.00000003	0.00000140	0.00005293	0.00141383	0.02525912	0.26549333
3.30330330	0.00000000	0.00000000	0.00000000	0.00000000	0.00000000	0.00000000	0.00000000	0.00000002	0.00000127	0.00004869	0.00131501	0.02381714	0.25472237
3.30830831	0.00000000	0.00000000	0.00000000	0.00000000	0.00000000	0.00000000	0.00000000	0.00000002	0.00000116	0.00004479	0.00122286	0.02245152	0.24430552
3.31331331	0.00000000	0.00000000	0.00000000	0.00000000	0.00000000	0.00000000	0.00000000	0.00000002	0.00000106	0.00004119	0.00113694	0.02115861	0.23423574
3.31831832	0.00000000	0.00000000	0.00000000	0.00000000	0.00000000	0.00000000	0.00000000	0.00000002	0.00000096	0.00003787	0.00105684	0.01993494	0.22450589
3.32332332	0.00000000	0.00000000	0.00000000	0.00000000	0.00000000	0.00000000	0.00000000	0.00000002	0.00000088	0.00003482	0.00098219	0.01877717	0.21510871
3.32832833	0.00000000	0.00000000	0.00000000	0.00000000	0.00000000	0.00000000	0.00000000	0.00000001	0.00000080	0.00003201	0.00091264	0.01768207	0.20603685
3.33333333	0.00000000	0.00000000	0.00000000	0.00000000	0.00000000	0.00000000	0.00000000	0.00000001	0.00000073	0.00002942	0.00084785	0.01664659	0.19728289
3.33833834	0.00000000	0.00000000	0.00000000	0.00000000	0.00000000	0.00000000	0.00000000	0.00000001	0.00000066	0.00002704	0.00078750	0.01566777	0.18883938
3.34334334	0.00000000	0.00000000	0.00000000	0.00000000	0.00000000	0.00000000	0.00000000	0.00000001	0.00000061	0.00002484	0.00073132	0.01474278	0.18069879
3.34834835	0.00000000	0.00000000	0.00000000	0.00000000	0.00000000	0.00000000	0.00000000	0.00000001	0.00000055	0.00002282	0.00067901	0.01386895	0.17285360
3.35335335	0.00000000	0.00000000	0.00000000	0.00000000	0.00000000	0.00000000	0.00000000	0.00000001	0.00000050	0.00002097	0.00063033	0.01304367	0.16529628
3.35835836	0.00000000	0.00000000	0.00000000	0.00000000	0.00000000	0.00000000	0.00000000	0.00000001	0.00000046	0.00001926	0.00058502	0.01226448	0.15801930
3.36336336	0.00000000	0.00000000	0.00000000	0.00000000	0.00000000	0.00000000	0.00000000	0.00000001	0.00000042	0.00001769	0.00054288	0.01152902	0.15101515
3.36836837	0.00000000	0.00000000	0.00000000	0.00000000	0.00000000	0.00000000	0.00000000	0.00000001	0.00000038	0.00001624	0.00050368	0.01083504	0.14427636
3.37337337	0.00000000	0.00000000	0.00000000	0.00000000	0.00000000	0.00000000	0.00000000	0.00000001	0.00000035	0.00001491	0.00046722	0.01018038	0.13779550
3.37837838	0.00000000	0.00000000	0.00000000	0.00000000	0.00000000	0.00000000	0.00000000	0.00000001	0.00000031	0.00001369	0.00043333	0.00956300	0.13156520
3.38338338	0.00000000	0.00000000	0.00000000	0.00000000	0.00000000	0.00000000	0.00000000	0.00000000	0.00000029	0.00001256	0.00040182	0.00898093	0.12557814
3.38838839	0.00000000	0.00000000	0.00000000	0.00000000	0.00000000	0.00000000	0.00000000	0.00000000	0.00000026	0.00001153	0.00037254	0.00843231	0.11982709
3.39339339	0.00000000	0.00000000	0.00000000	0.00000000	0.00000000	0.00000000	0.00000000	0.00000000	0.00000024	0.00001058	0.00034533	0.00791536	0.11430490
3.39839840	0.00000000	0.00000000	0.00000000	0.00000000	0.00000000	0.00000000	0.00000000	0.00000000	0.00000022	0.00000971	0.00032006	0.00742839	0.10900450
3.40340340	0.00000000	0.00000000	0.00000000	0.00000000	0.00000000	0.00000000	0.00000000	0.00000000	0.00000020	0.00000891	0.00029658	0.00696977	0.10391892
3.40840841	0.00000000	0.00000000	0.00000000	0.00000000	0.00000000	0.00000000	0.00000000	0.00000000	0.00000018	0.00000817	0.00027478	0.00653798	0.09904132
3.41341341	0.00000000	0.00000000	0.00000000	0.00000000	0.00000000	0.00000000	0.00000000	0.00000000	0.00000016	0.00000750	0.00025454	0.00613156	0.09436492
3.41841842	0.00000000	0.00000000	0.00000000	0.00000000	0.00000000	0.00000000	0.00000000	0.00000000	0.00000015	0.00000687	0.00023575	0.00574911	0.08988311
3.42342342	0.00000000	0.00000000	0.00000000	0.00000000	0.00000000	0.00000000	0.00000000	0.00000000	0.00000013	0.00000630	0.00021831	0.00538932	0.08558935
3.42842843	0.00000000	0.00000000	0.00000000	0.00000000	0.00000000	0.00000000	0.00000000	0.00000000	0.00000012	0.00000578	0.00020213	0.00505093	0.08147726
3.43343343	0.00000000	0.00000000	0.00000000	0.00000000	0.00000000	0.00000000	0.00000000	0.00000000	0.00000011	0.00000530	0.00018711	0.00473275	0.07754058
3.43843844	0.00000000	0.00000000	0.00000000	0.00000000	0.00000000	0.00000000	0.00000000	0.00000000	0.00000010	0.00000486	0.00017319	0.00443365	0.07377317
3.44344344	0.00000000	0.00000000	0.00000000	0.00000000	0.00000000	0.00000000	0.00000000	0.00000000	0.00000009	0.00000445	0.00016027	0.00415256	0.07016902
3.44844845	0.00000000	0.00000000	0.00000000	0.00000000	0.00000000	0.00000000	0.00000000	0.00000000	0.00000008	0.00000408	0.00014830	0.00388846	0.06672228
3.45345345	0.00000000	0.00000000	0.00000000	0.00000000	0.00000000	0.00000000	0.00000000	0.00000000	0.00000008	0.00000374	0.00013720	0.00364038	0.06342722
3.45845846	0.00000000	0.00000000	0.00000000	0.00000000	0.00000000	0.00000000	0.00000000	0.00000000	0.00000007	0.00000343	0.00012691	0.00340742	0.06027824
3.46346346	0.00000000	0.00000000	0.00000000	0.00000000	0.00000000	0.00000000	0.00000000	0.00000000	0.00000006	0.00000314	0.00011737	0.00318870	0.05726991
3.46846847	0.00000000	0.00000000	0.00000000	0.00000000	0.00000000	0.00000000	0.00000000	0.00000000	0.00000006	0.00000288	0.00010853	0.00298339	0.05439690
3.47347347	0.00000000	0.00000000	0.00000000	0.00000000	0.00000000	0.00000000	0.00000000	0.00000000	0.00000005	0.00000263	0.00010035	0.00279074	0.05165407
3.47847848	0.00000000	0.00000000	0.00000000	0.00000000	0.00000000	0.00000000	0.00000000	0.00000000	0.00000005	0.00000241	0.00009276	0.00260999	0.04903637
3.48348348	0.00000000	0.00000000	0.00000000	0.00000000	0.00000000	0.00000000	0.00000000	0.00000000	0.00000004	0.00000221	0.00008574	0.00244046	0.04653893
3.48848849	0.00000000	0.00000000	0.00000000	0.00000000	0.00000000	0.00000000	0.00000000	0.00000000	0.00000004	0.00000202	0.00007924	0.00228148	0.04415700
3.49349349	0.00000000	0.00000000	0.00000000	0.00000000	0.00000000	0.00000000	0.00000000	0.00000000	0.00000004	0.00000185	0.00007322	0.00213243	0.04188596
3.49849850	0.00000000	0.00000000	0.00000000	0.00000000	0.00000000	0.00000000	0.00000000	0.00000000	0.00000003	0.00000170	0.00006765	0.00199273	0.03972137
3.50350350	0.00000000	0.00000000	0.00000000	0.00000000	0.00000000	0.00000000	0.00000000	0.00000000	0.00000003	0.00000155	0.00006249	0.00186181	0.03765888
3.50850851	0.00000000	0.00000000	0.00000000	0.00000000	0.00000000	0.00000000	0.00000000	0.00000000	0.00000003	0.00000142	0.00005772	0.00173916	0.03569429
3.51351351	0.00000000	0.00000000	0.00000000	0.00000000	0.00000000	0.00000000	0.00000000	0.00000000	0.00000002	0.00000130	0.00005330	0.00162428	0.03382356
3.51851852	0.00000000	0.00000000	0.00000000	0.00000000	0.00000000	0.00000000	0.00000000	0.00000000	0.00000002	0.00000119	0.00004922	0.00151669	0.03204274
3.52352352	0.00000000	0.00000000	0.00000000	0.00000000	0.00000000	0.00000000	0.00000000	0.00000000	0.00000002	0.00000109	0.00004544	0.00141596	0.03034803
3.52852853	0.00000000	0.00000000	0.00000000	0.00000000	0.00000000	0.00000000	0.00000000	0.00000000	0.00000002	0.00000100	0.00004195	0.00132167	0.02873577
3.53353353	0.00000000	0.00000000	0.00000000	0.00000000	0.00000000	0.00000000	0.00000000	0.00000000	0.00000002	0.00000091	0.00003872	0.00123344	0.02720240
3.53853854	0.00000000	0.00000000	0.00000000	0.00000000	0.00000000	0.00000000	0.00000000	0.00000000	0.00000001	0.00000083	0.00003573	0.00115088	0.02574450
3.54354354	0.00000000	0.00000000	0.00000000	0.00000000	0.00000000	0.00000000	0.00000000	0.00000000	0.00000001	0.00000076	0.00003297	0.00107364	0.02435878
3.54854855	0.00000000	0.00000000	0.00000000	0.00000000	0.00000000	0.00000000	0.00000000	0.00000000	0.00000001	0.00000070	0.00003042	0.00100141	0.02304204
3.55355355	0.00000000	0.00000000	0.00000000	0.00000000	0.00000000	0.00000000	0.00000000	0.00000000	0.00000001	0.00000064	0.00002806	0.00093387	0.02179122
3.55855856	0.00000000	0.00000000	0.00000000	0.00000000	0.00000000	0.00000000	0.00000000	0.00000000	0.00000001	0.00000058	0.00002589	0.00087073	0.02060336
3.56356356	0.00000000	0.00000000	0.00000000	0.00000000	0.00000000	0.00000000	0.00000000	0.00000000	0.00000001	0.00000053	0.00002387	0.00081172	0.01947561
3.56856857	0.00000000	0.00000000	0.00000000	0.00000000	0.00000000	0.00000000	0.00000000	0.00000000	0.00000001	0.00000049	0.00002201	0.00075657	0.01840525
3.57357357	0.00000000	0.00000000	0.00000000	0.00000000	0.00000000	0.00000000	0.00000000	0.00000000	0.00000001	0.00000045	0.00002030	0.00070504	0.01738963
3.57857858	0.00000000	0.00000000	0.00000000	0.00000000	0.00000000	0.00000000	0.00000000	0.00000000	0.00000001	0.00000041	0.00001871	0.00065691	0.01642622
3.58358358	0.00000000	0.00000000	0.00000000	0.00000000	0.00000000	0.00000000	0.00000000	0.00000000	0.00000001	0.00000037	0.00001725	0.00061196	0.01551261
3.58858859	0.00000000	0.00000000	0.00000000	0.00000000	0.00000000	0.00000000	0.00000000	0.00000000	0.00000001	0.00000034	0.00001590	0.00056999	0.01464644
3.59359359	0.00000000	0.00000000	0.00000000	0.00000000	0.00000000	0.00000000	0.00000000	0.00000000	0.00000001	0.00000031	0.00001465	0.00053081	0.01382549
3.59859860	0.00000000	0.00000000	0.00000000	0.00000000	0.00000000	0.00000000	0.00000000	0.00000000	0.00000000	0.00000028	0.00001350	0.00049424	0.01304760
3.60360360	0.00000000	0.00000000	0.00000000	0.00000000	0.00000000	0.00000000	0.00000000	0.00000000	0.00000000	0.00000026	0.00001244	0.00046011	0.01231070
3.60860861	0.00000000	0.00000000	0.00000000	0.00000000	0.00000000	0.00000000	0.00000000	0.00000000	0.00000000	0.00000024	0.00001146	0.00042827	0.01161284
3.61361361	0.00000000	0.00000000	0.00000000	0.00000000	0.00000000	0.00000000	0.00000000	0.00000000	0.00000000	0.00000022	0.00001056	0.00039856	0.01095211
3.61861862	0.00000000	0.00000000	0.00000000	0.00000000	0.00000000	0.00000000	0.00000000	0.00000000	0.00000000	0.00000020	0.00000973	0.00037086	0.01032670
3.62362362	0.00000000	0.00000000	0.00000000	0.00000000	0.00000000	0.00000000	0.00000000	0.00000000	0.00000000	0.00000018	0.00000896	0.00034503	0.00973488
3.62862863	0.00000000	0.00000000	0.00000000	0.00000000	0.00000000	0.00000000	0.00000000	0.00000000	0.00000000	0.00000017	0.00000825	0.00032094	0.00917499
3.63363363	0.00000000	0.00000000	0.00000000	0.00000000	0.00000000	0.00000000	0.00000000	0.00000000	0.00000000	0.00000015	0.00000759	0.00029849	0.00864544
3.63863864	0.00000000	0.00000000	0.00000000	0.00000000	0.00000000	0.00000000	0.00000000	0.00000000	0.00000000	0.00000014	0.00000699	0.00027757	0.00814472
3.64364364	0.00000000	0.00000000	0.00000000	0.00000000	0.00000000	0.00000000	0.00000000	0.00000000	0.00000000	0.00000013	0.00000644	0.00025807	0.00767137
3.64864865	0.00000000	0.00000000	0.00000000	0.00000000	0.00000000	0.00000000	0.00000000	0.00000000	0.00000000	0.00000012	0.00000592	0.00023991	0.00722400
3.65365365	0.00000000	0.00000000	0.00000000	0.00000000	0.00000000	0.00000000	0.00000000	0.00000000	0.00000000	0.00000011	0.00000545	0.00022299	0.00680131
3.65865866	0.00000000	0.00000000	0.00000000	0.00000000	0.00000000	0.00000000	0.00000000	0.00000000	0.00000000	0.00000010	0.00000502	0.00020723	0.00640202
3.66366366	0.00000000	0.00000000	0.00000000	0.00000000	0.00000000	0.00000000	0.00000000	0.00000000	0.00000000	0.00000009	0.00000462	0.00019255	0.00602493
3.66866867	0.00000000	0.00000000	0.00000000	0.00000000	0.00000000	0.00000000	0.00000000	0.00000000	0.00000000	0.00000008	0.00000425	0.00017889	0.00566889
3.67367367	0.00000000	0.00000000	0.00000000	0.00000000	0.00000000	0.00000000	0.00000000	0.00000000	0.00000000	0.00000007	0.00000391	0.00016618	0.00533281
3.67867868	0.00000000	0.00000000	0.00000000	0.00000000	0.00000000	0.00000000	0.00000000	0.00000000	0.00000000	0.00000007	0.00000359	0.00015434	0.00501564
3.68368368	0.00000000	0.00000000	0.00000000	0.00000000	0.00000000	0.00000000	0.00000000	0.00000000	0.00000000	0.00000006	0.00000331	0.00014333	0.00471639
3.68868869	0.00000000	0.00000000	0.00000000	0.00000000	0.00000000	0.00000000	0.00000000	0.00000000	0.00000000	0.00000006	0.00000304	0.00013308	0.00443412
3.69369369	0.00000000	0.00000000	0.00000000	0.00000000	0.00000000	0.00000000	0.00000000	0.00000000	0.00000000	0.00000005	0.00000280	0.00012355	0.00416792
3.69869870	0.00000000	0.00000000	0.00000000	0.00000000	0.00000000	0.00000000	0.00000000	0.00000000	0.00000000	0.00000005	0.00000257	0.00011469	0.00391694
3.70370370	0.00000000	0.00000000	0.00000000	0.00000000	0.00000000	0.00000000	0.00000000	0.00000000	0.00000000	0.00000004	0.00000236	0.00010644	0.00368035
3.70870871	0.00000000	0.00000000	0.00000000	0.00000000	0.00000000	0.00000000	0.00000000	0.00000000	0.00000000	0.00000004	0.00000217	0.00009878	0.00345739
3.71371371	0.00000000	0.00000000	0.00000000	0.00000000	0.00000000	0.00000000	0.00000000	0.00000000	0.00000000	0.00000004	0.00000200	0.00009165	0.00324731
3.71871872	0.00000000	0.00000000	0.00000000	0.00000000	0.00000000	0.00000000	0.00000000	0.00000000	0.00000000	0.00000003	0.00000184	0.00008503	0.00304942
3.72372372	0.00000000	0.00000000	0.00000000	0.00000000	0.00000000	0.00000000	0.00000000	0.00000000	0.00000000	0.00000003	0.00000169	0.00007887	0.00286305
3.72872873	0.00000000	0.00000000	0.00000000	0.00000000	0.00000000	0.00000000	0.00000000	0.00000000	0.00000000	0.00000003	0.00000155	0.00007315	0.00268756
3.73373373	0.00000000	0.00000000	0.00000000	0.00000000	0.00000000	0.00000000	0.00000000	0.00000000	0.00000000	0.00000002	0.00000143	0.00006784	0.00252237
3.73873874	0.00000000	0.00000000	0.00000000	0.00000000	0.00000000	0.00000000	0.00000000	0.00000000	0.00000000	0.00000002	0.00000131	0.00006290	0.00236689
3.74374374	0.00000000	0.00000000	0.00000000	0.00000000	0.00000000	0.00000000	0.00000000	0.00000000	0.00000000	0.00000002	0.00000120	0.00005832	0.00222059
3.74874875	0.00000000	0.00000000	0.00000000	0.00000000	0.00000000	0.00000000	0.00000000	0.00000000	0.00000000	0.00000002	0.00000111	0.00005406	0.00208295
3.75375375	0.00000000	0.00000000	0.00000000	0.00000000	0.00000000	0.00000000	0.00000000	0.00000000	0.00000000	0.00000002	0.00000102	0.00005011	0.00195350
3.75875876	0.00000000	0.00000000	0.00000000	0.00000000	0.00000000	0.00000000	0.00000000	0.00000000	0.00000000	0.00000002	0.00000093	0.00004644	0.00183176
3.76376376	0.00000000	0.00000000	0.00000000	0.00000000	0.00000000	0.00000000	0.00000000	0.00000000	0.00000000	0.00000001	0.00000086	0.00004303	0.00171730
3.76876877	0.00000000	0.00000000	0.00000000	0.00000000	0.00000000	0.00000000	0.00000000	0.00000000	0.00000000	0.00000001	0.00000079	0.00003987	0.00160971
3.77377377	0.00000000	0.00000000	0.00000000	0.00000000	0.00000000	0.00000000	0.00000000	0.00000000	0.00000000	0.00000001	0.00000072	0.00003694	0.00150860
3.77877878	0.00000000	0.00000000	0.00000000	0.00000000	0.00000000	0.00000000	0.00000000	0.00000000	0.00000000	0.00000001	0.00000066	0.00003421	0.00141359
3.78378378	0.00000000	0.00000000	0.00000000	0.00000000	0.00000000	0.00000000	0.00000000	0.00000000	0.00000000	0.00000001	0.00000061	0.00003169	0.00132434
3.78878879	0.00000000	0.00000000	0.00000000	0.00000000	0.00000000	0.00000000	0.00000000	0.00000000	0.00000000	0.00000001	0.00000056	0.00002935	0.00124051
3.79379379	0.00000000	0.00000000	0.00000000	0.00000000	0.00000000	0.00000000	0.00000000	0.00000000	0.00000000	0.00000001	0.00000051	0.00002717	0.00116179
3.79879880	0.00000000	0.00000000	0.00000000	0.00000000	0.00000000	0.00000000	0.00000000	0.00000000	0.00000000	0.00000001	0.00000047	0.00002516	0.00108789
3.80380380	0.00000000	0.00000000	0.00000000	0.00000000	0.00000000	0.00000000	0.00000000	0.00000000	0.00000000	0.00000001	0.00000043	0.00002329	0.00101851
3.80880881	0.00000000	0.00000000	0.00000000	0.00000000	0.00000000	0.00000000	0.00000000	0.00000000	0.00000000	0.00000001	0.00000040	0.00002156	0.00095340
3.81381381	0.00000000	0.00000000	0.00000000	0.00000000	0.00000000	0.00000000	0.00000000	0.00000000	0.00000000	0.00000001	0.00000036	0.00001995	0.00089231
3.81881882	0.00000000	0.00000000	0.00000000	0.00000000	0.00000000	0.00000000	0.00000000	0.00000000	0.00000000	0.00000001	0.00000033	0.00001847	0.00083499
3.82382382	0.00000000	0.00000000	0.00000000	0.00000000	0.00000000	0.00000000	0.00000000	0.00000000	0.00000000	0.00000000	0.00000031	0.00001709	0.00078123
3.82882883	0.00000000	0.00000000	0.00000000	0.00000000	0.00000000	0.00000000	0.00000000	0.00000000	0.00000000	0.00000000	0.00000028	0.00001581	0.00073081
3.83383383	0.00000000	0.00000000	0.00000000	0.00000000	0.00000000	0.00000000	0.00000000	0.00000000	0.00000000	0.00000000	0.00000026	0.00001462	0.00068354
3.83883884	0.00000000	0.00000000	0.00000000	0.00000000	0.00000000	0.00000000	0.00000000	0.00000000	0.00000000	0.00000000	0.00000024	0.00001353	0.00063923
3.84384384	0.00000000	0.00000000	0.00000000	0.00000000	0.00000000	0.00000000	0.00000000	0.00000000	0.00000000	0.00000000	0.00000022	0.00001251	0.00059769
3.84884885	0.00000000	0.00000000	0.00000000	0.00000000	0.00000000	0.00000000	0.00000000	0.00000000	0.00000000	0.00000000	0.00000020	0.00001157	0.00055876
3.85385385	0.00000000	0.00000000	0.00000000	0.00000000	0.00000000	0.00000000	0.00000000	0.00000000	0.00000000	0.00000000	0.00000018	0.00001070	0.00052229
3.85885886	0.00000000	0.00000000	0.00000000	0.00000000	0.00000000	0.00000000	0.00000000	0.00000000	0.00000000	0.00000000	0.00000017	0.00000989	0.00048813
3.86386386	0.00000000	0.00000000	0.00000000	0.00000000	0.00000000	0.00000000	0.00000000	0.00000000	0.00000000	0.00000000	0.00000015	0.00000915	0.00045613
3.86886887	0.00000000	0.00000000	0.00000000	0.00000000	0.00000000	0.00000000	0.00000000	0.00000000	0.00000000	0.00000000	0.00000014	0.00000846	0.00042616
3.87387387	0.00000000	0.00000000	0.00000000	0.00000000	0.00000000	0.00000000	0.00000000	0.00000000	0.00000000	0.00000000	0.00000013	0.00000782	0.00039811
3.87887888	0.00000000	0.00000000	0.00000000	0.00000000	0.00000000	0.00000000	0.00000000	0.00000000	0.00000000	0.00000000	0.00000012	0.00000722	0.00037184
3.88388388	0.00000000	0.00000000	0.00000000	0.00000000	0.00000000	0.00000000	0.00000000	0.00000000	0.00000000	0.00000000	0.00000011	0.00000668	0.00034726
3.88888889	0.00000000	0.00000000	0.00000000	0.00000000	0.00000000	0.00000000	0.00000000	0.00000000	0.00000000	0.00000000	0.00000010	0.00000617	0.00032425
3.89389389	0.00000000	0.00000000	0.00000000	0.00000000	0.00000000	0.00000000	0.00000000	0.00000000	0.00000000	0.00000000	0.00000009	0.00000570	0.00030273
3.89889890	0.00000000	0.00000000	0.00000000	0.00000000	0.00000000	0.00000000	0.00000000	0.00000000	0.00000000	0.00000000	0.00000008	0.00000527	0.00028259
3.90390390	0.00000000	0.00000000	0.00000000	0.00000000	0.00000000	0.00000000	0.00000000	0.00000000	0.00000000	0.00000000	0.00000008	0.00000486	0.00026375
3.90890891	0.00000000	0.00000000	0.00000000	0.00000000	0.00000000	0.00000000	0.00000000	0.00000000	0.00000000	0.00000000	0.00000007	0.00000449	0.00024614
3.91391391	0.00000000	0.00000000	0.00000000	0.00000000	0.00000000	0.00000000	0.00000000	0.00000000	0.00000000	0.00000000	0.00000006	0.00000415	0.00022967
3.91891892	0.00000000	0.00000000	0.00000000	0.00000000	0.00000000	0.00000000	0.00000000	0.00000000	0.00000000	0.00000000	0.00000006	0.00000383	0.00021427
3.92392392	0.00000000	0.00000000	0.00000000	0.00000000	0.00000000	0.00000000	0.00000000	0.00000000	0.00000000	0.00000000	0.00000005	0.00000354	0.00019987
3.92892893	0.00000000	0.00000000	0.00000000	0.00000000	0.00000000	0.00000000	0.00000000	0.00000000	0.00000000	0.00000000	0.00000005	0.00000327	0.00018642
3.93393393	0.00000000	0.00000000	0.00000000	0.00000000	0.00000000	0.00000000	0.00000000	0.00000000	0.00000000	0.00000000	0.00000005	0.00000302	0.00017385
3.93893894	0.00000000	0.00000000	0.00000000	0.00000000	0.00000000	0.00000000	0.00000000	0.00000000	0.00000000	0.00000000	0.00000004	0.00000278	0.00016211
3.94394394	0.00000000	0.00000000	0.00000000	0.00000000	0.00000000	0.00000000	0.00000000	0.00000000	0.00000000	0.00000000	0.00000004	0.00000257	0.00015113
3.94894895	0.00000000	0.00000000	0.00000000	0.00000000	0.00000000	0.00000000	0.00000000	0.00000000	0.00000000	0.00000000	0.00000003	0.00000237	0.00014089
3.95395395	0.00000000	0.00000000	0.00000000	0.00000000	0.00000000	0.00000000	0.00000000	0.00000000	0.00000000	0.00000000	0.00000003	0.00000219	0.00013131
3.95895896	0.00000000	0.00000000	0.00000000	0.00000000	0.00000000	0.00000000	0.00000000	0.00000000	0.00000000	0.00000000	0.00000003	0.00000202	0.00012238
3.96396396	0.00000000	0.00000000	0.00000000	0.00000000	0.00000000	0.00000000	0.00000000	0.00000000	0.00000000	0.00000000	0.00000003	0.00000186	0.00011404
3.96896897	0.00000000	0.00000000	0.00000000	0.00000000	0.00000000	0.00000000	0.00000000	0.00000000	0.00000000	0.00000000	0.00000002	0.00000172	0.00010625
3.97397397	0.00000000	0.00000000	0.00000000	0.00000000	0.00000000	0.00000000	0.00000000	0.00000000	0.00000000	0.00000000	0.00000002	0.00000159	0.00009898
3.97897898	0.00000000	0.00000000	0.00000000	0.00000000	0.00000000	0.00000000	0.00000000	0.00000000	0.00000000	0.00000000	0.00000002	0.00000146	0.00009220
3.98398398	0.00000000	0.00000000	0.00000000	0.00000000	0.00000000	0.00000000	0.00000000	0.00000000	0.00000000	0.00000000	0.00000002	0.00000135	0.00008587
3.98898899	0.00000000	0.00000000	0.00000000	0.00000000	0.00000000	0.00000000	0.00000000	0.00000000	0.00000000	0.00000000	0.00000002	0.00000125	0.00007996
3.99399399	0.00000000	0.00000000	0.00000000	0.00000000	0.00000000	0.00000000	0.00000000	0.00000000	0.00000000	0.00000000	0.00000002	0.00000115	0.00007445
3.99899900	0.00000000	0.00000000	0.00000000	0.00000000	0.00000000	0.00000000	0.00000000	0.00000000	0.00000000	0.00000000	0.00000001	0.00000106	0.00006932
4.00400400	0.00000000	0.00000000	0.00000000	0.00000000	0.00000000	0.00000000	0.00000000	0.00000000	0.00000000	0.00000000	0.00000001	0.00000098	0.00006453
4.00900901	0.00000000	0.00000000	0.00000000	0.00000000	0.00000000	0.00000000	0.00000000	0.00000000	0.00000000	0.00000000	0.00000001	0.00000090	0.00006006
4.01401401	0.00000000	0.00000000	0.00000000	0.00000000	0.00000000	0.00000000	0.00000000	0.00000000	0.00000000	0.00000000	0.00000001	0.00000083	0.00005590
4.01901902	0.00000000	0.00000000	0.00000000	0.00000000	0.00000000	0.00000000	0.00000000	0.00000000	0.00000000	0.00000000	0.00000001	0.00000077	0.00005201
4.02402402	0.00000000	0.00000000	0.00000000	0.00000000	0.00000000	0.00000000	0.00000000	0.00000000	0.00000000	0.00000000	0.00000001	0.00000071	0.00004840
4.02902903	0.00000000	0.00000000	0.00000000	0.00000000	0.00000000	0.00000000	0.00000000	0.00000000	0.00000000	0.00000000	0.00000001	0.00000065	0.00004503
4.03403403	0.00000000	0.00000000	0.00000000	0.00000000	0.00000000	0.00000000	0.00000000	0.00000000	0.00000000	0.00000000	0.00000001	0.00000060	0.00004188
4.03903904	0.00000000	0.00000000	0.00000000	0.00000000	0.00000000	0.00000000	0.00000000	0.00000000	0.00000000	0.00000000	0.00000001	0.00000055	0.00003896
4.04404404	0.00000000	0.00000000	0.00000000	0.00000000	0.00000000	0.00000000	0.00000000	0.00000000	0.00000000	0.00000000	0.00000001	0.00000051	0.00003623
4.04904905	0.00000000	0.00000000	0.00000000	0.00000000	0.00000000	0.00000000	0.00000000	0.00000000	0.00000000	0.00000000	0.00000001	0.00000047	0.00003369
4.05405405	0.00000000	0.00000000	0.00000000	0.00000000	0.00000000	0.00000000	0.00000000	0.00000000	0.00000000	0.00000000	0.00000001	0.00000043	0.00003133
4.05905906	0.00000000	0.00000000	0.00000000	0.00000000	0.00000000	0.00000000	0.00000000	0.00000000	0.00000000	0.00000000	0.00000001	0.00000040	0.00002913
4.06406406	0.00000000	0.00000000	0.00000000	0.00000000	0.00000000	0.00000000	0.00000000	0.00000000	0.00000000	0.00000000	0.00000000	0.00000037	0.00002707
4.06906907	0.00000000	0.00000000	0.00000000	0.00000000	0.00000000	0.00000000	0.00000000	0.00000000	0.00000000	0.00000000	0.00000000	0.00000034	0.00002517
4.07407407	0.00000000	0.00000000	0.00000000	0.00000000	0.00000000	0.00000000	0.00000000	0.00000000	0.00000000	0.00000000	0.00000000	0.00000031	0.00002339
4.07907908	0.00000000	0.00000000	0.00000000	0.00000000	0.00000000	0.00000000	0.00000000	0.00000000	0.00000000	0.00000000	0.00000000	0.00000029	0.00002174
4.08408408	0.00000000	0.00000000	0.00000000	0.00000000	0.00000000	0.00000000	0.00000000	0.00000000	0.00000000	0.00000000	0.00000000	0.00000026	0.00002020
4.08908909	0.00000000	0.00000000	0.00000000	0.00000000	0.00000000	0.00000000	0.00000000	0.00000000	0.00000000	0.00000000	0.00000000	0.00000024	0.00001877
4.09409409	0.00000000	0.00000000	0.00000000	0.00000000	0.00000000	0.00000000	0.00000000	0.00000000	0.00000000	0.00000000	0.00000000	0.00000022	0.00001743
4.09909910	0.00000000	0.00000000	0.00000000	0.00000000	0.00000000	0.00000000	0.00000000	0.00000000	0.00000000	0.00000000	0.00000000	0.00000021	0.00001619
4.10410410	0.00000000	0.00000000	0.00000000	0.00000000	0.00000000	0.00000000	0.00000000	0.00000000	0.00000000	0.00000000	0.00000000	0.00000019	0.00001504
4.10910911	0.00000000	0.00000000	0.00000000	0.00000000	0.00000000	0.00000000	0.00000000	0.00000000	0.00000000	0.00000000	0.00000000	0.00000018	0.00001397
4.11411411	0.00000000	0.00000000	0.00000000	0.00000000	0.00000000	0.00000000	0.00000000	0.00000000	0.00000000	0.00000000	0.00000000	0.00000016	0.00001297
4.11911912	0.00000000	0.00000000	0.00000000	0.00000000	0.00000000	0.00000000	0.00000000	0.00000000	0.00000000	0.00000000	0.00000000	0.00000015	0.00001205
4.12412412	0.00000000	0.00000000	0.00000000	0.00000000	0.00000000	0.00000000	0.00000000	0.00000000	0.00000000	0.00000000	0.00000000	0.00000014	0.00001118
4.12912913	0.00000000	0.00000000	0.00000000	0.00000000	0.00000000	0.00000000	0.00000000	0.00000000	0.00000000	0.00000000	0.00000000	0.00000013	0.00001038
4.13413413	0.00000000	0.00000000	0.00000000	0.00000000	0.00000000	0.00000000	0.00000000	0.00000000	0.00000000	0.00000000	0.00000000	0.00000012	0.00000964
4.13913914	0.00000000	0.00000000	0.00000000	0.00000000	0.00000000	0.00000000	0.00000000	0.00000000	0.00000000	0.00000000	0.00000000	0.00000011	0.00000894
4.14414414	0.00000000	0.00000000	0.00000000	0.00000000	0.00000000	0.00000000	0.00000000	0.00000000	0.00000000	0.00000000	0.00000000	0.00000010	0.00000830
4.14914915	0.00000000	0.00000000	0.00000000	0.00000000	0.00000000	0.00000000	0.00000000	0.00000000	0.00000000	0.00000000	0.00000000	0.00000009	0.00000770
4.15415415	0.00000000	0.00000000	0.00000000	0.00000000	0.00000000	0.00000000	0.00000000	0.00000000	0.00000000	0.00000000	0.00000000	0.00000008	0.00000715
4.15915916	0.00000000	0.00000000	0.00000000	0.00000000	0.00000000	0.00000000	0.00000000	0.00000000	0.00000000	0.00000000	0.00000000	0.00000008	0.00000663
4.16416416	0.00000000	0.00000000	0.00000000	0.00000000	0.00000000	0.00000000	0.00000000	0.00000000	0.00000000	0.00000000	0.00000000	0.00000007	0.00000615
4.16916917	0.00000000	0.00000000	0.00000000	0.00000000	0.00000000	0.00000000	0.00000000	0.00000000	0.00000000	0.00000000	0.00000000	0.00000006	0.00000571
4.17417417	0.00000000	0.00000000	0.00000000	0.00000000	0.00000000	0.00000000	0.00000000	0.00000000	0.00000000	0.00000000	0.00000000	0.00000006	0.00000529
4.17917918	0.00000000	0.00000000	0.00000000	0.00000000	0.00000000	0.00000000	0.00000000	0.00000000	0.00000000	0.00000000	0.00000000	0.00000005	0.00000491
4.18418418	0.00000000	0.00000000	0.00000000	0.00000000	0.00000000	0.00000000	0.00000000	0.00000000	0.00000000	0.00000000	0.00000000	0.00000005	0.00000455
4.18918919	0.00000000	0.00000000	0.00000000	0.00000000	0.00000000	0.00000000	0.00000000	0.00000000	0.00000000	0.00000000	0.00000000	0.00000005	0.00000422
4.19419419	0.00000000	0.00000000	0.00000000	0.00000000	0.00000000	0.00000000	0.00000000	0.00000000	0.00000000	0.00000000	0.00000000	0.00000004	0.00000392
4.19919920	0.00000000	0.00000000	0.00000000	0.00000000	0.00000000	0.00000000	0.00000000	0.00000000	0.00000000	0.00000000	0.00000000	0.00000004	0.00000363
4.20420420	0.00000000	0.00000000	0.00000000	0.00000000	0.00000000	0.00000000	0.00000000	0.00000000	0.00000000	0.00000000	0.00000000	0.00000004	0.00000337
4.20920921	0.00000000	0.00000000	0.00000000	0.00000000	0.00000000	0.00000000	0.00000000	0.00000000	0.00000000	0.00000000	0.00000000	0.00000003	0.00000312
4.21421421	0.00000000	0.00000000	0.00000000	0.00000000	0.00000000	0.00000000	0.00000000	0.00000000	0.00000000	0.00000000	0.00000000	0.00000003	0.00000289
4.21921922	0.00000000	0.00000000	0.00000000	0.00000000	0.00000000	0.00000000	0.00000000	0.00000000	0.00000000	0.00000000	0.00000000	0.00000003	0.00000268
4.22422422	0.00000000	0.00000000	0.00000000	0.00000000	0.00000000	0.00000000	0.00000000	0.00000000	0.00000000	0.00000000	0.00000000	0.00000003	0.00000248
4.22922923	0.00000000	0.00000000	0.00000000	0.00000000	0.00000000	0.00000000	0.00000000	0.00000000	0.00000000	0.00000000	0.00000000	0.00000002	0.00000230
4.23423423	0.00000000	0.00000000	0.00000000	0.00000000	0.00000000	0.00000000	0.00000000	0.00000000	0.00000000	0.00000000	0.00000000	0.00000002	0.00000213
4.23923924	0.00000000	0.00000000	0.00000000	0.00000000	0.00000000	0.00000000	0.00000000	0.00000000	0.00000000	0.00000000	0.00000000	0.00000002	0.00000198
4.24424424	0.00000000	0.00000000	0.00000000	0.00000000	0.00000000	0.00000000	0.00000000	0.00000000	0.00000000	0.00000000	0.00000000	0.00000002	0.00000183
4.24924925	0.00000000	0.00000000	0.00000000	0.00000000	0.00000000	0.00000000	0.00000000	0.00000000	0.00000000	0.00000000	0.00000000	0.00000002	0.00000170
4.25425425	0.00000000	0.00000000	0.00000000	0.00000000	0.00000000	0.00000000	0.00000000	0.00000000	0.00000000	0.00000000	0.00000000	0.00000002	0.00000157
4.25925926	0.00000000	0.00000000	0.00000000	0.00000000	0.00000000	0.00000000	0.00000000	0.00000000	0.00000000	0.00000000	0.00000000	0.00000001	0.00000146
4.26426426	0.00000000	0.00000000	0.00000000	0.00000000	0.00000000	0.00000000	0.00000000	0.00000000	0.00000000	0.00000000	0.00000000	0.00000001	0.00000135
4.26926927	0.00000000	0.00000000	0.00000000	0.00000000	0.00000000	0.00000000	0.00000000	0.00000000	0.00000000	0.00000000	0.00000000	0.00000001	0.00000125
4.27427427	0.00000000	0.00000000	0.00000000	0.00000000	0.00000000	0.00000000	0.00000000	0.00000000	0.00000000	0.00000000	0.00000000	0.00000001	0.00000116
4.27927928	0.00000000	0.00000000	0.00000000	0.00000000	0.00000000	0.00000000	0.00000000	0.00000000	0.00000000	0.00000000	0.00000000	0.00000001	0.00000107
4.28428428	0.00000000	0.00000000	0.00000000	0.00000000	0.00000000	0.00000000	0.00000000	0.00000000	0.00000000	0.00000000	0.00000000	0.00000001	0.00000099
4.28928929	0.00000000	0.00000000	0.00000000	0.00000000	0.00000000	0.00000000	0.00000000	0.00000000	0.00000000	0.00000000	0.00000000	0.00000001	0.00000092
4.29429429	0.00000000	0.00000000	0.00000000	0.00000000	0.00000000	0.00000000	0.00000000	0.00000000	0.00000000	0.00000000	0.00000000	0.00000001	0.00000085
4.29929930	0.00000000	0.00000000	0.00000000	0.00000000	0.00000000	0.00000000	0.00000000	0.00000000	0.00000000	0.00000000	0.00000000	0.00000001	0.00000079
4.30430430	0.00000000	0.00000000	0.00000000	0.00000000	0.00000000	0.00000000	0.00000000	0.00000000	0.00000000	0.00000000	0.00000000	0.00000001	0.00000073
4.30930931	0.00000000	0.00000000	0.00000000	0.00000000	0.00000000	0.00000000	0.00000000	0.00000000	0.00000000	0.00000000	0.00000000	0.00000001	0.00000067
4.31431431	0.00000000	0.00000000	0.00000000	0.00000000	0.00000000	0.00000000	0.00000000	0.00000000	0.00000000	0.00000000	0.00000000	0.00000001	0.00000062
4.31931932	0.00000000	0.00000000	0.00000000	0.00000000	0.00000000	0.00000000	0.00000000	0.00000000	0.00000000	0.00000000	0.00000000	0.00000001	0.00000058
4.32432432	0.00000000	0.00000000	0.00000000	0.00000000	0.00000000	0.00000000	0.00000000	0.00000000	0.00000000	0.00000000	0.00000000	0.00000000	0.00000053
4.32932933	0.00000000	0.00000000	0.00000000	0.00000000	0.00000000	0.00000000	0.00000000	0.00000000	0.00000000	0.00000000	0.00000000	0.00000000	0.00000049
4.33433433	0.00000000	0.00000000	0.00000000	0.00000000	0.00000000	0.00000000	0.00000000	0.00000000	0.00000000	0.00000000	0.00000000	0.00000000	0.00000046
4.33933934	0.00000000	0.00000000	0.00000000	0.00000000	0.00000000	0.00000000	0.00000000	0.00000000	0.00000000	0.00000000	0.00000000	0.00000000	0.00000042
4.34434434	0.00000000	0.00000000	0.00000000	0.00000000	0.00000000	0.00000000	0.00000000	0.00000000	0.00000000	0.00000000	0.00000000	0.00000000	0.00000039
4.34934935	0.00000000	0.00000000	0.00000000	0.00000000	0.00000000	0.00000000	0.00000000	0.00000000	0.00000000	0.00000000	0.00000000	0.00000000	0.00000036
4.35435435	0.00000000	0.00000000	0.00000000	0.00000000	0.00000000	0.00000000	0.00000000	0.00000000	0.00000000	0.00000000	0.00000000	0.00000000	0.00000033
4.35935936	0.00000000	0.00000000	0.00000000	0.00000000	0.00000000	0.00000000	0.00000000	0.00000000	0.00000000	0.00000000	0.00000000	0.00000000	0.00000031
4.36436436	0.00000000	0.00000000	0.00000000	0.00000000	0.00000000	0.00000000	0.00000000	0.00000000	0.00000000	0.00000000	0.00000000	0.00000000	0.00000029
4.36936937	0.00000000	0.00000000	0.00000000	0.00000000	0.00000000	0.00000000	0.00000000	0.00000000	0.00000000	0.00000000	0.00000000	0.00000000	0.00000026
4.37437437	0.00000000	0.00000000	0.00000000	0.00000000	0.00000000	0.00000000	0.00000000	0.00000000	0.00000000	0.00000000	0.00000000	0.00000000	0.00000024
4.37937938	0.00000000	0.00000000	0.00000000	0.00000000	0.00000000	0.00000000	0.00000000	0.00000000	0.00000000	0.00000000	0.00000000	0.00000000	0.00000023
4.38438438	0.00000000	0.00000000	0.00000000	0.00000000	0.00000000	0.00000000	0.00000000	0.00000000	0.00000000	0.00000000	0.00000000	0.00000000	0.00000021
4.38938939	0.00000000	0.00000000	0.00000000	0.00000000	0.00000000	0.00000000	0.00000000	0.00000000	0.00000000	0.00000000	0.00000000	0.00000000	0.00000019
4.39439439	0.00000000	0.00000000	0.00000000	0.00000000	0.00000000	0.00000000	0.00000000	0.00000000	0.00000000	0.00000000	0.00000000	0.00000000	0.00000018
4.39939940	0.00000000	0.00000000	0.00000000	0.00000000	0.00000000	0.00000000	0.00000000	0.00000000	0.00000000	0.00000000	0.00000000	0.00000000	0.00000017
4.40440440	0.00000000	0.00000000	0.00000000	0.00000000	0.00000000	0.00000000	0.00000000	0.00000000	0.00000000	0.00000000	0.00000000	0.00000000	0.00000015
4.40940941	0.00000000	0.00000000	0.00000000	0.00000000	0.00000000	0.00000000	0.00000000	0.00000000	0.00000000	0.00000000	0.00000000	0.00000000	0.00000014
4.41441441	0.00000000	0.00000000	0.00000000	0.00000000	0.00000000	0.00000000	0.00000000	0.00000000	0.00000000	0.00000000	0.00000000	0.00000000	0.00000013
4.41941942	0.00000000	0.00000000	0.00000000	0.00000000	0.00000000	0.00000000	0.00000000	0.00000000	0.00000000	0.00000000	0.00000000	0.00000000	0.00000012
4.42442442	0.00000000	0.00000000	0.00000000	0.00000000	0.00000000	0.00000000	0.00000000	0.00000000	0.00000000	0.00000000	0.00000000	0.00000000	0.00000011
4.42942943	0.00000000	0.00000000	0.00000000	0.00000000	0.00000000	0.00000000	0.00000000	0.00000000	0.00000000	0.00000000	0.00000000	0.00000000	0.00000010
4.43443443	0.00000000	0.00000000	0.00000000	0.00000000	0.00000000	0.00000000	0.00000000	0.00000000	0.00000000	0.00000000	0.00000000	0.00000000	0.00000010
4.43943944	0.00000000	0.00000000	0.00000000	0.00000000	0.00000000	0.00000000	0.00000000	0.00000000	0.00000000	0.00000000	0.00000000	0.00000000	0.00000009
4.44444444	0.00000000	0.00000000	0.00000000	0.00000000	0.00000000	0.00000000	0.00000000	0.00000000	0.00000000	0.00000000	0.00000000	0.00000000	0.00000008
4.44944945	0.00000000	0.00000000	0.00000000	0.00000000	0.00000000	0.00000000	0.00000000	0.00000000	0.00000000	0.00000000	0.00000000	0.00000000	0.00000008
4.45445445	0.00000000	0.00000000	0.00000000	0.00000000	0.00000000	0.00000000	0.00000000	0.00000000	0.00000000	0.00000000	0.00000000	0.00000000	0.00000007
4.45945946	0.00000000	0.00000000	0.00000000	0.00000000	0.00000000	0.00000000	0.00000000	0.00000000	0.00000000	0.00000000	0.00000000	0.00000000	0.00000006
4.46446446	0.00000000	0.00000000	0.00000000	0.00000000	0.00000000	0.00000000	0.00000000	0.00000000	0.00000000	0.00000000	0.00000000	0.00000000	0.00000006
4.46946947	0.00000000	0.00000000	0.00000000	0.00000000	0.00000000	0.00000000	0.00000000	0.00000000	0.00000000	0.00000000	0.00000000	0.00000000	0.00000005
4.47447447	0.00000000	0.00000000	0.00000000	0.00000000	0.00000000	0.00000000	0.00000000	0.00000000	0.00000000	0.00000000	0.00000000	0.00000000	0.00000005
4.47947948	0.00000000	0.00000000	0.00000000	0.00000000	0.00000000	0.00000000	0.00000000	0.00000000	0.00000000	0.00000000	0.00000000	0.00000000	0.00000005
4.48448448	0.00000000	0.00000000	0.00000000	0.00000000	0.00000000	0.00000000	0.00000000	0.00000000	0.00000000	0.00000000	0.00000000	0.00000000	0.00000004
4.48948949	0.00000000	0.00000000	0.00000000	0.00000000	0.00000000	0.00000000	0.00000000	0.00000000	0.00000000	0.00000000	0.00000000	0.00000000	0.00000004
4.49449449	0.00000000	0.00000000	0.00000000	0.00000000	0.00000000	0.00000000	0.00000000	0.00000000	0.00000000	0.00000000	0.00000000	0.00000000	0.00000004
4.49949950	0.00000000	0.00000000	0.00000000	0.00000000	0.00000000	0.00000000	0.00000000	0.00000000	0.00000000	0.00000000	0.00000000	0.00000000	0.00000003
4.50450450	0.00000000	0.00000000	0.00000000	0.00000000	0.00000000	0.00000000	0.00000000	0.00000000	0.00000000	0.00000000	0.00000000	0.00000000	0.00000003
4.50950951	0.00000000	0.00000000	0.00000000	0.00000000	0.00000000	0.00000000	0.00000000	0.00000000	0.00000000	0.00000000	0.00000000	0.00000000	0.00000003
4.51451451	0.00000000	0.00000000	0.00000000	0.00000000	0.00000000	0.00000000	0.00000000	0.00000000	0.00000000	0.00000000	0.00000000	0.00000000	0.00000003
4.51951952	0.00000000	0.00000000	0.00000000	0.00000000	0.00000000	0.00000000	0.00000000	0.00000000	0.00000000	0.00000000	0.00000000	0.00000000	0.00000002
4.52452452	0.00000000	0.00000000	0.00000000	0.00000000	0.00000000	0.00000000	0.00000000	0.00000000	0.00000000	0.00000000	0.00000000	0.00000000	0.00000002
4.52952953	0.00000000	0.00000000	0.00000000	0.00000000	0.00000000	0.00000000	0.00000000	0.00000000	0.00000000	0.00000000	0.00000000	0.00000000	0.00000002
4.53453453	0.00000000	0.00000000	0.00000000	0.00000000	0.00000000	0.00000000	0.00000000	0.00000000	0.00000000	0.00000000	0.00000000	0.00000000	0.00000002
4.53953954	0.00000000	0.00000000	0.00000000	0.00000000	0.00000000	0.00000000	0.00000000	0.00000000	0.00000000	0.00000000	0.00000000	0.00000000	0.00000002
4.54454454	0.00000000	0.00000000	0.00000000	0.00000000	0.00000000	0.00000000	0.00000000	0.00000000	0.00000000	0.00000000	0.00000000	0.00000000	0.00000002
4.54954955	0.00000000	0.00000000	0.00000000	0.00000000	0.00000000	0.00000000	0.00000000	0.00000000	0.00000000	0.00000000	0.00000000	0.00000000	0.00000002
4.55455455	0.00000000	0.00000000	0.00000000	0.00000000	0.00000000	0.00000000	0.00000000	0.00000000	0.00000000	0.00000000	0.00000000	0.00000000	0.00000001
4.55955956	0.00000000	0.00000000	0.00000000	0.00000000	0.00000000	0.00000000	0.00000000	0.00000000	0.00000000	0.00000000	0.00000000	0.00000000	0.00000001
4.56456456	0.00000000	0.00000000	0.00000000	0.00000000	0.00000000	0.00000000	0.00000000	0.00000000	0.00000000	0.00000000	0.00000000	0.00000000	0.00000001
4.56956957	0.00000000	0.00000000	0.00000000	0.00000000	0.00000000	0.00000000	0.00000000	0.00000000	0.00000000	0.00000000	0.00000000	0.00000000	0.00000001
4.57457457	0.00000000	0.00000000	0.00000000	0.00000000	0.00000000	0.00000000	0.00000000	0.00000000	0.00000000	0.00000000	0.00000000	0.00000000	0.00000001
4.57957958	0.00000000	0.00000000	0.00000000	0.00000000	0.00000000	0.00000000	0.00000000	0.00000000	0.00000000	0.00000000	0.00000000	0.00000000	0.00000001
4.58458458	0.00000000	0.00000000	0.00000000	0.00000000	0.00000000	0.00000000	0.00000000	0.00000000	0.00000000	0.00000000	0.00000000	0.00000000	0.00000001
4.58958959	0.00000000	0.00000000	0.00000000	0.00000000	0.00000000	0.00000000	0.00000000	0.00000000	0.00000000	0.00000000	0.00000000	0.00000000	0.00000001
4.59459459	0.00000000	0.00000000	0.00000000	0.00000000	0.00000000	0.00000000	0.00000000	0.00000000	0.00000000	0.00000000	0.00000000	0.00000000	0.00000001
4.59959960	0.00000000	0.00000000	0.00000000	0.00000000	0.00000000	0.00000000	0.00000000	0.00000000	0.00000000	0.00000000	0.00000000	0.00000000	0.00000001
4.60460460	0.00000000	0.00000000	0.00000000	0.00000000	0.00000000	0.00000000	0.00000000	0.00000000	0.00000000	0.00000000	0.00000000	0.00000000	0.00000001
4.60960961	0.00000000	0.00000000	0.00000000	0.00000000	0.00000000	0.00000000	0.00000000	0.00000000	0.00000000	0.00000000	0.00000000	0.00000000	0.00000001
4.61461461	0.00000000	0.00000000	0.00000000	0.00000000	0.00000000	0.00000000	0.00000000	0.00000000	0.00000000	0.00000000	0.00000000	0.00000000	0.00000001
4.61961962	0.00000000	0.00000000	0.00000000	0.00000000	0.00000000	0.00000000	0.00000000	0.00000000	0.00000000	0.00000000	0.00000000	0.00000000	0.00000000
4.62462462	0.00000000	0.00000000	0.00000000	0.00000000	0.00000000	0.00000000	0.00000000	0.00000000	0.00000000	0.00000000	0.00000000	0.00000000	0.00000000
4.62962963	0.00000000	0.00000000	0.00000000	0.00000000	0.00000000	0.00000000	0.00000000	0.00000000	0.00000000	0.00000000	0.00000000	0.00000000	0.00000000
4.63463463	0.00000000	0.00000000	0.00000000	0.00000000	0.00000000	0.00000000	0.00000000	0.00000000	0.00000000	0.00000000	0.00000000	0.00000000	0.00000000
4.63963964	0.00000000	0.00000000	0.00000000	0.00000000	0.00000000	0.00000000	0.00000000	0.00000000	0.00000000	0.00000000	0.00000000	0.00000000	0.00000000
4.64464464	0.00000000	0.00000000	0.00000000	0.00000000	0.00000000	0.00000000	0.00000000	0.00000000	0.00000000	0.00000000	0.00000000	0.00000000	0.00000000
4.64964965	0.00000000	0.00000000	0.00000000	0.00000000	0.00000000	0.00000000	0.00000000	0.00000000	0.00000000	0.00000000	0.00000000	0.00000000	0.00000000
4.65465465	0.00000000	0.00000000	0.00000000	0.00000000	0.00000000	0.00000000	0.00000000	0.00000000	0.00000000	0.00000000	0.00000000	0.00000000	0.00000000
4.65965966	0.00000000	0.00000000	0.00000000	0.00000000	0.00000000	0.00000000	0.00000000	0.00000000	0.00000000	0.00000000	0.00000000	0.00000000	0.00000000
4.66466466	0.00000000	0.00000000	0.00000000	0.00000000	0.00000000	0.00000000	0.00000000	0.00000000	0.00000000	0.00000000	0.00000000	0.00000000	0.00000000
4.66966967	0.00000000	0.00000000	0.00000000	0.00000000	0.00000000	0.00000000	0.00000000	0.00000000	0.00000000	0.00000000	0.00000000	0.00000000	0.00000000
4.67467467	0.00000000	0.00000000	0.00000000	0.00000000	0.00000000	0.00000000	0.00000000	0.00000000	0.00000000	0.00000000	0.00000000	0.00000000	0.00000000
4.67967968	0.00000000	0.00000000	0.00000000	0.00000000	0.00000000	0.00000000	0.00000000	0.00000000	0.00000000	0.00000000	0.00000000	0.00000000	0.00000000
4.68468468	0.00000000	0.00000000	0.00000000	0.00000000	0.00000000	0.00000000	0.00000000	0.00000000	0.00000000	0.00000000	0.00000000	0.00000000	0.00000000
4.68968969	0.00000000	0.00000000	0.00000000	0.00000000	0.00000000	0.00000000	0.00000000	0.00000000	0.00000000	0.00000000	0.00000000	0.00000000	0.00000000
4.69469469	0.00000000	0.00000000	0.00000000	0.00000000	0.00000000	0.00000000	0.00000000	0.00000000	0.00000000	0.00000000	0.00000000	0.00000000	0.00000000
4.69969970	0.00000000	0.00000000	0.00000000	0.00000000	0.00000000	0.00000000	0.00000000	0.00000000	0.00000000	0.00000000	0.00000000	0.00000000	0.00000000
4.70470470	0.00000000	0.00000000	0.00000000	0.00000000	0.00000000	0.00000000	0.00000000	0.00000000	0.00000000	0.00000000	0.00000000	0.00000000	0.00000000
4.70970971	0.00000000	0.00000000	0.00000000	0.00000000	0.00000000	0.00000000	0.00000000	0.00000000	0.00000000	0.00000000	0.00000000	0.00000000	0.00000000
4.71471471	0.00000000	0.00000000	0.00000000	0.00000000	0.00000000	0.00000000	0.00000000	0.00000000	0.00000000	0.00000000	0.00000000	0.00000000	0.00000000
4.71971972	0.00000000	0.00000000	0.00000000	0.00000000	0.00000000	0.00000000	0.00000000	0.00000000	0.00000000	0.00000000	0.00000000	0.00000000	0.00000000
4.72472472	0.00000000	0.00000000	0.00000000	0.00000000	0.00000000	0.00000000	0.00000000	0.00000000	0.00000000	0.00000000	0.00000000	0.00000000	0.00000000
4.72972973	0.00000000	0.00000000	0.00000000	0.00000000	0.00000000	0.00000000	0.00000000	0.00000000	0.00000000	0.00000000	0.00000000	0.00000000	0.00000000
4.73473473	0.00000000	0.00000000	0.00000000	0.00000000	0.00000000	0.00000000	0.00000000	0.00000000	0.00000000	0.00000000	0.00000000	0.00000000	0.00000000
4.73973974	0.00000000	0.00000000	0.00000000	0.00000000	0.00000000	0.00000000	0.00000000	0.00000000	0.00000000	0.00000000	0.00000000	0.00000000	0.00000000
4.74474474	0.00000000	0.00000000	0.00000000	0.00000000	0.00000000	0.00000000	0.00000000	0.00000000	0.00000000	0.00000000	0.00000000	0.00000000	0.00000000
4.74974975	0.00000000	0.00000000	0.00000000	0.00000000	0.00000000	0.00000000	0.00000000	0.00000000	0.00000000	0.00000000	0.00000000	0.00000000	0.00000000
4.75475475	0.00000000	0.00000000	0.00000000	0.00000000	0.00000000	0.00000000	0.00000000	0.00000000	0.00000000	0.00000000	0.00000000	0.00000000	0.00000000
4.75975976	0.00000000	0.00000000	0.00000000	0.00000000	0.00000000	0.00000000	0.00000000	0.00000000	0.00000000	0.00000000	0.00000000	0.00000000	0.00000000
4.76476476	0.00000000	0.00000000	0.00000000	0.00000000	0.00000000	0.00000000	0.00000000	0.00000000	0.00000000	0.00000000	0.00000000	0.00000000	0.00000000
4.76976977	0.00000000	0.00000000	0.00000000	0.00000000	0.00000000	0.00000000	0.00000000	0.00000000	0.00000000	0.00000000	0.00000000	0.00000000	0.00000000
4.77477477	0.00000000	0.00000000	0.00000000	0.00000000	0.00000000	0.00000000	0.00000000	0.00000000	0.00000000	0.00000000	0.00000000	0.00000000	0.00000000
4.77977978	0.00000000	0.00000000	0.00000000	0.00000000	0.00000000	0.00000000	0.00000000	0.00000000	0.00000000	0.00000000	0.00000000	0.00000000	0.00000000
4.78478478	0.00000000	0.00000000	0.00000000	0.00000000	0.00000000	0.00000000	0.00000000	0.00000000	0.00000000	0.00000000	0.00000000	0.00000000	0.00000000
4.78978979	0.00000000	0.00000000	0.00000000	0.00000000	0.00000000	0.00000000	0.00000000	0.00000000	0.00000000	0.00000000	0.00000000	0.00000000	0.00000000
4.79479479	0.00000000	0.00000000	0.00000000	0.00000000	0.00000000	0.00000000	0.00000000	0.00000000	0.00000000	0.00000000	0.00000000	0.00000000	0.00000000
4.79979980	0.00000000	0.00000000	0.00000000	0.00000000	0.00000000	0.00000000	0.00000000	0.00000000	0.00000000	0.00000000	0.00000000	0.00000000	0.00000000
4.80480480	0.00000000	0.00000000	0.00000000	0.00000000	0.00000000	0.00000000	0.00000000	0.00000000	0.00000000	0.00000000	0.00000000	0.00000000	0.00000000
4.80980981	0.00000000	0.00000000	0.00000000	0.00000000	0.00000000	0.00000000	0.00000000	0.00000000	0.00000000	0.00000000	0.00000000	0.00000000	0.00000000
4.81481481	0.00000000	0.00000000	0.00000000	0.00000000	0.00000000	0.00000000	0.00000000	0.00000000	0.00000000	0.00000000	0.00000000	0.00000000	0.00000000
4.81981982	0.00000000	0.00000000	0.00000000	0.00000000	0.00000000	0.00000000	0.00000000	0.00000000	0.00000000	0.00000000	0.00000000	0.00000000	0.00000000
4.82482482	0.00000000	0.00000000	0.00000000	0.00000000	0.00000000	0.00000000	0.00000000	0.00000000	0.00000000	0.00000000	0.00000000	0.00000000	0.00000000
4.82982983	0.00000000	0.00000000	0.00000000	0.00000000	0.00000000	0.00000000	0.00000000	0.00000000	0.00000000	0.00000000	0.00000000	0.00000000	0.00000000
4.83483483	0.00000000	0.00000000	0.00000000	0.00000000	0.00000000	0.00000000	0.00000000	0.00000000	0.00000000	0.00000000	0.00000000	0.00000000	0.00000000
4.83983984	0.00000000	0.00000000	0.00000000	0.00000000	0.00000000	0.00000000	0.00000000	0.00000000	0.00000000	0.00000000	0.00000000	0.00000000	0.00000000
4.84484484	0.00000000	0.00000000	0.00000000	0.00000000	0.00000000	0.00000000	0.00000000	0.00000000	0.00000000	0.00000000	0.00000000	0.00000000	0.00000000
4.84984985	0.00000000	0.00000000	0.00000000	0.00000000	0.00000000	0.00000000	0.00000000	0.00000000	0.00000000	0.00000000	0.00000000	0.00000000	0.00000000
4.85485485	0.00000000	0.00000000	0.00000000	0.00000000	0.00000000	0.00000000	0.00000000	0.00000000	0.00000000	0.00000000	0.00000000	0.00000000	0.00000000
4.85985986	0.00000000	0.00000000	0.00000000	0.00000000	0.00000000	0.00000000	0.00000000	0.00000000	0.00000000	0.00000000	0.00000000	0.00000000	0.00000000
4.86486486	0.00000000	0.00000000	0.00000000	0.00000000	0.00000000	0.00000000	0.00000000	0.00000000	0.00000000	0.00000000	0.00000000	0.00000000	0.00000000
4.86986987	0.00000000	0.00000000	0.00000000	0.00000000	0.00000000	0.00000000	0.00000000	0.00000000	0.00000000	0.00000000	0.00000000	0.00000000	0.00000000
4.87487487	0.00000000	0.00000000	0.00000000	0.00000000	0.00000000	0.00000000	0.00000000	0.00000000	0.00000000	0.00000000	0.00000000	0.00000000	0.00000000
4.87987988	0.00000000	0.00000000	0.00000000	0.00000000	0.00000000	0.00000000	0.00000000	0.00000000	0.00000000	0.00000000	0.00000000	0.00000000	0.00000000
4.88488488	0.00000000	0.00000000	0.00000000	0.00000000	0.00000000	0.00000000	0.00000000	0.00000000	0.00000000	0.00000000	0.00000000	0.00000000	0.00000000
4.88988989	0.00000000	0.00000000	0.00000000	0.00000000	0.00000000	0.00000000	0.00000000	0.00000000	0.00000000	0.00000000	0.00000000	0.00000000	0.00000000
4.89489489	0.00000000	0.00000000	0.00000000	0.00000000	0.00000000	0.00000000	0.00000000	0.00000000	0.00000000	0.00000000	0.00000000	0.00000000	0.00000000
4.89989990	0.00000000	0.00000000	0.00000000	0.00000000	0.00000000	0.00000000	0.00000000	0.00000000	0.00000000	0.00000000	0.00000000	0.00000000	0.00000000
4.90490490	0.00000000	0.00000000	0.00000000	0.00000000	0.00000000	0.00000000	0.00000000	0.00000000	0.00000000	0.00000000	0.00000000	0.00000000	0.00000000
4.90990991	0.00000000	0.00000000	0.00000000	0.00000000	0.00000000	0.00000000	0.00000000	0.00000000	0.00000000	0.00000000	0.00000000	0.00000000	0.00000000
4.91491491	0.00000000	0.00000000	0.00000000	0.00000000	0.00000000	0.00000000	0.00000000	0.00000000	0.00000000	0.00000000	0.00000000	0.00000000	0.00000000
4.91991992	0.00000000	0.00000000	0.00000000	0.00000000	0.00000000	0.00000000	0.00000000	0.00000000	0.00000000	0.00000000	0.00000000	0.00000000	0.00000000
4.92492492	0.00000000	0.00000000	0.00000000	0.00000000	0.00000000	0.00000000	0.00000000	0.00000000	0.00000000	0.00000000	0.00000000	0.00000000	0.00000000
4.92992993	0.00000000	0.00000000	0.00000000	0.00000000	0.00000000	0.00000000	0.00000000	0.00000000	0.00000000	0.00000000	0.00000000	0.00000000	0.00000000
4.93493493	0.00000000	0.00000000	0.00000000	0.00000000	0.00000000	0.00000000	0.00000000	0.00000000	0.00000000	0.00000000	0.00000000	0.00000000	0.00000000
4.93993994	0.00000000	0.00000000	0.00000000	0.00000000	0.00000000	0.00000000	0.00000000	0.00000000	0.00000000	0.00000000	0.00000000	0.00000000	0.00000000
4.94494494	0.00000000	0.00000000	0.00000000	0.00000000	0.00000000	0.00000000	0.00000000	0.00000000	0.00000000	0.00000000	0.00000000	0.00000000	0.00000000
4.94994995	0.00000000	0.00000000	0.00000000	0.00000000	0.00000000	0.00000000	0.00000000	0.00000000	0.00000000	0.00000000	0.00000000	0.00000000	0.00000000
4.95495495	0.00000000	0.00000000	0.00000000	0.00000000	0.00000000	0.00000000	0.00000000	0.00000000	0.00000000	0.00000000	0.00000000	0.00000000	0.00000000
4.95995996	0.00000000	0.00000000	0.00000000	0.00000000	0.00000000	0.00000000	0.00000000	0.00000000	0.00000000	0.00000000	0.00000000	0.00000000	0.00000000
4.96496496	0.00000000	0.00000000	0.00000000	0.00000000	0.00000000	0.00000000	0.00000000	0.00000000	0.00000000	0.00000000	0.00000000	0.00000000	0.00000000
4.96996997	0.00000000	0.00000000	0.00000000	0.00000000	0.00000000	0.00000000	0.00000000	0.00000000	0.00000000	0.00000000	0.00000000	0.00000000	0.00000000
4.97497497	0.00000000	0.00000000	0.00000000	0.00000000	0.00000000	0.00000000	0.00000000	0.00000000	0.00000000	0.00000000	0.00000000	0.00000000	0.00000000
4.97997998	0.00000000	0.00000000	0.00000000	0.00000000	0.00000000	0.00000000	0.00000000	0.00000000	0.00000000	0.00000000	0.00000000	0.00000000	0.00000000
4.98498498	0.00000000	0.00000000	0.00000000	0.00000000	0.00000000	0.00000000	0.00000000	0.00000000	0.00000000	0.00000000	0.00000000	0.00000000	0.00000000
4.98998999	0.00000000	0.00000000	0.00000000	0.00000000	0.00000000	0.00000000	0.00000000	0.00000000	0.00000000	0.00000000	0.00000000	0.00000000	0.00000000
4.99499499	0.00000000	0.00000000	0.00000000	0.00000000	0.00000000	0.00000000	0.00000000	0.00000000	0.00000000	0.00000000	0.00000000	0.00000000	0.00000000
5.00000000	0.00000000	0.00000000	0.00000000	0.00000000	0.00000000	0.00000000	0.00000000	0.00000000	0.00000000	0.00000000	0.00000000	0.00000000	0.00000000
