# z n1 n2 n3 n4 n5 n6 n7 n8 n9 n10 n11 n12 n13
0.0	0.0	0.0	0.0	0.0	0.0	0.0	0.0	0.0	0.0	0.0	0.0	0.0	0.0	
0.003003003003003003	0.0	0.0	0.0	0.0	0.0	0.0	0.0	0.0	0.0	0.0	0.0	0.0	0.0	
0.006006006006006006	0.0	0.0	0.0	0.0	0.0	0.0	0.0	0.0	0.0	0.0	0.0	0.0	0.0	
0.009009009009009009	0.0603568811226629	0.0	0.0	0.0	0.0	0.0	0.0	0.0	0.0	0.0	0.0	0.0	0.0	
0.012012012012012012	0.14459690608697764	0.0	0.0	0.0	0.0	0.0	0.0	0.0	0.0	0.0	0.0	0.0	0.0	
0.015015015015015015	0.22883693105129238	0.0	0.0	0.0	0.0	0.0	0.0	0.0	0.0	0.0	0.0	0.0	0.0	
0.018018018018018018	0.3367726062648212	0.0	0.0	0.0	0.0	0.0	0.0	0.0	0.0	0.0	0.0	0.0	0.0	
0.02102102102102102	0.48232297658534573	0.0	0.0	0.0	0.0	0.0	0.0	0.0	0.0	0.0	0.0	0.0	0.0	
0.024024024024024024	0.6278733469058704	0.0	0.0	0.0	0.0	0.0	0.0	0.0	0.0	0.0	0.0	0.0	0.0	
0.02702702702702703	0.773423717226395	0.0	0.0	0.0	0.0	0.0	0.0	0.0	0.0	0.0	0.0	0.0	0.0	
0.03003003003003003	0.9189740875469194	0.0	0.0	0.0	0.0	0.0	0.0	0.0	0.0	0.0	0.0	0.0	0.0	
0.03303303303303303	1.064524457867444	0.0019316879722290194	0.0	0.0	0.0	0.0	0.0	0.0	0.0	0.0	0.0	0.0	0.0	
0.036036036036036036	1.2100748281879687	0.0055787176644372825	0.0	0.0	0.0	0.0006672915723416018	0.0	0.0	0.0	0.0	0.0	0.0	0.0	
0.03903903903903904	1.3556251985084933	0.009225747356645546	0.00028072086096743063	0.0	0.0	0.0016166686167184256	0.0	0.0	0.0	0.0	0.0	0.0	0.0	
0.04204204204204204	1.5011755688290176	0.01392175885788989	0.0009260328308072767	0.0	0.0	0.0025660456610952474	0.0006627969639175196	0.0	8.093271342970799e-05	0.0	0.0	0.00017400030266814725	0.0006118440955626281	
0.04504504504504504	1.6467259391495424	0.02282261306727653	0.0015713448006471242	0.0	0.0012922520070461423	0.004199850121028026	0.0014731443717679233	0.00042220249886761274	0.00020929893876275407	0.0	7.339446171090651e-05	0.0005360539927302648	0.001510316751667126	
0.04804804804804805	1.7791166393746767	0.03172346727666317	0.0023539617916717684	0.0	0.0034880208767324615	0.006984777765452891	0.002283491779618327	0.0009555161144622449	0.00033766516409580017	8.128714413733381e-06	0.0003432254878443574	0.0008981076827923824	0.002408789407771624	
0.05105105105105105	1.8896228082773183	0.040624321486049816	0.004306744694087572	0.00012035457928608212	0.00568378974641878	0.009769705409877757	0.003490693973914096	0.001488829730056877	0.0005146950495954582	0.00037216995923924266	0.0006130565139778084	0.0013182327016802381	0.003493903589685328	
0.05405405405405406	2.00012897717996	0.049525175695436456	0.006259527596503374	0.0011968412799934314	0.008083626341335644	0.01255463305430262	0.00511440665322255	0.002066041837107611	0.0008050127731742435	0.000736211204064752	0.0008828875401112594	0.0020659052854238775	0.004924145098381561	
0.057057057057057055	2.110635146082602	0.05842602990482308	0.008212310498919172	0.0022733279807007783	0.011068767035296186	0.01533956069872748	0.006738119332531	0.002694444026448796	0.001095330496753028	0.0011002524488902604	0.001405405373820784	0.002813577869167515	0.006354386607077791	
0.06006006006006006	2.2211413149852435	0.06732688411420973	0.010165093401334976	0.0033498146814081274	0.014053907729256736	0.018124488343152344	0.008361832011839454	0.0033228462157899826	0.0013856482203318133	0.0014897671704891503	0.0019434809726274096	0.003561250452911154	0.007784628115774024	
0.06306306306306306	2.3316474838878847	0.07622773832359633	0.012117876303750774	0.004533109402269581	0.017039048423217282	0.0209094159875772	0.009985544691147905	0.003951248405131167	0.0016759659439105979	0.0018906022994181321	0.002481556571434034	0.004308923036654791	0.009214869624470254	
0.06606606606606606	2.4421536527905268	0.085128592532983	0.014070659206166578	0.005746213643210332	0.020024189117177828	0.02369434363200207	0.011609257370456358	0.004579650594472354	0.001966283667489383	0.002291437428347115	0.0030196321702406596	0.005056595620398431	0.010645111133166487	
0.06906906906906907	2.5526598216931684	0.09402944674236963	0.016023442108582378	0.0069593178841510835	0.02300932981113838	0.026479271276426932	0.013232970049764812	0.0052080527838135405	0.0022566013910681683	0.002692272557276098	0.0035577077690472853	0.00580426820414207	0.01207535264186272	
0.07207207207207207	2.66316599059581	0.10455201844960856	0.01797622501099818	0.008172422125091835	0.025994470505098934	0.029264198920851796	0.014856682729073267	0.0058364549731547265	0.0025469191146469537	0.003093107686205081	0.004095783367853911	0.006551940787885709	0.013505594150558953	
0.07507507507507508	2.773672159498452	0.11954315527088027	0.019929007913413985	0.009385526366032588	0.02897961119905948	0.03203465441210445	0.01648039540838172	0.0064648571624959135	0.0028372368382257387	0.0034939428151340634	0.004633858966660537	0.007299613371629349	0.014935835659255185	
0.07807807807807808	2.895879104033127	0.134534292092152	0.022127033929910264	0.01059863060697334	0.03196475189302003	0.034788386329351446	0.018104108087690175	0.0070932593518371004	0.003127554561804524	0.003894777944063047	0.005171934565467163	0.008047285955372987	0.016366077167951416	
0.08108108108108109	3.0384821429286415	0.1495254289134237	0.025179956064529545	0.01181173484791409	0.03494989258698058	0.037542118246598435	0.019301182916014892	0.007721661541178287	0.0033807598465997184	0.004295613072992029	0.005710010164273789	0.008660579313780056	0.017442295885670835	
0.08408408408408408	3.1810851818241557	0.16451656573469536	0.02823287819914881	0.013024839088854837	0.03791470701006737	0.04029585016384541	0.020249198121602155	0.008160450826903294	0.003585859929924033	0.00469644820192101	0.0062211796016873435	0.008904541577189689	0.018097226115604877	
0.08708708708708708	3.3236882207196703	0.17950770255596707	0.03128580033376809	0.01423794332979559	0.04084625711418002	0.0430495820810924	0.02119721332718942	0.008468939174398058	0.003790960013248349	0.005097283330849993	0.00642946693025765	0.009148503840599322	0.018752156345538923	
0.09009009009009009	3.466291259615185	0.19449883937723877	0.03433872246838737	0.015451047570736341	0.04377780721829266	0.045803313998339396	0.022145228532776687	0.008777427521892823	0.003996060096572665	0.005356481573774262	0.006637754258827957	0.009392466104008955	0.019407086575472972	
0.09309309309309309	3.6088942985106995	0.2094899761985105	0.03739164460300666	0.016846972167961133	0.046709357322405304	0.04855704591558638	0.023093243738363956	0.009085915869387586	0.004201160179896981	0.005588010890123133	0.006846041587398264	0.009636428367418588	0.020062016805407017	
0.0960960960960961	3.751497337406214	0.22448111301978224	0.04044456673762594	0.018253826073128414	0.049640907426517944	0.051310777832833374	0.024041258943951222	0.009394404216882351	0.004406260263221297	0.005819540206472005	0.007054328915968571	0.00988039063082822	0.020716947035341063	
0.0990990990990991	3.894100376301729	0.23947224984105392	0.04349748887224522	0.019660679978295695	0.05257245753063059	0.05406450975008036	0.02498927414953849	0.009702892564377116	0.004611360346545613	0.006051069522820876	0.007262616244538878	0.010124352894237854	0.02137187726527511	
0.1021021021021021	4.036703415197243	0.2563767764771573	0.0465504110068645	0.021067533883462976	0.05550400763474324	0.05681824166732735	0.025937289355125757	0.010011380911871879	0.0048164604298699286	0.006282598839169748	0.007470903573109186	0.010368315157647487	0.022026807495209154	
0.10510510510510511	4.1793064540927585	0.2771155819725306	0.04960333314148378	0.022474387788630257	0.05843555773885588	0.05909903413728238	0.026885304560713023	0.010319869259366643	0.0050215605131942445	0.006514128155518619	0.007679190901679493	0.01061227742105712	0.022681737725143203	
0.10810810810810811	4.287159957094346	0.2978543874679039	0.05302292059733894	0.023881241693797538	0.06136710784296852	0.06100055550753378	0.02783331976630029	0.010628357606861408	0.00522666059651856	0.00674565747186749	0.0078874782302498	0.010856239684466753	0.02333666795507725	
0.1111111111111111	4.331482485680919	0.3185931929632771	0.05715166159101805	0.025288095598964812	0.06429865794708116	0.06290207687778517	0.028341247388116084	0.010936845954356171	0.005380670124578906	0.006977186788216361	0.008095765558820106	0.011056235353253402	0.02365961837644069	
0.11411411411411411	4.375805014267493	0.33933199845865036	0.06128040258469718	0.026694949504132093	0.06794941778370085	0.06480359824803655	0.028721327217084255	0.01109855782898511	0.005496219467296831	0.007208716104565232	0.008300213964971798	0.011185391845646736	0.023724108224027197	
0.11711711711711711	4.420127542854066	0.3600708039540237	0.06540914357837631	0.028101803409299374	0.07231922344778575	0.06670511961828796	0.029101407046052425	0.011204243651737947	0.0056117688100147545	0.007440245420914104	0.008491144016161245	0.01131454833804007	0.0237885980716137	
0.12012012012012012	4.464450071440639	0.380809609449397	0.06953788457205544	0.029614703588192237	0.07668902911187066	0.06860664098853934	0.029481486875020592	0.011309929474490783	0.005727318152732679	0.007531263757464494	0.008682074067350694	0.011443704830433407	0.023853087919200204	
0.12312312312312312	4.508772600027213	0.4015484149447702	0.07366662556573457	0.0320278990329242	0.08105883477595555	0.07050816235879075	0.029861566703988762	0.01141561529724362	0.005842867495450604	0.007619534309322501	0.008873004118540142	0.011572861322826741	0.02391757776678671	
0.12612612612612611	4.553095128613786	0.42228722044014344	0.07779536655941369	0.03444109447765614	0.08542864044004043	0.07240968372904213	0.03024164653295693	0.011521301119996457	0.005958416838168528	0.007707804861180507	0.009063934169729589	0.011702017815220076	0.02398206761437321	
0.12912912912912913	4.59741765720036	0.4430260259355169	0.08192410755309283	0.036854289922388116	0.08979844610412535	0.07431120509929354	0.0306217263619251	0.011626986942749294	0.0060739661808864535	0.007796075413038514	0.009254864220919038	0.011831174307613412	0.024046557461959717	
0.13213213213213212	4.641740185786934	0.46998521312263636	0.08605284854677195	0.03926748536712006	0.09416825176821023	0.07621272646954493	0.031001806190893266	0.01173267276550213	0.006189515523604377	0.007884345964896521	0.009445794272108485	0.011960330800006747	0.024111047309546222	
0.13513513513513514	4.686062714373508	0.5062937607201027	0.09018158954045108	0.041680680811852035	0.09853805743229516	0.0785603479291215	0.03138188601986144	0.011838358588254968	0.006305064866322302	0.007972616516754528	0.009636724323297933	0.012089487292400081	0.024175537157132724	
0.13813813813813813	4.7286327872118905	0.5426023083175686	0.09564319866602111	0.04409387625658398	0.10290786309638003	0.08115242926008315	0.03176196584882961	0.011944044411007805	0.006420614209040226	0.008060887068612535	0.00982765437448738	0.012218643784793416	0.02424002700471923	
0.14114114114114115	4.76784021585718	0.5789108559150349	0.10267750894527278	0.046507071701315954	0.10727766876046495	0.0837445105910448	0.03215943163439664	0.012049730233760641	0.006440372095837652	0.008149157620470542	0.01001858442567683	0.012343502368768288	0.02415615603960902	
0.14414414414414414	4.807047644502469	0.6152194035125008	0.10971181922452437	0.0489202671460479	0.11276608010581866	0.08633659192200643	0.032558442642585436	0.0121053637448703	0.006420150960862015	0.008237428172328549	0.010177162199621151	0.0124640484283354	0.02399851418995312	
0.14714714714714713	4.846255073147758	0.6515279511099668	0.11674612950377598	0.05133346259077985	0.11893768830424944	0.08892867325296806	0.03295745365077424	0.012152493909070887	0.006399929825886379	0.008323707990935892	0.010278412984342828	0.012584594487902511	0.023840872340297227	
0.15015015015015015	4.885462501793048	0.6878364987074331	0.12378043978302765	0.054124065975270357	0.12510929650268027	0.09152075458392972	0.03335646465896304	0.012199624073271473	0.006379708690910742	0.008396060902294914	0.010379663769064506	0.012705140547469624	0.02368323049064133	
0.15315315315315314	4.924669930438338	0.7241450463048991	0.13081475006227927	0.05794989889723605	0.13128090470111106	0.09411283591489135	0.033755475667151834	0.01224675423747206	0.006359487555935105	0.008468413813653937	0.010480914553786181	0.012825686607036734	0.02352558864098543	
0.15615615615615616	4.963877359083627	0.7604535939023653	0.13784906034153094	0.061775731819201776	0.13745251289954188	0.096704917245853	0.034154486675340635	0.012293884401672648	0.006339266420959468	0.00854076672501296	0.01058216533850786	0.012946232666603847	0.023367946791329534	
0.15915915915915915	5.003084787728916	0.7967621414998314	0.14488337062078252	0.06560156474116748	0.14362412109797268	0.09929699857681465	0.03455349768352943	0.012341014565873235	0.006319045285983832	0.008613119636371982	0.010683416123229535	0.01306677872617096	0.023210304941673636	
0.16216216216216217	5.042292216374206	0.8486442233977961	0.1519176809000342	0.0694273976631332	0.1497957292964035	0.10188907990777629	0.03495250869171823	0.012388144730073821	0.006298824151008194	0.008685472547731004	0.010784666907951213	0.013187324785738072	0.023052663092017738	
0.16516516516516516	5.081499645019496	0.9183626056502364	0.1589519911792858	0.07325323058509889	0.15596733749483427	0.10353637968004191	0.03535151969990703	0.012435274894274408	0.006278603016032558	0.008757825459090025	0.01088591769267289	0.013307870845305183	0.02289502124236184	
0.16816816816816815	5.088293665258228	0.9880809879026766	0.16888843033955286	0.07707906350706459	0.16213894569326506	0.10484660022151265	0.035722242983070016	0.012482405058474994	0.006258381881056921	0.008830178370449047	0.010987168477394567	0.013428416904872294	0.022737379392705946	
0.17117117117117117	5.029762525723645	1.0577993701551176	0.18095562724935313	0.08090489642903032	0.1683105538916959	0.10615682076298341	0.03566399320085268	0.01252953522267558	0.006306148938772157	0.00890253128180807	0.011088419262116244	0.013369703061979201	0.022536503826576317	
0.17417417417417416	4.971231386189063	1.1275177524075577	0.19302282415915328	0.084730729350996	0.17478184205181782	0.10746704130445416	0.035605743418635344	0.012538651032665007	0.006366812343699067	0.008974884193167092	0.01113032569194254	0.01319892947759246	0.022322970775678786	
0.17717717717717718	4.91270024665448	1.1972361346599987	0.20509002106895358	0.08855656227296173	0.18135755226558833	0.10877726184592491	0.035547493636418	0.012547220153428754	0.006427475748625977	0.009033987069890297	0.011112968414561681	0.013028155893205717	0.02210943772478125	
0.18018018018018017	4.8541691071198985	1.2669545169124388	0.21715721797875373	0.09370842556899436	0.1879332624793588	0.11008748238739566	0.035489243854200665	0.0125557892741925	0.006488139153552888	0.009057140001525184	0.011095611137180822	0.012857382308818976	0.021895904673883717	
0.1831831831831832	4.795637967585315	1.3366728991648797	0.229224414888554	0.10062557776048492	0.1945089726931293	0.11139770292886642	0.03543099407198333	0.012564358394956246	0.006548802558479798	0.00908029293316007	0.011078253859799962	0.012686608724432235	0.021682371622986182	
0.18618618618618618	4.737106828050733	1.40639128141732	0.24129161179835418	0.10754272995197539	0.20108468290689976	0.11270792347033716	0.035372744289765994	0.012572927515719992	0.006609465963406709	0.009103445864794958	0.011060896582419103	0.012515835140045494	0.02146883857208865	
0.1891891891891892	4.67857568851615	1.476109663669761	0.2533588087081544	0.11445988214346595	0.20766039312067028	0.11401814401180792	0.03531449450754866	0.012581496636483738	0.006670129368333619	0.009126598796429845	0.011043539305038244	0.01234506155565875	0.021255305521191117	
0.1921921921921922	4.620044548981568	1.608741590183748	0.2654260056179546	0.12137703433495643	0.2142361033344407	0.11532836455327866	0.035256244725331315	0.012590065757247484	0.006730792773260529	0.009149751728064731	0.011026182027657386	0.01217428797127201	0.021041772470293582	
0.19519519519519518	4.561513409446986	1.7965508934729422	0.2774932025277548	0.12829418652644692	0.22081181354821117	0.11634503307553529	0.03519799494311398	0.012598634878011229	0.006791456178187439	0.009172904659699619	0.011008824750276527	0.01200351438688527	0.02082823941939605	
0.1981981981981982	4.4661434035369	1.9843601967621383	0.296290135463629	0.13521133871793747	0.22738752376198168	0.11730075671725748	0.03509100166190431	0.012607203998774975	0.00685211958311435	0.009196057591334506	0.010991467472895668	0.011832740802498527	0.020614706368498513	
0.2012012012012012	4.292728870211047	2.1721695000513326	0.3180468551558922	0.14212849090942795	0.23396323397575214	0.11825648035897966	0.03479538401715129	0.012598081379607249	0.006798646560563824	0.009219210522969394	0.01097411019551481	0.011893970663060012	0.02034321574953854	
0.2042042042042042	4.119314336885192	2.3599788033405282	0.3398035748481557	0.1490456431009185	0.24124964951118152	0.11921220400070186	0.034499766372398266	0.012455262700211524	0.006742316255988835	0.00924236345460428	0.01105301660428352	0.012040348021105794	0.020063759743330356	
0.2072072072072072	3.9458998035593384	2.5477881066297225	0.36156029454041894	0.15596279529240897	0.2486494960931535	0.12016792764242404	0.03420414872764524	0.012312444020815801	0.006685985951413847	0.009253547625198233	0.011186089064203437	0.012186725379151572	0.019784303737122175	
0.21021021021021022	3.7724852702334837	2.7355974099189186	0.3833170142326824	0.16460190852529683	0.2560493426751256	0.12112365128414623	0.03390853108289221	0.012169625341420076	0.0066296556468388584	0.009247759392289511	0.011319161524123357	0.012333102737197352	0.01950484773091399	
0.2132132132132132	3.5990707369076307	2.923406713208113	0.40507373392494567	0.174433981038285	0.2634491892570976	0.12207937492586843	0.033612913438139186	0.012026806662024351	0.0065733253422638705	0.00924197115938079	0.011452233984043275	0.01247948009524313	0.01922539172470581	
0.21621621621621623	3.425656203581776	3.111216016497309	0.42683045361720917	0.18426605355127326	0.27084903583906966	0.12303509856759062	0.03331729579338616	0.011883987982628626	0.006516995037688883	0.00923618292647207	0.011585306443963193	0.012625857453288912	0.01894593571849763	
0.21921921921921922	3.2522416702559225	3.299025319786503	0.4485871733094724	0.19409812606426144	0.2782488824210417	0.1239908222093128	0.03302167814863313	0.011741169303232903	0.006460664733113895	0.009230394693563349	0.01171837890388311	0.01277223481133469	0.01866647971228945	
0.2222222222222222	3.0788271369300695	3.4822035092139525	0.4703438930017357	0.20393019857724962	0.2856487290030137	0.124946545851035	0.03272606050388011	0.011598350623837178	0.006404334428538907	0.009224606460654627	0.011851451363803028	0.01291861216938047	0.01838702370608127	
0.22522522522522523	2.9054126036042147	3.6622862284705624	0.49210061269399913	0.21376227109023788	0.29304857558498576	0.12503166254766185	0.032430442859127086	0.011455531944441454	0.006348004123963918	0.009218818227745907	0.011984523823722946	0.013064989527426251	0.018107567699873085	
0.22822822822822822	2.746593724694982	3.842368947727171	0.5277652637669794	0.22359434360322605	0.3004484221669578	0.1250401704732558	0.03222270773452801	0.01131271326504573	0.006304772642155086	0.009213029994837186	0.012117596283642864	0.01321136688547203	0.017828111693664904	
0.23123123123123124	2.6203087022652345	4.022451666983781	0.5666406649319957	0.2334264161162143	0.30784826874892984	0.12504867839884976	0.03217902039786501	0.01120246756863687	0.006366880413865971	0.009207241761928464	0.012250668743562784	0.013304217144370802	0.01774765426521711	
0.23423423423423423	2.4940236798354887	4.202534386240389	0.6055160660970116	0.2432584886292025	0.3128174091880694	0.12505718632444368	0.03213533306120201	0.011191042074285208	0.006428988185576856	0.009201453529019743	0.012478452302923415	0.013387451328357615	0.017670266448113304	
0.23723723723723725	2.367738657405741	4.382617105496999	0.6443914672620279	0.25309056114219075	0.3177448466654367	0.12506569425003763	0.03209164572453901	0.011179616579933549	0.006491095957287741	0.009307861815333593	0.012733025704509347	0.013470685512344429	0.0175928786310095	
0.24024024024024024	2.241453634975995	4.562699824753608	0.6832668684270438	0.2664621405805867	0.3226722841428039	0.1250742021756316	0.03204795838787601	0.011168191085581888	0.006553203728998626	0.009503214676002951	0.012987599106095277	0.013553919696331242	0.017515490813905694	
0.24324324324324323	2.1151686125462485	4.7427825440102165	0.7221422695920596	0.2809977030766265	0.32759972162017115	0.1250827101012255	0.03200427105121301	0.011156765591230229	0.006615311500709511	0.00969856753667231	0.013242172507681206	0.013637153880318054	0.017438102996801888	
0.24624624624624625	1.9888835901165012	4.922865263266827	0.7610176707570759	0.2955332655726664	0.3325271590975384	0.12509121802681947	0.03196058371455	0.011145340096878568	0.006677419272420396	0.00989392039734167	0.013496745909267138	0.013720388064304869	0.017360715179698085	
0.24924924924924924	1.8625985676867551	5.1029479825234345	0.7998930719220918	0.31006882806870617	0.3374545965749056	0.12509972595241342	0.03191689637788701	0.011133914602526909	0.006739527044131281	0.010089273258011029	0.013751319310853069	0.01380362224829168	0.01728332736259428	
0.25225225225225223	1.7363135452570087	5.20180200895506	0.8387684730871078	0.32460439056474594	0.34238203405227285	0.1251117071565583	0.031873209041224	0.011122489108175248	0.0068016348158421655	0.010284626118680387	0.014005892712438997	0.013886856432278494	0.017205939545490472	
0.2552552552552553	1.6100285228272602	5.259918431264553	0.8776438742521244	0.339139953060786	0.3473094715296402	0.12546195009350997	0.031829521704561006	0.011111063613823588	0.006863742587553051	0.01047997897934975	0.014260466114024931	0.013970090616265309	0.017128551728386666	
0.25825825825825827	1.5058161558599688	5.318034853574045	0.9329766276071549	0.35367551555682575	0.35223690900700744	0.1258121930304616	0.03174998721685627	0.011099638119471927	0.006924431324988644	0.010675331840019108	0.014515039515610862	0.014053324800252122	0.017051293531288775	
0.26126126126126126	1.4534214687406832	5.3761512758835375	0.9895415237087067	0.3682110780528655	0.3571991097807515	0.12616243596741322	0.03163348765242158	0.011100119137736085	0.006980761629563631	0.010870684700688466	0.014769612917196792	0.014108893771887532	0.016975338821909117	
0.26426426426426425	1.4010267816213977	5.43426769819303	1.0461064198102585	0.3827466405489053	0.36246112634608796	0.12651267890436485	0.03151698808798688	0.011120113752851489	0.007037091934138618	0.011066037561357824	0.014944421490162493	0.014163426513120275	0.016899384112529458	
0.26726726726726724	1.3486320945021122	5.492384120502522	1.1026713159118104	0.39728220304494505	0.3677231429114245	0.12686292184131648	0.031400488523552185	0.011140108367966892	0.007093422238713606	0.011256310920257017	0.015112208504844125	0.014217959254353018	0.016823429403149803	
0.2702702702702703	1.2962374073828256	5.550500542812015	1.1592362120133632	0.41468122190055784	0.37298515947676103	0.12721316477826813	0.03128398895911749	0.011160102983082296	0.0071497525432885935	0.011444428489790477	0.01527999551952576	0.014272491995585763	0.01674747469377014	
0.2732732732732733	1.24384272026354	5.608616965121507	1.2158011081149152	0.4323485886705875	0.37824717604209757	0.12756340771521976	0.031167489394682796	0.0111800975981977	0.007206082847863581	0.011632546059323933	0.015447782534207392	0.014327024736818508	0.016671519984390485	
0.27627627627627627	1.1914480331442545	5.666733387430999	1.272366004216467	0.4500159554406172	0.38350919260743405	0.1279136506521714	0.031050989830248104	0.011200092213313102	0.007262413152438568	0.01182066362885739	0.015615569548889026	0.014381557478051251	0.016595565275010826	
0.27927927927927926	1.139053346024969	5.724849809740491	1.328930900318019	0.4676833222106469	0.3887712091727705	0.12826389358912302	0.03093449026581341	0.011220086828428505	0.007318743457013555	0.012008781198390849	0.015783356563570657	0.014436090219283996	0.016519610565631167	
0.2822822822822823	1.0866586589056826	5.690851244824165	1.3854957964195718	0.4853506889806769	0.3940332257381071	0.12851583376708223	0.030817990701378715	0.011240081443543909	0.007375073761588544	0.012196898767924309	0.015951143578252294	0.01449062296051674	0.01644365585625151	
0.2852852852852853	1.034263971786397	5.62323261687092	1.4448652809663738	0.5030180557507066	0.3992952423034436	0.1278947551987227	0.030701491136944023	0.011260076058659313	0.007431404066163531	0.012385016337457765	0.016118930592933924	0.014545155701749484	0.016367701146871853	
0.2882882882882883	0.9861873474582014	5.555613988917675	1.5595558688812245	0.5206854225207362	0.4045572588687801	0.12727367663036315	0.03051184589944962	0.011280070673774716	0.007461345151701932	0.012573133906991222	0.016286717607615558	0.014595091478309298	0.016274885819189476	
0.2912912912912913	0.9487988989332973	5.4879953609644305	1.6742464567960755	0.538352789290766	0.40864323835052174	0.12665259806200363	0.03028030301513569	0.011199552150553823	0.007448345850646165	0.012761251476524679	0.016448393640271557	0.01459222133403389	0.016112944646361146	
0.29429429429429427	0.9114104504083933	5.420376733011186	1.7889370447109263	0.5560201560607957	0.4086707578426058	0.12603151949364408	0.030048760130821753	0.011022456988103124	0.007435346549590399	0.012949369046058135	0.01651203699066804	0.014589351189758482	0.015951003473532815	
0.2972972972972973	0.8740220018834886	5.35275810505794	1.9036276326257793	0.574120955940594	0.40869827733468983	0.12541044092528453	0.029817217246507814	0.010845361825652421	0.007422347248534632	0.012992980097998442	0.01657568034106453	0.014586481045483076	0.01578906230070448	
0.3003003003003003	0.8366335533585845	5.2851394771046944	2.01831822054063	0.5974836953030739	0.4087257968267739	0.124789362356925	0.029585674362193882	0.010668266663201722	0.007409347947478866	0.013010344796724608	0.016639323691461014	0.014583610901207668	0.01562712112787615	
0.3033033033033033	0.7992451048336805	5.21752084915145	2.133008808455481	0.6208464346655539	0.408753316318858	0.12416828378856547	0.02935413147787995	0.010491171500751023	0.0073963486464231	0.013027709495450773	0.0167029670418575	0.01458074075693226	0.015465179955047823	
0.3063063063063063	0.7618566563087764	5.1499022211982055	2.2476993963703316	0.6442091740280338	0.40878083581094204	0.12354720522020593	0.029122588593566014	0.010314076338300324	0.007383349345367334	0.013045074194176939	0.016766610392253984	0.014577870612656854	0.015303238782219493	
0.30930930930930933	0.7244682077838718	5.082283593244959	2.3623899842851848	0.6675719133905141	0.4088083553030261	0.12292612665184638	0.028891045709252074	0.010136981175849621	0.007370350044311567	0.013062438892903103	0.016830253742650472	0.014575000468381446	0.015141297609391159	
0.3123123123123123	0.6870797592589677	4.9136407623643965	2.4770805722000357	0.6909346527529941	0.40883587479511013	0.12209541606079119	0.028659502824938142	0.009959886013398922	0.007357350743255801	0.013079803591629269	0.016893897093046957	0.014572130324106038	0.014979356436562829	
0.3153153153153153	0.6496913107340636	4.7196203375226045	2.614832835367951	0.714297392115474	0.4088633942871942	0.12038390502880504	0.02842795994062421	0.009782790850948223	0.007344351442200034	0.013097168290355433	0.016957540443443442	0.014569260179830632	0.014817415263734498	
0.3183183183183183	0.6164951427859877	4.525599912680812	2.8683197928135558	0.7376601314779541	0.4088909137792783	0.11867239399681889	0.02811697782437173	0.009605695688497524	0.0073864667657475	0.0131145329890816	0.017021183793839927	0.014572586550138381	0.014674932118094168	
0.3213213213213213	0.5942532819709422	4.33157948783902	3.1218067502591604	0.761022870840434	0.4082685013582038	0.11696088296483273	0.027783497821177436	0.009570504115836433	0.007480350606705813	0.013131897687807764	0.017119240200889986	0.014601287992892455	0.014577480792852341	
0.32432432432432434	0.5720114211558962	4.137559062997225	3.3752937077047696	0.7843856102029143	0.40641455662833026	0.11524937193284655	0.02745001781798314	0.00961477790644911	0.007574234447664128	0.01314926238653393	0.01735645632509506	0.01462998943564653	0.014480029467610511	
0.32732732732732733	0.5497695603408506	3.9435386381554323	3.6287806651503742	0.810147496141888	0.4045606118984567	0.1135378609008604	0.027116537814788847	0.009659051697061787	0.007668118288622441	0.013294196361645878	0.017593672449300133	0.014658690878400604	0.014382578142368685	
0.3303303303303303	0.527527699525805	3.7495182133136398	3.882267622595979	0.8435953392952635	0.40270666716858317	0.11182634986887426	0.026783057811594558	0.009703325487674462	0.007762002129580754	0.013440349242591102	0.0178308885735052	0.014687392321154678	0.014285126817126858	
0.3333333333333333	0.5052858387107595	3.5554977884718477	4.135754580041583	0.8770431824486392	0.4008527224387097	0.11011483883688811	0.026449577808400265	0.009747599278287139	0.007855885970539067	0.013586502123536326	0.018068104697710273	0.014716093763908752	0.014187675491885031	
0.3363363363363363	0.4830439778957139	3.3614773636300557	4.389241537487188	0.9104910256020148	0.3989987777088361	0.10840332780490196	0.026116097805205973	0.009791873068899814	0.00794976981149738	0.01373265500448155	0.018305320821915345	0.014744795206662827	0.014090224166643203	
0.33933933933933935	0.46080211708066793	3.16745693878826	4.642728494932797	0.9439388687553911	0.3971448329789626	0.10669181677291577	0.025782617802011677	0.009836146859512491	0.008043653652455695	0.013878807885426777	0.018542536946120416	0.014773496649416901	0.013992772841401374	
0.34234234234234234	0.43856025626562234	3.018885840460433	4.896215452378402	0.9773867119087667	0.39529088824908903	0.10552300128405996	0.025449137798817384	0.009880420650125168	0.008137537493414008	0.014024960766372002	0.018779753070325488	0.014802198092170976	0.013895321516159548	
0.34534534534534533	0.4163183954505768	2.8773564298293404	5.110809208702921	1.0108345550621423	0.39343694351921554	0.10572719149831514	0.025115657795623095	0.009924694440737843	0.00823142133437232	0.014171113647317225	0.01901696919453056	0.01483089953492505	0.013797870190917721	
0.3483483483483483	0.3969029396523921	2.735827019198248	5.227376757180386	1.0442823982155178	0.391582998789342	0.10593138171257033	0.025124846217507994	0.00996896823135052	0.008283013767984316	0.01431726652826245	0.019254185318735628	0.014820590578685048	0.013648461475281277	
0.35135135135135137	0.38529426132870775	2.5942976085671523	5.343944305657854	1.077730241368894	0.393397031151503	0.10613557192682552	0.025162708575949263	0.00994156925281465	0.008311901103663796	0.014463419409207676	0.019415167956696937	0.014724440745458894	0.013423463562590584	
0.35435435435435436	0.3736855830050236	2.4527681979360603	5.460511854135319	1.1111780845222698	0.3994107643690304	0.1063397621410807	0.025200570934390532	0.009893010901820104	0.008340788439343279	0.01460606164971591	0.019426739474950844	0.014628290912232743	0.013198465649899894	
0.35735735735735735	0.3620769046813394	2.3112387873049673	5.577079402612784	1.1605520258070467	0.4054244975865578	0.10654395235533588	0.025238433292831798	0.009844452550825557	0.00836967577502276	0.014726167482571885	0.01943831099320475	0.014532141079006591	0.012973467737209206	
0.36036036036036034	0.3504682263576553	2.169709376673875	5.693646951090249	1.2338472346053402	0.4114382308040852	0.10674814256959106	0.025276295651273067	0.009795894199831012	0.00839856311070224	0.014846273315427861	0.019449882511458655	0.01443599124578044	0.012748469824518516	
0.36336336336336333	0.3388595480339711	2.0281799660427824	5.8102144995677145	1.3071424434036336	0.4174519640216126	0.10695233278384625	0.025314158009714337	0.009747335848836466	0.008427450446381721	0.014966379148283837	0.019461454029712562	0.014339841412554288	0.012523471911827828	
0.3663663663663664	0.3272508697102867	1.8866505554116875	5.926782048045181	1.3804376522019286	0.4234656972391401	0.10715652299810143	0.025352020368155606	0.00969877749784192	0.008456337782061204	0.015086484981139816	0.01947302554796647	0.014243691579328133	0.012298473999137135	
0.36936936936936937	0.3156421913866026	1.7451211447805948	6.0433495965226465	1.4537328610002218	0.4294794304566676	0.10736071321235661	0.025389882726596872	0.009650219146847373	0.008485225117740684	0.015206590813995792	0.019484597066220376	0.014147541746101982	0.012073476086446445	
0.37237237237237236	0.3040335130629184	1.691393482657399	6.159917145000112	1.5270280697985155	0.435493163674195	0.10826077551017539	0.02542774508503814	0.009601660795852826	0.008514112453420165	0.015326696646851767	0.019496168584474283	0.01405139191287583	0.011848478173755757	
0.37537537537537535	0.2924248347392343	1.644024617898293	6.211147752107791	1.600323278596809	0.4415068968917224	0.11032394746671213	0.025493111301456827	0.00955310244485828	0.008542999789099646	0.015446802479707745	0.019507740102728186	0.013955242079649679	0.011623480261065067	
0.3783783783783784	0.2825184275298764	1.5966557531391858	6.165170801984832	1.6736184873951037	0.4475206301092499	0.11238711942324892	0.02594600335819668	0.009504544093863733	0.008646785632853378	0.015566908312563722	0.019519311620982093	0.013871394866977391	0.011416126697233004	
0.3813813813813814	0.27758953334576003	1.5492868883800797	6.1191938518618745	1.746913696193397	0.4600169441394532	0.11445029137978566	0.026398895414936525	0.009681702307876808	0.008771001176275146	0.0156870141454197	0.019476327562901432	0.013803946476505319	0.011225523369921784	
0.3843843843843844	0.2726606391616436	1.5019180236209735	6.073216901738917	1.8202089049916905	0.47707468404861064	0.1165134633363224	0.026851787471676367	0.009883076645824777	0.008895216719696914	0.01578329774115693	0.019373630338398017	0.013736498086033246	0.011034920042610563	
0.38738738738738737	0.2677317449775273	1.4545491588618673	6.027239951615959	1.9482872388511272	0.4941324239577681	0.11857663529285914	0.027304679528416212	0.010084450983772744	0.009019432263118682	0.01581802713860926	0.0192709331138946	0.013669049695561175	0.010844316715299342	
0.39039039039039036	0.2628028507934109	1.4071802941027611	5.9812630014930015	2.1191542001966956	0.5111901638669255	0.12063980724939588	0.027757571585156054	0.010285825321720713	0.00914364780654045	0.01585275653606159	0.019168235889391184	0.013601601305089103	0.010653713387988121	
0.3933933933933934	0.2578739566092945	1.359811429343654	5.935286051370043	2.2900211615422674	0.5282479037760832	0.12270297920593265	0.028210463641895906	0.010487199659668685	0.009267863349962222	0.015887485933513922	0.01906553866488777	0.01353415291461703	0.010463110060676897	
0.3963963963963964	0.25294506242517817	1.312442564584548	5.889309101247085	2.460888122887836	0.5453056436852406	0.12476615116246939	0.02866335569863575	0.010688573997616652	0.00939207889338399	0.01592221533096625	0.018962841440384355	0.013466704524144958	0.010272506733365676	
0.3993993993993994	0.2480161682410618	1.265073699825442	5.843332151124128	2.6317550842334048	0.562363383594398	0.12682932311900613	0.029116247755375593	0.010889948335564621	0.009516294436805758	0.015956944728418583	0.01886014421588094	0.013399256133672887	0.010081903406054455	
0.4024024024024024	0.24308727405694544	1.2395567244698733	5.79735520100117	2.8026220455789734	0.5794211235035555	0.12878625268732863	0.02956913981211544	0.01109132267351259	0.009640509980227526	0.015991674125870915	0.018757446991377526	0.013331807743200814	0.009891300078743235	
0.40540540540540543	0.238158379872829	1.21405970797964	5.689343890585227	2.973489006924545	0.5964788634127132	0.13062112864042735	0.030037610142179535	0.01129269701146056	0.009764725523649296	0.016026403523323244	0.018654749766874108	0.013264359352728742	0.00970069675143201	
0.4084084084084084	0.2335666699254062	1.1885626914894074	5.52403974493809	3.144355968270114	0.6135366033218705	0.13245600459352602	0.0305647706712465	0.011493290979729434	0.009879632168117268	0.016061132920775576	0.018552052542370693	0.01322505816218406	0.009558854856707434	
0.4114114114114114	0.23002042296801545	1.1630656749991746	5.358735599290954	3.3152229296156825	0.6322498725457086	0.13429088054662472	0.031091931200313463	0.01167181432897409	0.009993737144051216	0.01609586231822791	0.01853681812633097	0.013209272368669318	0.009447072454224163	
0.4144144144144144	0.22647417601062467	1.137568658508942	5.193431453643817	3.4860898909612508	0.651646769282011	0.1361257564997234	0.031619091729380426	0.011850337678218748	0.010107842119985166	0.016141004179671167	0.0185758720004379	0.013193486575154578	0.00933529005174089	
0.4174174174174174	0.2229279290532339	1.1120716420187091	5.02812730799668	3.6772610502943914	0.6710436660183136	0.13796063245282209	0.03214625225844739	0.012028861027463403	0.010221947095919117	0.016200333566985567	0.018614925874544833	0.013177700781639837	0.009223507649257619	
0.42042042042042044	0.21938168209584308	1.0865746255284758	4.862823162349541	3.8762014704505767	0.6904405627546163	0.13979550840592078	0.032673412787514365	0.012207384376708064	0.010336052071853069	0.016259662954299967	0.018653979748651767	0.013161914988125096	0.009111725246774345	
0.42342342342342343	0.2158354351384523	1.061077609038243	4.697519016702405	4.0751418906067585	0.7098374594909187	0.14163038435901948	0.03320057331658133	0.01238590772595272	0.010450157047787019	0.016318992341614363	0.0186930336227587	0.013146129194610355	0.008999942844291073	
0.4264264264264264	0.21228918818106152	1.0355805925480104	4.532214871055268	4.274082310762941	0.7292343562272211	0.14346526031211815	0.03372773384564829	0.012564431075197377	0.01056426202372097	0.016378321728928762	0.018732087496865633	0.013130343401095614	0.008888160441807801	
0.4294294294294294	0.20874294122367076	1.0104833727645062	4.366910725408131	4.473022730919123	0.7486312529635235	0.14530013626521682	0.03425489437471525	0.012742954424442033	0.010678366999654918	0.01643765111624316	0.018771141370972563	0.013114557607580873	0.00877637803932453	
0.43243243243243246	0.20519669426627993	0.9910709523477713	4.201606579760991	4.671963151075309	0.7680281496998264	0.1487437553720855	0.03478205490378223	0.012921477773686693	0.01079247197558887	0.016496980503557558	0.018810195245079497	0.013098771814066133	0.008664595636841254	
0.43543543543543545	0.20165044730888915	0.9716585319310367	4.041243097632432	4.870903571231491	0.7874250464361288	0.15346990803953356	0.03542341398987908	0.01310000112293135	0.010910199125339587	0.016556309890871954	0.01884924911918643	0.013082986020551392	0.008552813234357982	
0.43843843843843844	0.19844175048222448	0.9522461115143022	3.8836857061366383	5.069843991387673	0.8068219431724312	0.1581960607069816	0.036273860810252294	0.013285130345882423	0.011089300606552369	0.016615639278186354	0.018888302993293363	0.012915423858779631	0.008470093762294531	
0.44144144144144143	0.1963448513212909	0.9328336910975675	3.7261283146408455	5.268784411543854	0.8381626048196126	0.1629222133744297	0.037124307630625505	0.013503642925357877	0.011268402087765151	0.01667496866550075	0.018752256329937614	0.012670026523232293	0.008398438376087307	
0.4444444444444444	0.1942479521603573	0.913421270680833	3.568570923145052	5.467724831700036	0.8719753702250027	0.16764836604187774	0.037974754450998724	0.013722155504833331	0.011447503568977932	0.016716231014093266	0.01855987983896643	0.012424629187684956	0.00832678298988008	
0.44744744744744747	0.19215105299942367	0.894008850264098	3.4110135316492562	5.5755550930031195	0.9057881356303934	0.1723745187093259	0.038825201271371956	0.013940668084308789	0.011626605050190718	0.016743725120409697	0.01836750334799524	0.012179231852137614	0.008255127603672852	
0.45045045045045046	0.1900541538384901	0.8745964298473634	3.2534561401534634	5.671550822162283	0.9396009010357835	0.17710067137677396	0.03967564809174517	0.014159180663784243	0.0118057065314035	0.016771219226726124	0.018175126857024056	0.011933834516590277	0.008183472217465626	
0.45345345345345345	0.1879572546775565	0.8551840094306289	3.09589874865767	5.7675465513214474	0.9734136664411737	0.181826824044222	0.040526094912118386	0.014377693243259698	0.011984808012616283	0.01679871333304255	0.017982750366052867	0.011688437181042939	0.008111816831258402	
0.45645645645645644	0.18586035551662292	0.8357715890138944	2.9383413571618773	5.863542280480612	1.0072264318465638	0.1865529767116701	0.0413765417324916	0.014596205822735152	0.012163909493829065	0.01682620743935898	0.017790373875081682	0.011443039845495601	0.008040161445051175	
0.45945945945945943	0.18376345635568933	0.8173074723667829	2.780783965666084	5.959538009639776	1.041039197251954	0.19127912937911815	0.042226988552864816	0.014814718402210606	0.012343010975041847	0.01685370154567541	0.017597997384110498	0.011197642509948263	0.007968506058843949	
0.4624624624624625	0.1816665571947557	0.8050615119515685	2.623226574170288	6.0555337387989425	1.0748519626573447	0.19934710080451323	0.04307743537323804	0.015033230981686066	0.012522112456254631	0.016881195651991837	0.01740562089313931	0.01095224517440092	0.007896850672636721	
0.46546546546546547	0.1795696580338221	0.7928155515363544	2.511470149182547	6.151529467958107	1.1086647280627349	0.20923472833230058	0.04452248369390386	0.01525174356116152	0.012722979194228648	0.016908689758308264	0.017213244402168124	0.010706847838853582	0.007825195286429495	
0.46846846846846846	0.17798375964213276	0.7805695911211402	2.414521988781073	6.247525197117271	1.142477493468125	0.21912235586008796	0.04656996353884346	0.015559524969212046	0.013016185651375377	0.016936183864624692	0.01702086791119694	0.010601983083565185	0.007708344520428333	
0.47147147147147145	0.17818941973213814	0.768323630705926	2.3175738283795995	6.343520926276435	1.2457383563948046	0.22900998338787532	0.04861744338378306	0.016079384962212485	0.013309392108522106	0.01696367797094112	0.016880342583461713	0.010537404837368518	0.007582231040703614	
0.4744744744744745	0.17839507982214356	0.7560776702907116	2.220625667978124	6.43429059767972	1.3527095189141933	0.23889761091566286	0.050664923228722694	0.016599244955212936	0.01360259856566884	0.017057089529021144	0.016745823683760055	0.010472826591171852	0.0074561175609788935	
0.4774774774774775	0.17860073991214892	0.7438317098754974	2.12367750757665	6.418683628458367	1.4596806814335799	0.2487852384434502	0.05271240307366229	0.017119104948213375	0.01389580502281557	0.017177195361877125	0.016611304784058402	0.010408248344975187	0.0073300040812541755	
0.4804804804804805	0.1788064000021543	0.7315857494602832	2.026729347175176	6.403076659237013	1.5666518439529666	0.25867286597123756	0.054759882918601885	0.017638964941213815	0.014189011479962299	0.017297301194733106	0.01647678588435675	0.010343670098778523	0.007203890601529457	
0.48348348348348347	0.1790120600921597	0.719339789045069	1.9297811867737025	6.38746969001566	1.6736230064723534	0.26856049349902494	0.05680736276354149	0.01815882493421426	0.014482217937109028	0.017417407027589083	0.016342266984655098	0.010279091852581856	0.0070777771218047385	
0.48648648648648646	0.17921772018216509	0.7070938286298548	1.8328330263722286	6.371862720794307	1.78059416899174	0.27844812102681227	0.05885484260848108	0.0186786849272147	0.014775424394255757	0.017537512860445064	0.016207748084953445	0.010214513606385192	0.00695166364208002	
0.4894894894894895	0.17942338027217047	0.6955897206136099	1.7358848659707529	6.356255751572953	1.8875653315111287	0.28833574855459987	0.06090232245342072	0.019198544920215145	0.015068630851402491	0.017657618693301045	0.016073229185251788	0.010149935360188525	0.006825550162355299	
0.4924924924924925	0.17962904036217586	0.6870727077453088	1.6389367055692792	6.3406487823516	1.9945364940305153	0.3083893782572595	0.06294980229836032	0.01971840491321559	0.01536183730854922	0.017777724526157026	0.015938710285550134	0.01008535711399186	0.00669943668263058	
0.4954954954954955	0.17983470045218125	0.6785556948770076	1.5672910548981505	6.325041813130247	2.101507656549902	0.33204282939608404	0.06634074238690593	0.020238264906216028	0.015732680622855665	0.017897830359013007	0.01580419138584848	0.010020778867795196	0.006573323202905862	
0.4984984984984985	0.18037806284805027	0.6700386820087064	1.4993070283005674	6.309434843908893	2.2196793600151463	0.35569628053490854	0.07048667063622535	0.021131583194657848	0.016264207599358114	0.018017936191868988	0.015670241626376924	0.009935687444390212	0.006512906100730821	
0.5015015015015015	0.18218453661161144	0.6615216691404051	1.4313230017029832	6.2938278746875405	2.486537323148612	0.3793497316737335	0.07463259888554485	0.022525493505560133	0.016795734575860578	0.01813804202472497	0.01555163356427438	0.009848148043990281	0.006457014899489186	
0.5045045045045045	0.18399101037517254	0.6530046562721041	1.3633389751054015	6.223687771551636	2.753395286282068	0.40300318281255754	0.07877852713486419	0.023919403816462365	0.01732726155236302	0.018208600204188963	0.015433025502171837	0.009760608643590352	0.006401123698247553	
0.5075075075075075	0.18579748413873373	0.6444876434038028	1.2953549485078173	5.9466749120702564	3.0202532494155334	0.42665663395138254	0.08292445538418369	0.02531331412736465	0.017858788528865483	0.018270823707957715	0.01531441744006929	0.00967306924319042	0.006345232497005918	
0.5105105105105106	0.1876039579022949	0.6359706305355015	1.227370921910233	5.669662052588877	3.287111212548999	0.4503100850902074	0.08707038363350318	0.026707224438266935	0.018390315505367943	0.018333047211726468	0.015195809377966746	0.009585529842790489	0.006289341295764283	
0.5135135135135135	0.189410431665856	0.6274536176672005	1.1593868953126512	5.392649193107507	3.5539691756824547	0.47396353622903153	0.09121631188282253	0.028101134749169168	0.018921842481870385	0.018395270715495217	0.015077201315864203	0.00949799044239056	0.006233450094522651	
0.5165165165165165	0.19121690542941716	0.6189366047988992	1.091402868715067	5.115636333626128	3.8208271388159205	0.4976169873678565	0.09536224013214202	0.029495045060071452	0.019453369458372848	0.01845749421926397	0.014958593253761657	0.009410451041990628	0.0061775588932810165	
0.5195195195195195	0.19302337919297827	0.6090042182263883	1.023418842117485	4.838623474144758	4.0876851019493765	0.5212704385066805	0.09950816838146137	0.030888955370973685	0.01998489643487529	0.018519717723032722	0.014839985191659116	0.0093229116415907	0.006121667692039383	
0.5225225225225225	0.19482985295653943	0.5951574972553886	0.9554348155199008	4.561610614663379	4.354543065082842	0.578557079051687	0.10365409663078086	0.03228286568187597	0.02051642341137775	0.018581941226801475	0.01472137712955657	0.009235372241190767	0.006065776490797749	
0.5255255255255256	0.19663632672010062	0.581310776284389	0.9074435408817363	4.284597755181999	4.621401028216308	0.6427550496085572	0.11214823553515939	0.033676775992778255	0.021165085997205187	0.018644164730570227	0.014602769067454025	0.009148121319361059	0.006011360913905138	
0.5285285285285285	0.19826438893595222	0.5674640553133898	0.859623964840602	4.00758489570063	4.879990372240622	0.706953020165425	0.12184245554068056	0.03542472166013138	0.021950821527687056	0.018706388234338976	0.01447680542381391	0.009090718433852915	0.005991297405767113	
0.5315315315315315	0.1991787425793547	0.5536173343423902	0.811804388799466	3.7305720362192503	5.103516722496254	0.7711509907222953	0.13153667554620208	0.037452746907550696	0.022736557058168953	0.018768633229365856	0.014316250608040969	0.009033315548344769	0.005971233897629087	
0.5345345345345345	0.20009309622275714	0.5397706133713911	0.7639848127583317	3.474786712088587	5.327043072751879	0.8353489612791631	0.14123089555172325	0.03948077215496994	0.023522292588650823	0.018916233168538268	0.014155695792268034	0.008975912662836625	0.005951170389491061	
0.5375375375375375	0.20100744986615965	0.5259238924003915	0.7161652367171958	3.255083268213795	5.550569423007512	0.8995469318360333	0.1509251155572448	0.041508797402389254	0.02430802811913272	0.01906383310771068	0.013995140976495093	0.008918509777328477	0.005931106881353036	
0.5405405405405406	0.20192180350956213	0.5120771714293919	0.6683456606760598	3.035379824339003	5.774095773263145	0.9637449023929034	0.1606193355627663	0.04353682264980857	0.025093763649614617	0.019211433046883095	0.013834586160722152	0.008861106891820332	0.00591104337321501	
0.5435435435435435	0.20283615715296457	0.49823045045839276	0.6205260846349254	2.815676380464219	5.997622123518769	1.0279428729497715	0.17031355556828748	0.04556484789722781	0.025879499180096487	0.019359032986055503	0.013674031344949216	0.008803704006312188	0.005890979865076985	
0.5465465465465466	0.20375051079636705	0.4843837294873931	0.5727065085937895	2.595972936589427	6.221148473774402	1.0921408435066415	0.18000777557380904	0.04759287314464712	0.026665234710578384	0.019506632925227918	0.013513476529176276	0.008746301120804042	0.005870916356938959	
0.5495495495495496	0.20466486443976956	0.47032497212656116	0.5248869325526535	2.376269492714635	6.444674824030035	1.1563388140635118	0.18970199557933054	0.04962089839206644	0.02745097024106028	0.019654232864400333	0.013352921713403335	0.008688898235295894	0.0058508528488009325	
0.5525525525525525	0.205579218083172	0.45583993722168364	0.47992007864435654	2.156566048839851	6.6682011742856595	1.2904249502805398	0.1993962155848517	0.05164892363948568	0.02823670577154215	0.01980183280357274	0.0131923668976304	0.00863149534978775	0.005830789340662908	
0.5555555555555556	0.20649357172657448	0.4413549023168056	0.45817909566412657	1.9368626049650588	6.8917275245412934	1.4305405588999682	0.2143522203822577	0.053676948886904996	0.02915582811172293	0.019949432742745157	0.013031812081857459	0.00857481435512652	0.005805675865970638	
0.5585585585585585	0.20715498874815627	0.426869867411928	0.43643811268389743	1.7171591610902748	7.021995936614667	1.5706561675193917	0.22972142542030358	0.05665208995963981	0.03016544049372077	0.020097032681917565	0.012907700583239088	0.008523151758169189	0.0057512177724531495	
0.5615615615615616	0.20673116221132076	0.41238483250704994	0.41469712970366746	1.4974557172154825	6.9462260845413235	1.7107717761388206	0.24509063045835003	0.06005403090284598	0.03117505287571865	0.020265123971231324	0.012862860950005203	0.008471489161211853	0.0056967596789356595	
0.5645645645645646	0.20630733567448528	0.39789979760217187	0.3929561467234375	1.3584093757712725	6.870456232467981	1.850887384758249	0.26045983549639645	0.06345597184605214	0.03218466525771653	0.02055453561666741	0.012818021316771316	0.008419826564254518	0.0056423015854181685	
0.5675675675675675	0.2058835091376498	0.38341476269729435	0.3712151637432083	1.2902629920051503	6.79468638039464	1.9910029933776725	0.27582904053444235	0.06685791278925819	0.03319427763971437	0.020843947262103486	0.012773181683537433	0.008368163967297186	0.00558784349190068	
0.5705705705705706	0.2054596826008143	0.3689297277924163	0.3494741807629783	1.2221166082390251	6.718916528321296	2.1311186019971013	0.29119824557248875	0.07025985373246435	0.03420389002171225	0.021133358907539573	0.012728342050303546	0.008316501370339851	0.00553338539838319	
0.5735735735735735	0.2050358560639788	0.35444469288753877	0.3277331977827491	1.1539702244729029	6.643146676247956	2.271234210616525	0.30656745061053464	0.0736617946756704	0.03521350240371009	0.021422770552975645	0.012683502417069661	0.008264838773382518	0.005478927304865702	
0.5765765765765766	0.2046120295271433	0.3399596579826607	0.30599221480251915	1.085823840706778	6.567376824174612	2.4113498192359533	0.3219366556485811	0.07706373561887657	0.03622311478570797	0.02171218219841173	0.012638662783835776	0.008213176176425183	0.005424469211348211	
0.5795795795795796	0.20418820299030782	0.32702352813388136	0.2842512318222892	1.0176774569406528	6.491606972101269	2.552685777797022	0.3373058606866275	0.08046567656208274	0.03723272716770584	0.022001593843847818	0.012593823150601889	0.00816151357946785	0.005370011117830721	
0.5825825825825826	0.20376437645347234	0.3164223989469473	0.2651802095131445	0.9495310731745306	6.415837120027929	2.797820383973161	0.3535632759689627	0.08386761750528879	0.038242339549703686	0.022291005489283894	0.012548983517368006	0.008109850982510516	0.005315553024313233	
0.5855855855855856	0.20334054991663683	0.3058212697600129	0.25518596676129335	0.8813846894084055	6.340067267954585	3.042954990149309	0.381499871520401	0.08726955844849495	0.03962351499710331	0.022580417134719977	0.012504143884134119	0.00808561784509935	0.005280994237268172	
0.5885885885885885	0.20284002625016076	0.2952201405730788	0.24519172400944247	0.8132383056422832	6.196545253833608	3.2880895963254484	0.4094364670718383	0.0927957531303315	0.041141544487060006	0.022869828780156053	0.012555290810083865	0.008147325947020608	0.005305357068578626	
0.5915915915915916	0.20198542520047605	0.2846190113861444	0.23519748125759127	0.7450919218761582	5.964072171862014	3.5332242025015965	0.4373730626232766	0.09878699673098225	0.04265957397701676	0.02327790316880224	0.012721631384983764	0.00820903404894187	0.005329719899889082	
0.5945945945945946	0.20113082415079137	0.27401788219921	0.22520323850574006	0.7021162452447717	5.7315990898904206	3.7783588086777447	0.4653096581747149	0.10477824033163298	0.04417760346697351	0.02397827935075759	0.012887971959883665	0.00827074215086313	0.005354082731199536	
0.5975975975975976	0.20027622310110668	0.26341675301227596	0.21520899575388922	0.670240087800458	5.499126007918835	4.023493414853884	0.49324625372615216	0.11076948393228349	0.04569563295693021	0.02467865553271292	0.01305431253478356	0.00833245025278439	0.005378445562509991	
0.6006006006006006	0.199421622051422	0.2528156238253415	0.205214753002038	0.638363930356143	5.266652925947241	4.268628021030032	0.5211828492775905	0.11676072753293423	0.04721366244688696	0.025379031714668272	0.013220653109683459	0.00839415835470565	0.005402808393820446	
0.6036036036036035	0.19856702100173731	0.24221449463840747	0.19522051025018716	0.6064877729118293	5.0341798439756555	4.513762627206171	0.5491194448290277	0.12275197113358474	0.048731691936843666	0.0260794078966236	0.013386993684583353	0.00845586645662691	0.005427171225130901	
0.6066066066066066	0.19771241995205263	0.23161336545147304	0.18522626749833596	0.5746116154675143	4.801706762004062	4.758897233382319	0.5770560403804661	0.12874321473423547	0.05024972142680041	0.026779784078578953	0.013553334259483253	0.008517574558548171	0.005451534056441356	
0.6096096096096096	0.19685781890236792	0.2229442743581344	0.17523202474648475	0.5427354580231994	4.569233680032468	4.997578145401147	0.6049926359319044	0.1347344583348862	0.05176775091675717	0.027480160260534306	0.013719674834383154	0.008579282660469431	0.005475896887751811	
0.6126126126126126	0.19600321785268326	0.2164943181933066	0.16666252164446177	0.5108593005788856	4.3367605980608825	5.179849107351072	0.6398057150327442	0.1407257019355367	0.05328578040671387	0.02818053644248963	0.013886015409283048	0.00864099076239069	0.005500259719062266	
0.6156156156156156	0.19514861680299855	0.21004436202847857	0.1607955892761049	0.4789831431345707	4.104287516089289	5.362120069301003	0.6998510467869382	0.14671694553618747	0.05634454135739235	0.028880912624444983	0.014052355984182948	0.00875357931889054	0.005516924612302344	
0.6186186186186187	0.1943151427992457	0.20359440586365052	0.154928656907748	0.4471069856902558	3.8783165541847686	5.544391031250935	0.7598963785411321	0.15820465566547448	0.05964203072520517	0.02958128880640034	0.01425221093249276	0.008957359562444471	0.0055197908277506355	
0.6216216216216216	0.19358699491301032	0.19714444969882272	0.14906172453939132	0.41523082824594204	3.6575986405160417	5.72666199320086	0.8199417102953239	0.1699729148476819	0.06293952009301787	0.030607474998383604	0.014474962658880444	0.009161139805998395	0.0055226570431989265	
0.6246246246246246	0.1928588470267749	0.19069449353399467	0.14319479217103442	0.39506118242441124	3.4368807268473067	5.908932955150791	0.8799870420495178	0.18174117402988973	0.06623700946083068	0.032060321458472776	0.014697714385268137	0.009364920049552326	0.005525523258647217	
0.6276276276276276	0.1921306991405395	0.18424453736916688	0.13732785980267775	0.37686461881030026	3.2161628131785798	6.091203917100716	0.9400323738037096	0.19350943321209715	0.06953449882864338	0.0335131679185619	0.01492046611165582	0.00956870029310625	0.005528389474095508	
0.6306306306306306	0.1914025512543041	0.17779458120433883	0.13146092743432086	0.3586680551961886	2.995444899509845	6.2734748790506485	1.0000777055579035	0.205277692394305	0.07283198819645618	0.03496601437865107	0.015143217838043514	0.009772480536660182	0.005531255689543799	
0.6336336336336337	0.19067440336806868	0.1713446250395108	0.12559399506596397	0.34047149158207696	2.77472698584111	6.45574584100058	1.0601230373120976	0.21704595157651285	0.07612947756426901	0.03641886083874025	0.015365969564431207	0.009976260780214114	0.00553412190499209	
0.6366366366366366	0.1899462554818333	0.16489466887468301	0.1197270626976073	0.322274927967966	2.554009072172383	6.638016802950505	1.1201683690662894	0.22881421075872027	0.0794269669320817	0.03787170729882937	0.01558872129081889	0.010180041023768037	0.005536988120440381	
0.6396396396396397	0.18921810759559787	0.15902484437391684	0.11386013032925041	0.3040783643538543	2.333291158503648	6.7842880139511	1.1802137008204832	0.24058246994092813	0.08272445629989451	0.03932455375891854	0.015811473017206583	0.01038382126732197	0.005539854335888673	
0.6426426426426426	0.1884899597093625	0.1536652819446904	0.10869480562525416	0.28588180073974334	2.112573244834921	6.780709013251238	1.2716845342034617	0.2523507291231355	0.08602410359463258	0.040777400219007665	0.016034224743594266	0.010587601510875894	0.005542720551336964	
0.6456456456456456	0.1877618118231271	0.14830571951546373	0.10434288944272735	0.2676852371256317	1.891855331166186	6.7771300125513765	1.4195967499434097	0.2650821895079736	0.09182756933264041	0.04223024667909683	0.01625697646998196	0.010727397869905526	0.005570841041263913	
0.6486486486486487	0.18670546309298855	0.1429461570862371	0.09999097326020055	0.24948867351152001	1.7526831334552526	6.773551011851515	1.5675089656833578	0.28852873210436997	0.09763103507064826	0.04368309313918601	0.016671813293346004	0.010796281332515307	0.0056281653502296925	
0.6516516516516516	0.18387485766500855	0.13758659465701065	0.09563905707767392	0.23142438171619134	1.652971323268779	6.769972011151653	1.7154211814233002	0.3119752747007655	0.10343450080865588	0.045336408926295674	0.017156370620228303	0.010865164795125084	0.00568548965919547	
0.6546546546546547	0.18104425223702847	0.13222703222778398	0.09128714089514711	0.2207638125046822	1.5532595130823017	6.766393010451791	1.8633333971632484	0.3354218172971619	0.1092379665466637	0.04713654936090819	0.01764092794711062	0.010934048257734863	0.00574281396816125	
0.6576576576576576	0.17821364680904847	0.12686746979855754	0.08693522471262048	0.2101032432931734	1.4535477028958281	6.76281400975193	2.011245612903191	0.3588683598935574	0.11504143228467134	0.04893668979552064	0.01812548527399292	0.01100293172034464	0.005800138277127028	
0.6606606606606606	0.17538304138106836	0.12150790736933088	0.08258330853009369	0.19944267408166422	1.353835892709351	6.759235009052068	2.159157828643139	0.3823149024899538	0.12084489802267917	0.05073683023013315	0.01861004260087524	0.01107181518295442	0.005857462586092807	
0.6636636636636637	0.17255243595308828	0.11614834494010423	0.07823139234756689	0.18878210487015507	1.2541240825228739	6.755656008352206	2.307070044383087	0.40576144508635026	0.126648363760687	0.052536970664745664	0.019094599927757555	0.011140698645564199	0.005914786895058586	
0.6666666666666666	0.16972183052510828	0.11078878251087779	0.07387947616504024	0.17812153565864627	1.1544122723364003	6.752077007652345	2.4549822601230296	0.42920798768274576	0.13245182949869463	0.05433711109935811	0.019579157254639854	0.011209582108173976	0.005972111204024364	
0.6696696696696697	0.16689122509712817	0.10601135357588577	0.06952755998251345	0.1674609664471371	1.0547004621499232	6.67864511444555	2.6028944758629775	0.45265453027914215	0.13825529523670246	0.05613725153397063	0.02006371458152217	0.011278465570783757	0.006029435512990144	
0.6726726726726726	0.1640606196691482	0.10162418921074179	0.06596777185588007	0.15680039723562833	0.9549886519634495	6.429748587169279	2.801119635473901	0.4761010728755377	0.1441158728063096	0.05793739196858308	0.02054827190840447	0.011347349033393534	0.006086759821955921	
0.6756756756756757	0.1612300142411681	0.09723702484559764	0.0629792271795822	0.14613982802411915	0.8552768417769724	6.180852059893	3.0494297195991074	0.5026574437149635	0.1503396492784539	0.05973753240319559	0.02103282923528679	0.011349286690498422	0.006063302460428966	
0.6786786786786787	0.1582104385618826	0.09284986048045349	0.059990682503284314	0.13547925881260997	0.799778025570497	5.931955532616719	3.2977398037243133	0.5406686352361361	0.1565634257505982	0.0615376728378081	0.021158653566354255	0.011304799454229603	0.005978749104704441	
0.6816816816816816	0.15407778242893602	0.0884626961153095	0.05700213782698654	0.1256554689602749	0.7557033864063933	5.683059005340448	3.5460498878495104	0.5786798267573072	0.16278720222274226	0.06308933650918877	0.021232421995222902	0.011260312217960783	0.005894195748979918	
0.6846846846846847	0.1499451262959893	0.08407553175016536	0.05401359315068867	0.11966079651338524	0.7116287472422881	5.434162478064168	3.7943599719747167	0.6166910182784798	0.16901097869488654	0.06454507708573229	0.021306190424091553	0.011215824981691963	0.005809642393255392	
0.6876876876876877	0.14581247016304255	0.07968836738502122	0.05102504847439078	0.11366612406649557	0.6675541080781828	5.185265950787888	4.042670056099923	0.6547022097996523	0.17523475516703085	0.06600081766227582	0.021379958852960203	0.011171337745423143	0.0057250890375308665	
0.6906906906906907	0.141679814030096	0.07530120301987722	0.048036503798093017	0.10767145161960612	0.6234794689140791	4.936369423511617	4.29098014022512	0.6927134013208235	0.1814585316391749	0.06745655823881928	0.021453727281828854	0.011126850509154325	0.0056405356818063435	
0.6936936936936937	0.13754715789714925	0.07091403865473309	0.04504795912179514	0.10167677917271643	0.5794048297499739	4.687472896235336	4.539290224350326	0.7307245928419961	0.1876823081113192	0.06891229881536282	0.021527495710697505	0.011082363272885504	0.005555982326081818	
0.6966966966966966	0.1334145017642027	0.0665268742895891	0.042059414445497365	0.09568210672582698	0.5353301905858701	4.438576368959065	4.787600308475524	0.7687357843631673	0.19390608458346326	0.07036803939190628	0.021601264139566152	0.011037876036616686	0.005471428970357296	
0.6996996996996997	0.12928184563125594	0.06332098926847564	0.03907086976919949	0.0896874342789373	0.4912555514217648	4.1955141295749545	5.035910392600729	0.8067469758843399	0.20012986105560757	0.0718237799684498	0.021675032568434803	0.010993388800347866	0.005386875614632769	
0.7027027027027027	0.12514918949830922	0.0607094465144997	0.03705319820649939	0.08369276183204763	0.4471809122576595	3.962143148520064	5.236038408647979	0.8447581674055125	0.2073963918452869	0.07327952054499333	0.021748800997303457	0.010948901564079044	0.005302322258908244	
0.7057057057057057	0.12101653336536264	0.05809790376052385	0.03545377601975883	0.07769808938515818	0.40310627309355584	3.7287721674651815	5.409603828476438	0.8953675053198017	0.21746940579672172	0.07473526112153679	0.02182214150446807	0.010922669043947451	0.005298060344990475	
0.7087087087087087	0.11700151523935037	0.05548636100654791	0.033854353833018214	0.07170341693826851	0.38230535693432516	3.49540118641029	5.583169248304904	0.9699417069530742	0.22754241974815692	0.07619100169808032	0.021862641818356746	0.010904013106157307	0.005332454930369942	
0.7117117117117117	0.11374569367933221	0.052874818252572064	0.03225493164627766	0.06680174880527147	0.363654383272933	3.262030205355408	5.756734668133363	1.044515908586344	0.23761543369959176	0.07771188533518159	0.021903142132245413	0.010885357168367164	0.0053668495157494075	
0.7147147147147147	0.11048987211931394	0.050263275498596126	0.03065550945953704	0.06401117528320269	0.3450034096115401	3.028659224300517	5.930300087961829	1.1190901102196165	0.24768844765102696	0.07924287293953854	0.021943642446134087	0.010866701230577019	0.005401244101128875	
0.7177177177177178	0.10723405055929566	0.04765173274462019	0.029056087272796426	0.06122060176113392	0.3263524359501471	2.7952882432456256	6.103865507790294	1.193664311852889	0.25776146160246216	0.0807738605438955	0.021984142760022758	0.010848045292786875	0.005435638686508342	
0.7207207207207207	0.1039782289992775	0.04504018999064434	0.02745666508605587	0.05843002823906525	0.30770146228875495	2.561917262190743	6.277430927618752	1.2682385134861587	0.267834475553897	0.0823048481482524	0.02202464307391143	0.010829389354996732	0.005470033271887807	
0.7237237237237237	0.10072240743925923	0.04242864723666839	0.02585724289931525	0.05563945471699648	0.289050488627362	2.3285462811358526	6.4509963474472185	1.3428127151194311	0.2779074895053322	0.08383583575260936	0.0220651433878001	0.010810733417206586	0.005504427857267275	
0.7267267267267267	0.09746658587924106	0.03981710448269255	0.024257820712574693	0.05284888119492781	0.2703995149659698	2.09517530008097	6.624561767275678	1.417386916752701	0.287980503456767	0.08536682335696626	0.02210564370168877	0.010792077479416443	0.005538822442646741	
0.7297297297297297	0.09421076431922279	0.03808373346450833	0.02265839852583408	0.05005830767285904	0.2517485413045769	1.924065921653381	6.798127187104143	1.4919611183859733	0.29805351740820224	0.08689781096132322	0.02214614401557744	0.0107734215416263	0.005573217028026207	
0.7327327327327328	0.09095494275920452	0.03667205031007275	0.02167947345028361	0.04726773415079027	0.23309756764318398	1.8240666001971015	6.795878496745611	1.5665353200192458	0.3109999594555292	0.08842879856568017	0.022186644329466113	0.010754765603836154	0.0056076116134056745	
0.7357357357357357	0.08769912119918635	0.035260367155637226	0.020839705271735596	0.0444771606287216	0.21480978032676726	1.7240672787408258	6.746360356882649	1.66926294413744	0.3281518150152207	0.08995978617003708	0.022260000039327064	0.010840027680991255	0.005591662130730155	
0.7387387387387387	0.08461448595625973	0.03384868400120165	0.019999937093187547	0.04168658710665282	0.20619038572717518	1.6240679572845462	6.696842217019684	1.803032632006652	0.3453036705749129	0.09150030809681653	0.022516019880694738	0.010947658091319036	0.005561566868523121	
0.7417417417417418	0.08274825959898079	0.03243700084676607	0.019160168914639498	0.03967698377794862	0.19757099112758308	1.5240686358282667	6.64732407715672	1.9368023198758642	0.3624555261346051	0.0939878011893397	0.022772039722062407	0.011055288501646818	0.005531471606316088	
0.7447447447447447	0.08088203324170191	0.031025317692330537	0.01832040073609148	0.038439299355725445	0.18895159652799132	1.424069314371991	6.597805937293757	2.070572007745071	0.3796073816942966	0.0964752942818628	0.02302805956343007	0.011162918911974594	0.005501376344109056	
0.7477477477477478	0.07901580688442299	0.029613634537894958	0.017480632557543434	0.03720161493350222	0.18033220192839924	1.3240699929157114	6.548287797430794	2.204341695614283	0.39675923725398876	0.09896278737438599	0.023284079404797743	0.011270549322302374	0.005471281081902022	
0.7507507507507507	0.07714958052714412	0.02820195138345943	0.016640864378995417	0.035963930511279045	0.17171280732880748	1.2240706714594354	6.498769657567831	2.3381113834834903	0.41391109281368027	0.10145028046690908	0.023540099246165406	0.011378179732630151	0.00544118581969499	
0.7537537537537538	0.07528335416986517	0.02679026822902385	0.015801096200447368	0.03472624608905582	0.1630934127292154	1.124071350003156	6.449251517704867	2.471881071352702	0.43106294837337245	0.10393777355943226	0.02379611908753308	0.011485810142957933	0.005411090557487957	
0.7567567567567568	0.07341712781258625	0.02537858507458827	0.01496132802189932	0.0334885616668326	0.1544740181296233	1.0240720285468765	6.399733377841902	2.6056507592219145	0.44821480393306457	0.10642526665195545	0.024052138928900752	0.011593440553285712	0.005380995295280923	
0.7597597597597597	0.07155090145530738	0.024623044964194967	0.014121559843351304	0.03225087724460943	0.14585462353003154	0.9552607157133293	6.350215237978939	2.7394204470911214	0.46536665949275613	0.10891275974447855	0.024308158770268415	0.011701070963613489	0.005350900033073891	
0.7627627627627628	0.06968467509802843	0.024033066606601053	0.01374045799001883	0.031013192822386203	0.13723522893043943	0.911166973335001	6.11748276780643	2.8731901349603337	0.4960320713711673	0.11140025283700172	0.024564178611636088	0.01180870137394127	0.005320804770866858	
0.7657657657657657	0.06781844874074958	0.02344308824900716	0.013391389104898368	0.029775508400163027	0.12925266724661313	0.8670732309566743	5.87129734448761	3.061734357067714	0.5381656948264735	0.11388774592952482	0.02488567149692781	0.011991798625812866	0.0053605676138459854	
0.7687687687687688	0.06604703485279394	0.022853109891413245	0.013042320219777893	0.028537823977939802	0.12469022513793972	0.822979488578346	5.625111921168782	3.2857954422376996	0.5802993182817813	0.11687220574014356	0.025365889504464913	0.012179793075852057	0.005409293276466898	
0.7717717717717718	0.06502568237878052	0.022263131533819328	0.012693251334657417	0.027624026098619598	0.12012778302926631	0.7788857462000177	5.378926497849953	3.509856527407685	0.6224329417370891	0.12258229750459772	0.025846107512002017	0.012367787525891247	0.00545801893908781	
0.7747747747747747	0.06400432990476713	0.021673153176225438	0.012344182449536955	0.026873607622995954	0.11556534092059308	0.7347920038216911	5.1327410745311335	3.7339176125776623	0.6645665651923953	0.12829238926905165	0.026326325519539104	0.01255578197593043	0.005506744601708721	
0.7777777777777778	0.06298297743075372	0.02108317481863152	0.01199511356441648	0.026123189147372286	0.11100289881191967	0.6906982614433628	4.886555651212305	3.957978697747648	0.706700188647703	0.13400248103350582	0.026806543527076208	0.01274377642596962	0.0055554702643296336	
0.7807807807807807	0.06196162495674035	0.020493196461037626	0.011646044679296016	0.025372770671748642	0.10644045670324644	0.6466045190650361	4.640370227893485	4.1820397829176255	0.7488338121030093	0.13971257279795976	0.02728676153461329	0.012931770876008804	0.005604195926950544	
0.7837837837837838	0.06094027248272693	0.019903218103443712	0.011296975794175542	0.02462235219612497	0.10187801459457303	0.6025107766867078	4.394184804574657	4.406100868087611	0.790967435558317	0.1454226645624139	0.027766979542150395	0.013119765326047994	0.005652921589571456	
0.7867867867867868	0.05991892000871352	0.019313239745849798	0.010947906909055068	0.0238719337205013	0.09731557248589963	0.5584170343083796	4.147999381255828	4.630161953257597	0.8331010590136247	0.15113275632686807	0.0282471975496875	0.013307759776087185	0.005701647252192368	
0.7897897897897898	0.058897567534700136	0.01882042375031783	0.010606441764862933	0.023121515244877655	0.09275313037722639	0.5295167681467614	3.9066487617807732	4.854223038427573	0.875234682468931	0.15684284809132198	0.028727415557224585	0.013495754226126368	0.005750372914813279	
0.7927927927927928	0.05787621506068672	0.018342754525856257	0.01040186450841936	0.022371096769253987	0.08819068826855299	0.508836837003028	3.724857016458664	5.078284123597559	0.9390164244682082	0.16255293985577615	0.02920763356476169	0.013683986533174593	0.0057990985774341915	
0.7957957957957957	0.05685486258667334	0.0178650853013947	0.010197287251975797	0.021620678293630343	0.08423005725746813	0.4881569058592952	3.5430652711365616	5.205381850574943	1.0131759926245705	0.1682630316202301	0.029722188482420083	0.013876286199626888	0.005886205757041256	
0.7987987987987988	0.05584814258045089	0.017387416076933126	0.009992709995532225	0.02087025981800667	0.08183441305183452	0.46747697471556177	3.361273525814452	5.297999764163071	1.0873355607809354	0.17390229401666327	0.03028196067795279	0.014068585866079189	0.0059736253282140755	
0.8018018018018018	0.05497130800752237	0.01690974685247155	0.009788132739088655	0.020380354612335942	0.07943876884620091	0.4467970435718283	3.179481780492343	5.3906176777512	1.1614951289373003	0.17937506823185972	0.030841732873485496	0.014260885532531492	0.006061044899386895	
0.8048048048048048	0.05409447343459388	0.016432077628009994	0.009583555482645091	0.01994514081433456	0.07704312464056738	0.4261171124280956	2.9976900351702405	5.483235591339326	1.2356546970936626	0.18484784244705596	0.03140150506901818	0.014453185198983786	0.00614846447055971	
0.8078078078078078	0.053217638861665355	0.01595440840354842	0.009378978226201519	0.019509927016333164	0.07464748043493377	0.4054371812843621	2.8158982898481315	5.575853504927454	1.3098142652500275	0.19032061666225242	0.03196127726455089	0.014645484865436088	0.0062358840417325295	
0.8108108108108109	0.05234080428873683	0.015476739179086848	0.009174400969757947	0.019074713218331766	0.07225183622930015	0.38475725014062867	2.6341065445260226	5.6684714185155824	1.3839738334063925	0.19579339087744888	0.03252104946008359	0.01483778453188839	0.0063233036129053495	
0.8138138138138138	0.051463969715808335	0.014999069954625292	0.008969823713314383	0.018639499420330385	0.06985619202366662	0.364077318996896	2.4523147992039203	5.761089332103707	1.4581334015627547	0.2012661650926451	0.03308082165561628	0.015030084198340685	0.006410723184078165	
0.8168168168168168	0.05058713514287981	0.014521400730163718	0.008765246456870813	0.018204285622328988	0.06746054781803301	0.34339738785316254	2.270523053881811	5.853707245691836	1.5322929697191197	0.20673893930784157	0.03364059385114899	0.015222383864792986	0.006498142755250984	
0.8198198198198198	0.04971030056995132	0.0138980242894815	0.008535541350794608	0.017769071824327607	0.06506490361239949	0.32894681403524406	2.1091782117036506	5.946325159279961	1.606452537875482	0.2122117135230378	0.034200366046681675	0.01541468353124528	0.0065855623264238	
0.8228228228228228	0.04883346599702279	0.01326397525939261	0.008183611245304284	0.01733385802632621	0.06266925940676588	0.31668547526673974	2.0209356166225945	6.03894307286809	1.7106383568035304	0.21768448773823426	0.03476013824221438	0.015613133730363455	0.006685985180022797	
0.8258258258258259	0.04795663142409427	0.012629926229303721	0.00783168113981396	0.016898644228324815	0.06056163858173019	0.30442413649823546	1.9326930215415383	6.001201910203709	1.8218228231002869	0.22315726195343072	0.035148059136617366	0.01584131020025835	0.006906683769541054	
0.8288288288288288	0.04706198266006894	0.011995877199214855	0.0074797510343236505	0.01646343043032343	0.058888743141883367	0.2921627977297316	1.8444504264604855	5.943761665537544	1.9330072893970391	0.22787474808735778	0.0354069718575485	0.016069486670153236	0.007127382359059303	
0.8318318318318318	0.04598782556835142	0.011361828169125966	0.007127820928833327	0.016103950576085914	0.057215847702036485	0.27990145896122726	1.7562078313794294	5.8863214208713766	2.0441917556937956	0.2316414406527086	0.03566588457847965	0.016297663140048133	0.00734808094857756	
0.8348348348348348	0.04491366847663393	0.0107277791390371	0.006775890823343017	0.015745369107965167	0.05554295226218966	0.26764012019272343	1.6679652362983766	5.828881176205211	2.1553762219905477	0.23540813321805928	0.03592479729941079	0.01652583960994302	0.007568779538095809	
0.8378378378378378	0.04383951138491641	0.01009373010894821	0.006423960717852693	0.01538678763984441	0.05387005682234277	0.2553787814242191	1.5797226412173204	5.771440931539044	2.266560688287304	0.23917482578341012	0.03618371002034194	0.016754016079837914	0.007789478127614066	
0.8408408408408409	0.04276535429319888	0.00945968107885932	0.00607203061236237	0.015028206171723653	0.05219716138249589	0.24311744265571478	1.4914800461362643	5.714000686872877	2.3777451545840607	0.24294151834876096	0.03644262274127309	0.01698219254973281	0.008010176717132323	
0.8438438438438438	0.0416911972014814	0.008825632048770453	0.005720100506872059	0.01466962470360291	0.05052426594264906	0.23085610388721092	1.4032374510552117	5.656560442206712	2.488929620880813	0.24670821091411166	0.03670153546220423	0.0172103690196277	0.008230875306650572	
0.8468468468468469	0.04061704010976387	0.008191583018681564	0.005368170401381735	0.014311043235482154	0.04885137050280218	0.21859476511870662	1.3149948559741556	5.599120197540545	2.600114087177569	0.2504749034794625	0.03696044818313538	0.017438545489522592	0.008451573896168829	
0.8498498498498498	0.03954288301804639	0.008058553523532427	0.005122287451492207	0.01395246176736141	0.047178475062955354	0.21278718909990368	1.244572474439509	5.5416799528743805	2.7112985534743217	0.25424159604481317	0.037219360904066516	0.01766672195941748	0.008672272485687077	
0.8528528528528528	0.03846872592632886	0.007926341506047525	0.005138024163526332	0.013593880299240652	0.045505579623108465	0.2082921684110916	1.2055494890875547	5.484239708208213	2.846565142201283	0.258008288610164	0.03747827362499767	0.01798487944301532	0.008907240391678775	
0.8558558558558559	0.03739456883461134	0.007794129488562624	0.005153760875560456	0.013235298831119895	0.04435691334383597	0.2037971477222795	1.1665265037356	5.361568106551739	2.983206573065583	0.26177498117551484	0.038171048301840836	0.018525901638929625	0.00919816125968012	
0.8588588588588588	0.03639976099477048	0.007661917471077727	0.005169497587594579	0.012910999674320899	0.043693548745178085	0.19930212703346759	1.1275035183836473	5.238881148203639	3.1198480039298775	0.2699141208091255	0.0390403586106655	0.019066923834843905	0.009489082127681455	
0.8618618618618619	0.036326112449025304	0.007529705453592826	0.005185234299628703	0.01278086930282547	0.04303018414652017	0.1948071063446555	1.0884805330316927	5.116194189855534	3.256489434794177	0.2811302691280012	0.039909668919490195	0.01960794603075821	0.0097800029956828	
0.8648648648648649	0.03625246390328013	0.007397493436107924	0.005200971011662827	0.01265073893133004	0.04236681954786226	0.1903120856558434	1.0494575476797383	4.993507231507429	3.393130865658476	0.2923464174468769	0.04077897922831489	0.02014896822667251	0.010070923863684146	
0.8678678678678678	0.03617881535753496	0.007265281418623028	0.0052167077236969514	0.012520608559834617	0.041703454949204376	0.1858170649670315	1.0104345623277855	4.870820273159329	3.5297722965227707	0.30356256576575213	0.04164828953713955	0.020689990422586794	0.01036184473168548	
0.8708708708708709	0.03610516681178979	0.007133069401138126	0.0052324444357310755	0.012390478188339188	0.04104009035054647	0.18132204427821938	0.971411576975831	4.7481333148112235	3.66641372738707	0.3147787140846278	0.04251759984596425	0.021231012618501095	0.010652765599686826	
0.8738738738738738	0.03603151826604462	0.00700085738365323	0.005248181147765199	0.012260347816843764	0.04037672575188858	0.17682702358940747	0.9323885916238781	4.625446356463124	3.8030551582513645	0.32599486240350306	0.04338691015478891	0.021772034814415378	0.01094368646768816	
0.8768768768768769	0.03595786972029945	0.006875667153499137	0.005263917859799323	0.012130217445348335	0.03971336115323067	0.17233200290059536	0.8933656062719237	4.5027593981150185	3.9396965891156643	0.33721101072237875	0.04425622046361361	0.02231305701032968	0.011234607335689505	
0.8798798798798799	0.03588422117455428	0.006851499365356736	0.00524535728252846	0.012000087073852906	0.03904999655457276	0.16838479736855266	0.8598191563810901	4.380072439766914	4.075229569092007	0.34842715904125443	0.045125530772438305	0.022854079206243983	0.01152552820369085	
0.8828828828828829	0.03581057262880911	0.006827331577214335	0.005176687993652298	0.011869956702357482	0.03838663195591487	0.16448391348371938	0.8316291742770077	4.253305259087448	4.198188513411716	0.35964330736012967	0.04599484108126297	0.023510999918267897	0.011800072840634133	
0.8858858858858859	0.035736924083063934	0.006803163789071934	0.005108018704776132	0.011739826330862053	0.03781875280682347	0.16058302959888593	0.803439192172924	4.099425272972521	4.321147457731429	0.37085945567900536	0.04784200903959563	0.024339036541722963	0.012037968722842124	
0.8888888888888888	0.03568454714595808	0.006778996000929534	0.005039349415899969	0.011662902630106213	0.0373045728231476	0.15668214571405262	0.7752492100688415	3.9455452868576004	4.444106402051137	0.3946191405408134	0.04986123897490217	0.025167073165178	0.012275864605050105	
0.8918918918918919	0.03592216792562651	0.006754828212787133	0.0049706801270238046	0.011703387634571459	0.03679039283947171	0.15278126182921914	0.747059227964758	3.791665300742674	4.567065346370851	0.4229901641429137	0.05188046891020878	0.025995109788633067	0.012513760487258094	
0.8948948948948949	0.03615978870529494	0.006730660424644731	0.004902010838147639	0.011743872639036704	0.03627621285579582	0.1488803779443857	0.7188692458606745	3.6377853146277475	4.690024290690563	0.451361187745014	0.053899698845515404	0.026823146412088134	0.012751656369466083	
0.8978978978978979	0.03639740948496336	0.0067064926365023305	0.004833341549271476	0.01178435764350195	0.035762032872119945	0.1449794940595524	0.6906792637565919	3.4839053285128267	4.812983235010272	0.47973221134711325	0.05591892878082194	0.02765118303554317	0.012989552251674065	
0.9009009009009009	0.03663503026463179	0.00668232484835993	0.004764672260395311	0.011824842647967196	0.03524785288844406	0.14107861017471893	0.6624892816525083	3.3300253423979003	4.935942179329985	0.5081032349492136	0.057938158716128556	0.028479219658998235	0.013227448133882054	
0.9039039039039038	0.0368726510443002	0.006658157060217529	0.0046960029715191485	0.01186532765243244	0.034733672904768184	0.13717772628988562	0.6342992995484258	3.17614535628298	5.058901123649694	0.5364742585513128	0.059957388651435094	0.029307256282453273	0.013465344016090036	
0.9069069069069069	0.03711027182396863	0.006647086249526386	0.004627333682642983	0.011905812656897687	0.03421949292109229	0.13328939593201278	0.6061093174443422	3.0222653701680535	5.1818600679694065	0.5648452821534131	0.06197661858674171	0.03013529290590834	0.013703239898298025	
0.9099099099099099	0.03734789260363706	0.006722432883146816	0.004656162460633609	0.011946297661362933	0.033705312937416396	0.1303484896516985	0.5822745588987559	2.868385384053127	5.289850072517734	0.5932163057555134	0.06399584852204832	0.030963329529363405	0.013941135780506014	
0.9129129129129129	0.03758551338330548	0.006797779516767244	0.004773472495797046	0.011986782665828177	0.03319113295374053	0.12740758337138433	0.5607949517061106	2.7212734304260935	5.3435184091098575	0.6215873293576126	0.06601507845735487	0.03211522919921547	0.014214077139887817	
0.9159159159159159	0.037823134162973907	0.006873126150387674	0.004890782530960487	0.012027267670293424	0.03276180421483145	0.12446667709107005	0.5393153445134646	2.5932407689082084	5.3971867457019815	0.649958352959713	0.0710943007973188	0.033566087130433964	0.014536526377820345	
0.9189189189189189	0.038072234303374704	0.006948472784008102	0.005008092566123923	0.012048577397667012	0.032359150593812024	0.12152577081075588	0.5178357373208193	2.465208107390328	5.450855082294105	0.7153455938165676	0.07620457254619989	0.03501694506165239	0.01485897561575286	
0.9219219219219219	0.03850995679223759	0.007023819417628532	0.005125402601287365	0.012048577397667007	0.031956496972792583	0.11858486453044159	0.4963561301281733	2.3371754458724423	5.5045234188862295	0.7859996588168807	0.08131484429508118	0.036467802992870876	0.015181424853685387	
0.924924924924925	0.03894767928110049	0.007099166051248963	0.005242712636450806	0.012048577397667001	0.031553843351773136	0.11564395825012731	0.4748765229355273	2.2091427843545572	5.558191755478354	0.8566537238171938	0.08642511604396245	0.03791866092408936	0.015503874091617915	
0.9279279279279279	0.039385401769963364	0.0071745126848693904	0.005360022671614242	0.012048577397666998	0.03115118973075371	0.11270305196981314	0.4533969157428821	2.0811101228366766	5.611860092070477	0.9273077888175043	0.09153538779284355	0.03936951885530779	0.01582632332955043	
0.9309309309309309	0.03982312425882626	0.0072498593184898204	0.005477332706777684	0.012048577397666993	0.03074853610973427	0.10976214568949887	0.431917308550236	1.9530774613187911	5.6655284286626015	0.9979618538178174	0.09664565954172483	0.04082037678652628	0.01614877256748296	
0.933933933933934	0.04026084674768915	0.007325205952110251	0.005594642741941125	0.01204857739766699	0.030345882488714827	0.10682123940918459	0.41043770135759	1.825044799800906	5.719196765254726	1.0686159188181303	0.10175593129060612	0.042271234717744764	0.016471221805415485	
0.9369369369369369	0.040698569236552025	0.007402243430233799	0.005711952777104562	0.012048577397666984	0.0299432288676954	0.10386793148571177	0.38895809416494476	1.6970121382830254	5.7728651018468495	1.139269983818441	0.1068662030394872	0.04372209264896319	0.016793671043348	
0.93993993993994	0.04113629172541492	0.007486119871433896	0.005764037933007915	0.012048577397666979	0.02954057524667596	0.10080791424708198	0.372007158013575	1.5689794767651402	5.778236363746182	1.209924048818754	0.11197647478836847	0.04517295058018168	0.017116120281280525	
0.9429429429429429	0.041574014214277796	0.007569996312633989	0.005779774645042039	0.012048577397666975	0.02913792162565653	0.09774789700845228	0.35624185445645135	1.4631058758353772	5.694325875431212	1.2805781138190646	0.11743619398153403	0.04669410672819363	0.01748552854978636	
0.9459459459459459	0.04201173670314069	0.007653872753834085	0.0057955113570761635	0.01204857739766697	0.028675254398553243	0.09468787976982247	0.3404765508993271	1.3914737389976566	5.610415387116238	1.3524833064405382	0.12524407592335718	0.0482554652140153	0.01789826357433998	
0.948948948948949	0.04243753168197914	0.007737749195034182	0.005811248069110288	0.012060521260248083	0.028204526244483778	0.09162786253119266	0.32471124734220286	1.3198416021599362	5.526504898801264	1.4866979570115266	0.13305195786518031	0.049816823699836976	0.018310998598893603	
0.9519519519519519	0.042618179058335245	0.007821625636234274	0.0058269847811444125	0.012079317869464094	0.027733798090414333	0.08856784529256298	0.30894594378507917	1.2482094653222182	5.4425944104862936	1.6209126075825102	0.14085983980700315	0.051378182185658594	0.018723733623447206	
0.954954954954955	0.042798826434691364	0.007905502077434371	0.005842721493178537	0.012098114478680106	0.027263069936344867	0.08550782805393317	0.2931806402279549	1.1765773284844978	5.358683922171319	1.755127258153499	0.14866772174882628	0.05293954067148027	0.01913646864800083	
0.9579579579579579	0.04297947381104747	0.007989378518634464	0.005858458205212661	0.012116911087896117	0.02679234178227542	0.08244781081530347	0.2774153366708313	1.1049451916467798	5.274773433856349	1.8893419087244823	0.15647560369064914	0.054500899157301885	0.019549203672554437	
0.960960960960961	0.04316012118740359	0.008073254959834561	0.005874194917246786	0.012135707697112127	0.026321613628205953	0.07938779357667367	0.26165003311370705	1.0333130548090592	5.190862945541374	2.023556559295471	0.16428348563247228	0.05606225764312355	0.019961938697108057	
0.963963963963964	0.0433407685637597	0.008157131401034657	0.00588993162928091	0.01215450430632814	0.025850885474136488	0.07632777633804386	0.24588472955658278	0.9616809179713388	5.1069524572264005	2.1577712098664596	0.1720913675742954	0.057623616128945225	0.020374673721661678	
0.9669669669669669	0.04352141594011581	0.008241760872547748	0.005905668341315034	0.01217330091554415	0.02538015732006704	0.07344818989052701	0.23011942599945912	0.890048781133621	5.02304196891143	2.291985860437443	0.17989924951611824	0.05918497461476684	0.020787408746215284	
0.96996996996997	0.043702063316471924	0.00832848058294107	0.006029051259215684	0.012192097524760163	0.024909429165997574	0.07131270056644153	0.22092128361646038	0.8184166442959003	4.892935795506142	2.4262005110084317	0.18770713145794138	0.060746333100588516	0.021200143770768908	
0.9729729729729729	0.04388271069282803	0.00841520029333439	0.006186418379556876	0.012210894133976174	0.024438759014800842	0.06917721124235611	0.21217216632741556	0.7656243911311295	4.7139859728056805	2.560415161579415	0.19735159872197647	0.06258733375468738	0.021590459501902408	
0.975975975975976	0.04406335806918415	0.008501920003727712	0.0063437854998980745	0.012229690743192185	0.023992653564174998	0.06704172191827062	0.20342304903837044	0.7299511413916646	4.5350361501052125	2.6991359496039964	0.2119837835540408	0.06452037592417433	0.02196736683335242	
0.978978978978979	0.04423893493358045	0.008588639714121035	0.006501152620239273	0.012170104704716305	0.023546548113549153	0.06490623259418513	0.19467393174932535	0.6942778916521998	4.3560863274047446	2.8608389182585063	0.22661596838610512	0.06645341809366126	0.022344274164802433	
0.9819819819819819	0.04427645400405441	0.008675359424514355	0.006658519740580466	0.012090580588802429	0.023100442662923326	0.06277074327009972	0.18592481446028053	0.6586046419127363	4.177136504704283	3.02254188691301	0.2412481532181689	0.06838646026314814	0.022721181496252428	
0.984984984984985	0.04431397307452837	0.008762079134907676	0.006815886860921664	0.012011056472888547	0.022654337212297482	0.06063525394601423	0.1771756971712354	0.6229313921732714	3.9981866820038148	3.1842448555675196	0.2558803380502332	0.07031950243263507	0.02309808882770244	
0.9879879879879879	0.04435149214500233	0.008848798845300996	0.006973253981262856	0.01193153235697467	0.022208231761671658	0.058499764621928824	0.16842657988219062	0.5872581424338079	3.819236859303353	3.3459478242220233	0.270512522882297	0.07225254460212195	0.02347499615915244	
0.990990990990991	0.04438901121547629	0.008935518555694319	0.007130621101604055	0.01185200824106079	0.021762126311045814	0.05636427529784334	0.1596774625931455	0.5515848926943431	3.640287036602885	3.5076507928765333	0.2851447077143613	0.07418558677160889	0.02385190349060245	
0.993993993993994	0.044426530285950255	0.009022238266087642	0.007287988221945253	0.011772484125146908	0.02131602086041997	0.05422878597375785	0.15092834530410038	0.5159116429548782	3.461337213902417	3.6693537615310428	0.29977689254642564	0.07611862894109583	0.024228810822052464	
0.996996996996997	0.044464049356424215	0.009081627048523944	0.007445355342286446	0.011692960009233032	0.020869915409794142	0.05216796938353939	0.1423780936800613	0.4802383932154147	3.282387391201955	3.8310567301855465	0.31440907737848944	0.0780516711105827	0.024605718153502463	
1.0	0.044501568426898175	0.009085891952313779	0.007414320879479989	0.01161343589331915	0.020423809959168298	0.050293389777668854	0.13613080453725118	0.44456514347594994	3.1144187114536312	3.9927596988400564	0.32904126221055374	0.07998471328006965	0.024982625484952475	
1.003003003003003	0.044539087497372135	0.009090156856103614	0.007357096472083189	0.01153391177740527	0.019954699557764733	0.04841881017179832	0.12988351539444104	0.41841071378689326	2.9531493825557895	4.154462667494566	0.35068416441582334	0.08240386514962268	0.025443385779277444	
1.006006006006006	0.0445766065678461	0.009094421759893449	0.007299872064686388	0.01145438766149139	0.019321751239831313	0.046544230565927776	0.12363622625163093	0.3972706928627382	2.7918800536579482	4.2976156112297295	0.3824696786195214	0.08489658545281409	0.025934941728659032	
1.009009009009009	0.04460427041875261	0.009098686663683285	0.007242647657289591	0.011258388025785934	0.018688802921897937	0.04466965096005738	0.11738893710882126	0.3761306719385846	2.6306107247601185	4.3991252988082	0.4142551928232171	0.0873893057560053	0.026426497678040586	
1.012012012012012	0.04423880688043218	0.00910295156747312	0.00718542324989279	0.011057408896476323	0.018055854603964517	0.042795071354186844	0.11114164796601114	0.35499065101442956	2.469341395862277	4.500634986386678	0.4460407070269152	0.0898820260591967	0.026918053627422174	
1.015015015015015	0.043873343342111744	0.009107216471262955	0.007128198842495989	0.010856429767166713	0.017422906286031093	0.0409204917483163	0.104894358823201	0.3338506300902745	2.308072066964436	4.602144673965156	0.47782622123061325	0.09237474636238811	0.027409609576803762	
1.018018018018018	0.04350787980379131	0.00911148137505279	0.007070974435099189	0.010655450637857103	0.016789957968097673	0.039045912142445766	0.09864706968039089	0.31271060916611937	2.146802738066594	4.7036543615436335	0.5096117354343113	0.09486746666557952	0.02790116552618535	
1.021021021021021	0.04314241626547088	0.009115746278842625	0.007013750027702388	0.01045447150854749	0.01615700965016425	0.03717133253657523	0.09239978053758076	0.29157058824196425	1.9855334091687529	4.805164049122112	0.5413972496380094	0.09736018696877091	0.028392721475566943	
1.024024024024024	0.04277695272715047	0.00912001118263246	0.0069565256203055915	0.010253492379237896	0.015524061332230875	0.03529675293070483	0.0861524913947711	0.2704305673178108	1.8242640802709231	4.906673736700582	0.5731827638417051	0.09985290727196214	0.028884277424948493	
1.027027027027027	0.04241148918883004	0.009098243277206663	0.0068993012129087905	0.010052513249928284	0.014891113014297453	0.03356981284798864	0.08046304672257258	0.24929054639365567	1.6629947513730818	5.008183424279061	0.6049682780454032	0.10234562757515353	0.029375833374330085	
1.03003003003003	0.042046025650509605	0.009037112989552353	0.006829254634249416	0.009851534120618673	0.014258164696364033	0.03208659781944056	0.07671758572599731	0.22815052546950057	1.5560997772235285	5.109693111857538	0.6367537922491013	0.10483834787834494	0.029867389323711673	
1.033033033033033	0.04168056211218917	0.008975982701898045	0.00675915473518834	0.009650554991309063	0.01368491629933379	0.030603382790892468	0.07297212472942205	0.2154118153795743	1.4667440261329723	5.211202799436016	0.6754644238100797	0.10759391794388795	0.030131030329430073	
1.0360360360360361	0.04131509857386874	0.008914852414243736	0.006689054836127264	0.009456037825035386	0.013296746621516498	0.029120167762344377	0.06922666373284678	0.20496034442139488	1.377388275042416	5.257294047547685	0.7198802501879168	0.11035356166469225	0.030350295811224188	
1.039039039039039	0.04094375106489413	0.008853722126589431	0.006618954937066193	0.009308556737340571	0.012908576943699235	0.027636952733796398	0.06548120273627178	0.19450887346321624	1.2880325239518664	5.236310256195346	0.7642960765657507	0.11311320538549635	0.03056956129301829	
1.042042042042042	0.0401419546329135	0.008792591838935122	0.0065488550380051165	0.009161075649645746	0.012520407265881942	0.02615373770524831	0.061735741739696516	0.1840574025050368	1.1986767728613101	5.215326464843007	0.8087119029435879	0.11587284910630065	0.030788826774812404	
1.045045045045045	0.039340158200932875	0.008731461551280812	0.006478755138944041	0.009013594561950921	0.01213223758806465	0.024670522676700224	0.05799028074312125	0.17360593154685738	1.109321021770754	5.194342673490667	0.853127729321425	0.11863249282710495	0.031008092256606522	
1.048048048048048	0.03853836176895224	0.008670331263626504	0.006408655239882965	0.008866113474256096	0.011744067910247357	0.023187307648152133	0.05424481974654598	0.16315446058867797	1.0199652706801978	5.173358882138327	0.8975435556992621	0.12139213654790926	0.031227357738400636	
1.0510510510510511	0.03773656533697161	0.008609200975972195	0.006338555340821889	0.008718632386561271	0.011355898232430063	0.021704092619604043	0.050499358749970705	0.15270298963049855	0.9306095195896416	5.152375090785987	0.9419593820770993	0.12415178026871355	0.03144662322019475	
1.054054054054054	0.03693476890499104	0.00854807068831789	0.006268455441760818	0.008571151298866457	0.0109677285546128	0.020220877591056063	0.046753897753395716	0.1422515186723199	0.841253768499092	5.131391299433649	0.9863752084549331	0.12691142398951766	0.03166588870198885	
1.057057057057057	0.03613297247301041	0.008480334016919238	0.00621039909098078	0.00842367021117163	0.010579558876795507	0.019233022632613606	0.04391725517323421	0.13180004771414044	0.7518980174085357	5.110407508081309	1.0307910348327702	0.12967106771032194	0.03188515418378297	
1.06006006006006	0.03533117604102978	0.00840498738329881	0.006246164345603776	0.008276189123476805	0.010191389198978214	0.018807626352915302	0.04265177865456237	0.12134857675596103	0.7167876254439409	5.0894237167289695	1.0752068612106074	0.1324721340307973	0.03210441966557708	
1.063063063063063	0.03452937960904915	0.008329640749678381	0.006281929600226772	0.00812870803578198	0.009849698920097648	0.018382230073216994	0.04138630213589053	0.11698861607131611	0.6883047124639722	5.068439925376629	1.136686494618133	0.13564220838298488	0.03220615313819561	
1.0660660660660661	0.03372758317706852	0.008254294116057954	0.006317694854849768	0.007964475373702018	0.009588987942459166	0.01795683379351869	0.040120825617218685	0.11317964189183219	0.6598217994840034	5.012598605168814	1.2059087632527805	0.13881228273517243	0.032300738247989125	
1.069069069069069	0.032926625306129706	0.008178947482437532	0.006353460109472762	0.007757712672325949	0.009328276964820706	0.017531437513820417	0.03885534909854694	0.10937066771234853	0.6313388865040367	4.933194179068746	1.275131031887423	0.14198235708735976	0.032395323357782634	
1.072072072072072	0.03245833172280657	0.008103600848817104	0.006389225364095757	0.007550949970949865	0.009067565987182226	0.017106041234122113	0.0375898725798751	0.1055616935328646	0.602855973524068	4.853789752968672	1.3443533005220702	0.14515243143954734	0.03248990846757614	
1.075075075075075	0.03199003813948344	0.008028254215196677	0.006424990618718753	0.007344187269573782	0.008806855009543747	0.01668064495442381	0.03632439606120326	0.10175271935338068	0.5743730605440992	4.7743853268685985	1.413575569156718	0.1483225057917349	0.03258449357736966	
1.078078078078078	0.0315217445561603	0.007952907581576248	0.006460755873341749	0.007137424568197698	0.008546144031905265	0.0162552486747255	0.035058919542531417	0.09794374517389674	0.5458901475641305	4.694980900768524	1.4827978377913653	0.15149258014392247	0.032679078687163174	
1.0810810810810811	0.031053450972837168	0.00787756094795582	0.006496521127964745	0.006930661866821614	0.008285433054266786	0.015829852395027197	0.03379344302385958	0.09413477099441281	0.5174072345841616	4.61557647466845	1.5520201064260128	0.15466265449611005	0.03277366379695669	
1.084084084084084	0.03058515738951407	0.007802214314335398	0.006532286382587738	0.006723899165445546	0.008024722076628323	0.015404456115328924	0.032527966505187834	0.09032579681492917	0.48892432160419497	4.536172048568382	1.6212423750606553	0.15783272884829738	0.0328682489067502	
1.087087087087087	0.030116863806190934	0.007738197872421163	0.006523640580818629	0.006517136464069462	0.007764011098989844	0.014961611255583636	0.03138947610758231	0.08651682263544523	0.46070536927200606	4.456767622468308	1.6904646436953028	0.16100280320048493	0.032962834016543714	
1.09009009009009	0.0296485702228678	0.007684175757749913	0.006367704070662348	0.006310373762693379	0.007503300121351364	0.014505019248707455	0.030373017407889676	0.08274198475736397	0.4423185801120161	4.3773631963682345	1.7596869123299503	0.1644782160561824	0.0330534732894134	
1.093093093093093	0.029180276639544665	0.007630153643078662	0.006211767560506066	0.006103611061317295	0.007262978927886692	0.014048427241831276	0.029356558708197044	0.07964281941447664	0.42393179095202604	4.29795877026816	1.8478676792631357	0.16905466110331965	0.03306637125893073	
1.0960960960960962	0.02871198305622153	0.007576131528407412	0.0060558310503497845	0.005925760964358621	0.007044271385534411	0.013591835234955095	0.02834010000850441	0.07654365407158932	0.40554500179203606	4.194880428045826	1.9400015540405184	0.1736311061504569	0.033079269228448054	
1.0990990990990992	0.028243689472898396	0.007522109413736162	0.005899894540193503	0.005784063448730265	0.00682556384318213	0.013135243228078915	0.027323641308811777	0.07344448872870199	0.3871582126320461	4.0835235092313775	2.032135428817901	0.17820755119759416	0.03309216719796538	
1.102102102102102	0.027833265356533014	0.007468087299064917	0.005743958030037233	0.005642365933101919	0.006606856300829866	0.012678651221202767	0.02630718260911922	0.0703453233858149	0.3687714234720575	3.9721665904169376	2.1242693035952773	0.18278399624473105	0.033105065167482704	
1.105105105105105	0.027423334771724886	0.007414065184393667	0.005588021519880951	0.005500668417473563	0.006388148758477585	0.012222059214326586	0.025290723909426584	0.06724615804292756	0.35038463431206746	3.8608096716024893	2.21640317837266	0.1873604412918683	0.03311796313700003	
1.1081081081081081	0.02701340418691676	0.007360043069722417	0.0054320850097246695	0.005358970901845207	0.006169441216125305	0.011765467207450406	0.02427426520973395	0.06414699270004025	0.3319978451520775	3.749452752788041	2.308537053150043	0.19193688633900552	0.033130861106517355	
1.1111111111111112	0.026603473602108636	0.007306020955051167	0.005276148499568388	0.005217273386216851	0.005950733673773024	0.011308875200574227	0.023257806510041314	0.06104782735715292	0.3136110559920875	3.638095833973593	2.4006709279274254	0.19651333138614277	0.03314375907603468	
1.1141141141141142	0.026193543017300508	0.0072519988403799175	0.0051202119894121064	0.005075575870588495	0.0057320261314207435	0.010852283193698044	0.022241347810348682	0.057948662014265594	0.2952242668320975	3.526738915159145	2.4928048027048084	0.20108977643328002	0.03315665704555201	
1.117117117117117	0.025783612432492414	0.007169924948557759	0.005001282948482491	0.004933878354960149	0.005513318589068479	0.010463934949416056	0.02142661993029238	0.0548494966713785	0.2781317313492097	3.4153819963447045	2.5849386774821843	0.2056662214804169	0.03316955501506933	
1.12012012012012	0.025373681847684286	0.007068988892198318	0.004951211592010294	0.004792180839331793	0.005294611046716198	0.010112274024865458	0.02071888507635164	0.05199823608988379	0.2677756215081156	3.304025077530256	2.677072552259567	0.2102182729450908	0.03319679299262761	
1.1231231231231231	0.02496375126287616	0.006968052835838877	0.004901140235538096	0.004650483323703437	0.0051408767641450545	0.009760613100314858	0.0200111502224109	0.05028298375034113	0.2574195116670215	3.192668158715808	2.7561152860623253	0.21472152931320515	0.033302842964214305	
1.1261261261261262	0.024553820678068033	0.006867116779479436	0.004851068879065899	0.004506156519107767	0.005029350401488593	0.00940895217576426	0.01930341536847016	0.04856773141079847	0.24706340182592737	3.08385120674559	2.8347119309224182	0.21922478568131948	0.033408892935801	
1.1291291291291292	0.024143890093259908	0.006766180723119995	0.004800997522593702	0.004360121324429558	0.004917824038832133	0.009057291251213661	0.018595680514529422	0.04685247907125581	0.23670729198483326	2.9753638043956463	2.9133085757825112	0.22372804204943383	0.0335149429073877	
1.132132132132132	0.023773474899626282	0.0066652446667605615	0.004750926166121509	0.004214086129751359	0.00480629767617568	0.008705630326663088	0.017887945660588735	0.045137226731713276	0.2263511821437399	2.866876402045711	2.991905220642599	0.22823129841754786	0.03362099287897439	
1.135135135135135	0.023403842575697623	0.006564308610401121	0.004700854809649312	0.004068050935073149	0.00469477131351922	0.00835396940211249	0.017180210806647996	0.04342197439217061	0.21599507230264575	2.758388999695767	3.070501865502692	0.23273455478566218	0.033727042850561086	
1.1381381381381381	0.02303421025176896	0.00646337255404168	0.004650783453177115	0.003922015740394939	0.0045832449508627585	0.008002308477561892	0.016472475952707257	0.04170672205262795	0.20563896246155164	2.6499015973458233	3.149098510362785	0.23723781115377654	0.03383309282214778	
1.1411411411411412	0.022664577927840296	0.006362436497682239	0.004600712096704918	0.0037759805457167296	0.004471718588206297	0.007650647553011293	0.015764741098766518	0.03999146971308529	0.19528285262045753	2.54141419499588	3.227695155222878	0.2417410675218909	0.03393914279373447	
1.1441441441441442	0.022294945603911636	0.006261500441322798	0.004550640740232721	0.00362994535103852	0.004360192225549836	0.0072989866284606944	0.015057006244825779	0.03827621737354263	0.18492674277936338	2.432926792645936	3.3062918000829713	0.24624432389000525	0.03404519276532117	
1.147147147147147	0.021925313279983	0.006122773921268573	0.004490537742605229	0.003483910156360321	0.004248665862893384	0.007013558154605435	0.014443272866517167	0.036560965034000095	0.17527050762960952	2.3244393902960008	3.3848884449430585	0.2507475802581193	0.03415124273690786	
1.15015015015015	0.021555680956054337	0.005964972481044659	0.004419007233359224	0.0033378749616821118	0.004137139500236923	0.006751230448791481	0.013853493821566544	0.03490817380831056	0.16727738184709698	2.215951987946057	3.4604403059835227	0.2559049083781439	0.034277381022097125	
1.1531531531531531	0.021186048632125674	0.005807171040820744	0.00434747672411322	0.003191839767003902	0.003956119226798861	0.006488902742977526	0.013263714776615922	0.033394295806715886	0.15928425606458443	2.107966601821692	3.5104827831123213	0.2618633278938899	0.03446081881078762	
1.1561561561561562	0.020816416308197014	0.00564936960059683	0.004275946214867215	0.0030757842110868392	0.003748998839008291	0.0062265750371635715	0.012673935731665299	0.031880417805121214	0.1512911302820719	2.0165544865524745	3.5605252602411204	0.2678217474096358	0.034644256599478125	
1.1591591591591592	0.02044678398426835	0.005491568160372915	0.00420441570562121	0.00296878812785726	0.0035418784512177208	0.005964247331349617	0.012084156686714677	0.030366539803526542	0.14329800449955937	1.9251423712832572	3.6105677373699194	0.27378016692538176	0.03482769438816863	
1.162162162162162	0.019939721456463194	0.005333766720149012	0.0041328851963752114	0.0028617920446276884	0.0033347580634271656	0.005701919625535682	0.011494377641764097	0.02885266180193198	0.1353048787170474	1.8337302560140465	3.660610214498715	0.27973858644112726	0.03501113217685912	
1.165165165165165	0.01942835042185513	0.005175965279925097	0.0040613546871292065	0.002754795961398109	0.0031276376756365952	0.005439591919721727	0.010904598596813475	0.02733878380033731	0.1273117529345349	1.742318140744829	3.710652691627514	0.2856970059568732	0.03519456996554962	
1.1681681681681682	0.018916979387247068	0.005018163839701183	0.003989824177883202	0.00264779987816853	0.002920517287846025	0.005177264213907773	0.010314819551862852	0.025824905798742637	0.11931862715202235	1.6509060254756114	3.760695168756313	0.29165542547261913	0.035378007754240125	
1.1711711711711712	0.01840560835263901	0.004860362399477268	0.0039182936686371975	0.0025408037949389505	0.0027133969000554545	0.004914936508093819	0.009725040506912228	0.024311027797147965	0.1113255013695098	1.559493910206394	3.810737645885112	0.2976138449883651	0.03556144554293062	
1.1741741741741742	0.017894237318030946	0.0047025609592533536	0.0038467631593911925	0.0024338077117093708	0.002506276512264884	0.004652608802279863	0.009135261461961607	0.022797149795553293	0.10333237558699727	1.4680817949371765	3.860780123013911	0.30357226450411107	0.035744883331621125	
1.177177177177177	0.01738286628342292	0.004649745921529296	0.0037919816745160782	0.0023268116284797997	0.0022991561244743285	0.004441038488863483	0.008727621078430947	0.02128327179395873	0.09661788508620527	1.3766696796679658	3.910822600142706	0.30953068401985656	0.035928321120311614	
1.1801801801801801	0.016871495248814858	0.004635529575563181	0.0037490633689684777	0.0022198155452502204	0.0020920357366837586	0.0042396842498062855	0.008331522559353013	0.02003153102525788	0.09159004431119151	1.2852575643987483	3.954397980474484	0.31864772711269207	0.036224812468024996	
1.1831831831831832	0.016360124214206795	0.0046213132295970655	0.003706145063420877	0.0021128194620206407	0.0020310305770595448	0.004038330010749088	0.007935424040275078	0.019111778729949385	0.08656220353617775	1.199694877501577	3.9781745576066974	0.3301900123162433	0.03671780152513069	
1.1861861861861862	0.015848753179598732	0.00460709688363095	0.003663226757873277	0.002087824722709821	0.001996269113374413	0.0038369757716918904	0.007539325521197144	0.018192026434640893	0.08153436276116399	1.1419688307028937	4.001951134738911	0.3417322975197945	0.037210790582236385	
1.1891891891891893	0.015337382144990669	0.004592880537664835	0.0036203084523256765	0.0020690281134938143	0.0019615076496892806	0.0036356215326346928	0.00714322700211921	0.0172722741393324	0.07650652198615024	1.0842427839042104	4.0257277118711245	0.35327458272334566	0.03770377963934208	
1.192192192192192	0.014981868001941193	0.004578664191698722	0.0035773901467780794	0.0020502315042778083	0.0019267461860041513	0.00343426729357751	0.006747128483041305	0.016352521844023974	0.07147868121113685	1.0265167371055313	4.049504289003336	0.36481686792689605	0.03819676869644774	
1.1951951951951951	0.014633079606053607	0.0045644478457326065	0.003534471841230479	0.002031434895061801	0.0018919847223190193	0.0032329130545203123	0.00635102996396337	0.015432769548715482	0.0664508404361231	0.9687906903068481	4.073280866135549	0.37635915313044727	0.038689757753553426	
1.1981981981981982	0.014284291210166021	0.004550231499766491	0.0034915535356828784	0.002012638285845794	0.0018572232586338872	0.0030315588154631147	0.005954931444885436	0.014513017253406988	0.06142299966110933	0.9110646435081649	4.0970574432677624	0.3879014383339985	0.03918274681065912	
1.2012012012012012	0.013935502814278435	0.004536015153800376	0.0034486352301352783	0.001993841676629787	0.001822461794948755	0.002830204576405917	0.0055588329258075015	0.013593264958098494	0.05639515888609557	0.8533385967094815	4.120834020399975	0.3994437235375497	0.039675735867764815	
1.2042042042042043	0.01358671441839085	0.004521798807834261	0.0034057169245876777	0.0019750450674137798	0.001787700331263623	0.0026288503373487196	0.0051846029511325754	0.012673512662790001	0.05136731811108182	0.7956125499107982	4.144610597532189	0.4109860087411009	0.04016872492487051	
1.207207207207207	0.013237926022503288	0.004469020441454364	0.0033597802399598763	0.001956248458197774	0.0017529388675784937	0.0025479701173841173	0.005049172207477259	0.011753760367481575	0.04815914891172808	0.7378865031121191	4.1683871746644	0.42252829394465125	0.04066171398197617	
1.2102102102102101	0.012889137626615702	0.00440646851920344	0.0033125701038575184	0.0019374518489817668	0.0017181774038933617	0.0024770707374343996	0.0049137414638219315	0.011165827217412246	0.04634502423105664	0.6801604563134359	4.173603407987301	0.43914808024796886	0.041112191495521526	
1.2132132132132132	0.012540349230728116	0.004343916596952515	0.00326535996775516	0.001913097856662968	0.0016637770191120671	0.0024061713574846824	0.004778310720166605	0.010825918760450425	0.0445308995503852	0.6325260222378335	4.149271397978899	0.4581369547740648	0.04151489476600617	
1.2162162162162162	0.01219156083484053	0.00428136467470159	0.0032181498316528018	0.0018335737407490914	0.0016087380349439453	0.0023352719775349647	0.004642879976511279	0.010486010303488605	0.04271677486971376	0.6065455388270351	4.124939387970498	0.47712582930016073	0.04191759803649082	
1.2192192192192193	0.011842772438952945	0.004218812752450665	0.0031709396955504434	0.001754049624835215	0.0015536990507758234	0.002264372597585247	0.004507449232855952	0.010146101846526786	0.04090265018904232	0.5805650554162366	4.100607377962096	0.49611470382625666	0.042320301306975464	
1.2222222222222223	0.011788961899062105	0.00415626083019974	0.003123729559448085	0.0016745255089213385	0.0014986600666077015	0.00219347321763553	0.004372018489200625	0.009806193389564965	0.039088525508370886	0.5545845720054382	4.076275367953695	0.5151035783523527	0.04272300457746011	
1.2252252252252251	0.011751442828588156	0.00409370890794882	0.0030765194233457306	0.0015950013930074677	0.0014436210824395836	0.0021225738376858174	0.004236587745545309	0.00946628493260317	0.03727440082769958	0.5286040885946417	4.051943357945296	0.5340924528784472	0.04312570784794473	
1.2282282282282282	0.011713923758114201	0.004031156985697895	0.0030293092872433723	0.0015154772770935912	0.0013885820982714617	0.0020516744577361	0.004101157001889982	0.00912637647564135	0.03546027614702814	0.5026236051838433	4.027611347936895	0.5530813274045431	0.04352841111842937	
1.2312312312312312	0.011676404687640248	0.00396860506344697	0.002982099151141014	0.0014359531611797148	0.00133354311410334	0.0019807750777863825	0.003965726258234656	0.00878646801867953	0.0336461514663567	0.4766431217730448	4.003279337928493	0.5720702019306391	0.04393111438891402	
1.2342342342342343	0.011638885617166295	0.003906053141196045	0.0029348890150386556	0.001356429045265838	0.0012785041299352182	0.0019106175981378687	0.003852811825130037	0.00844655956171771	0.031832026785685266	0.4506626383622464	3.978947327920092	0.5910590764567349	0.044333817659398665	
1.2372372372372373	0.01160136654669234	0.0039086321138913135	0.0028630080474028414	0.0012769049293519619	0.0012234651457670963	0.0018907657717519477	0.003816405711244194	0.00810665110475589	0.031006440532445133	0.42468215495144795	3.9546153179116907	0.6100479509828309	0.04473652092988331	
1.2402402402402402	0.01156384747621839	0.003921426825260819	0.0027857550974171637	0.001197380813438091	0.00117178813777913	0.0018709139453660284	0.0037799995973583534	0.008034927991910242	0.03060201783293242	0.3987016715406514	3.9154462643411967	0.6480467984938145	0.045607666392019255	
1.2432432432432432	0.011526328405744437	0.003934221536630326	0.00270850214743148	0.0011416626862689354	0.0011544074059365646	0.0018510621189801073	0.0037435934834725106	0.008076345408934996	0.03019759513341968	0.3791638023234242	3.8628739640341383	0.6908564354336548	0.04682294174209383	
1.2462462462462462	0.011488809335270484	0.003947016247999833	0.0026312491974457967	0.001156121616435094	0.0011370266740939993	0.0018312102925941865	0.0037071873695866675	0.00811776282595975	0.029793172433906938	0.3671242778732831	3.81030166372708	0.7336660723734952	0.048038217092168406	
1.2492492492492493	0.01145129026479653	0.003959810959369339	0.002553996247460113	0.0011705805466012524	0.0011196459422514338	0.0018113584662082657	0.0036707812557008244	0.008159180242984506	0.029388749734394197	0.35508475342314194	3.7577293634200215	0.7764757093133355	0.04925349244224298	
1.2522522522522523	0.011409866332304005	0.003972605670738845	0.0024767432974744296	0.0011850394767674109	0.0011022652104088686	0.0017915066398223448	0.0036343751418149812	0.008200597660009261	0.028984327034881456	0.3430452289730008	3.705157063112963	0.819285346253176	0.050468767792317556	
1.2552552552552552	0.011368178476221819	0.003985400382108351	0.002399490347488752	0.001199498406933568	0.0010848844785663044	0.0017716548134364253	0.0035979690279291407	0.008242015077034011	0.028579904335368743	0.3310057045228606	3.6525847628059087	0.8620949831930131	0.05168404314239204	
1.2582582582582582	0.011326490620139629	0.003998195093477858	0.0023222373975030682	0.0012139573370997265	0.001067503746723739	0.0017518029870505045	0.0035615629140432975	0.008283432494058766	0.028175481635856002	0.3189661800727195	3.6000124624988503	0.9049046201328534	0.05289931849246662	
1.2612612612612613	0.01128480276405744	0.0040109898048473645	0.0022449844475173845	0.001228416267265885	0.0010501230148811736	0.0017319511606645837	0.003525156800157455	0.008324849911083522	0.02777105893634326	0.30692665562257837	3.5474401621917915	0.9477142570726939	0.05411459384254119	
1.2642642642642643	0.011243114907975253	0.004023784516216871	0.002167731497531701	0.0012428751974320432	0.0010327422830386083	0.0017109017016797316	0.003472548472606442	0.008366267328108277	0.02736663623683052	0.29488713117243726	3.494867861884733	0.9905238940125343	0.05532986919261577	
1.2672672672672673	0.011201427051893063	0.003957163674609339	0.002156308903058774	0.0012573341275982017	0.001015361551196043	0.0016797059745018558	0.003392455022057596	0.00840768474513303	0.026832972134558472	0.28284760672229614	3.4422955615776747	1.0333335309523746	0.05654514454269034	
1.2702702702702702	0.011159739195810878	0.0038846603101821407	0.0021491558521341747	0.001271793057764359	0.001004369603032429	0.0016485102473239824	0.0033123615715087563	0.008322793574768176	0.026274002189160546	0.2708080822721559	3.3623339213376253	1.0948651756234236	0.05779365717090032	
1.2732732732732732	0.011118051339728688	0.0038121569457549367	0.0021420028012095744	0.001269447135080517	0.0010174051519143531	0.0016173145201461069	0.0032322681209599104	0.008212823191633467	0.02571503224376258	0.2606121188293641	3.268572801805787	1.1581532919682964	0.05905765818359581	
1.2762762762762763	0.0110763634836465	0.003739653581327733	0.0021348497502849746	0.0012434210607814313	0.0010304407007962772	0.001586118792968231	0.0031521746704110645	0.008102852808498758	0.02515606229836461	0.25161286371452873	3.174811682273949	1.2214414083131693	0.0603216591962913	
1.2792792792792793	0.01103467562756431	0.003667150216900529	0.0021276966993603744	0.0012173949864823456	0.001043476249678201	0.0015549230657903555	0.0030720812198622187	0.007992882425364051	0.024597092352966646	0.24261360859969341	3.0810505627421105	1.2847295246580421	0.061585660208986794	
1.2822822822822824	0.010996846899233581	0.0035946468524733245	0.002120543648435774	0.0011913689121832599	0.0010565117985601251	0.0015237273386124797	0.002991987769313373	0.007882912042229342	0.02403812240756868	0.23361435348485807	2.987289443210272	1.3480176410029148	0.06284966122168228	
1.2852852852852852	0.01095932782875963	0.0035221434880461262	0.002113390597511175	0.001165342837884176	0.0010695473474420483	0.0014925316114346064	0.002911894318764533	0.007772941659094641	0.023479152462170753	0.2246150983700234	2.893528323678441	1.411305757347783	0.06411366223437769	
1.2882882882882882	0.010921808758285675	0.003449640123618922	0.0021062375465865746	0.0011393167635850904	0.0010825828963239722	0.0014613358842567306	0.0028318008682156875	0.007662971275959933	0.022920182516772785	0.21561584325518807	2.7997672041466024	1.4745938736926558	0.06537766324707317	
1.2912912912912913	0.010884289687811721	0.003377136759191718	0.0020990844956619748	0.0011132906892860049	0.0010956184452058963	0.001430140157078855	0.0027517074176668416	0.007553000892825224	0.022361212571374817	0.20661658814035272	2.706006084614764	1.5378819900375285	0.06664166425976867	
1.2942942942942943	0.010846770617337768	0.003304633394764514	0.002091849903137653	0.0010872646149869191	0.0011086539940878203	0.0014067508245258948	0.0027083162099391465	0.007443030509690515	0.02180224262597685	0.1976173330255174	2.6122449650829256	1.6011701063824013	0.06790566527246415	
1.2972972972972974	0.010809251546863814	0.00329737184362805	0.0020832662420281344	0.0010612385406878334	0.0011216895429697444	0.001415258750119861	0.002699578742606545	0.007333060126555807	0.021394783764314796	0.18861807791068208	2.518483845551087	1.664623907584011	0.06916966628515964	
1.3003003003003002	0.010771732476389862	0.0032902636706449912	0.0020746825809186166	0.0010352124663887497	0.00112178807391925	0.0014237666757138264	0.002690841275273944	0.00721481729500268	0.02099180543158606	0.1796188227958474	2.4248716847601397	1.7333595577636023	0.07232241286597065	
1.3033033033033032	0.010734213405915908	0.0032831554976619323	0.002066098919809098	0.0010133568953469374	0.0010957169761554018	0.0014322746013077925	0.0026821038079413422	0.007096277791104233	0.020588827098857294	0.17261491616783378	2.3312957095203655	1.8020952079431984	0.07598400310115988	
1.3063063063063063	0.010696694335441955	0.003276047324678873	0.0020575152586995793	0.0009945602861309302	0.0010696458783915539	0.0014407825269017586	0.002673366340608741	0.006977738287205786	0.020185848766128524	0.16627390701632896	2.237719734280591	1.8708308581227948	0.07964559333634913	
1.3093093093093093	0.010659175264968	0.0032689391516958137	0.0020489315975900607	0.000975763676914923	0.0010435747806277057	0.0014492904524957247	0.002664628873276139	0.006859198783307339	0.019782870433399758	0.15993289786482415	2.1441437590408166	1.939566508302391	0.08330718357153837	
1.3123123123123124	0.010484374029058203	0.0032618309787127544	0.002040347936480542	0.0009569670676989159	0.0010175036828638578	0.0014577983780896908	0.002655891405943537	0.006740659279408891	0.01937989210067099	0.15359188871331933	2.050567783801042	2.008302158481987	0.0869687738067276	
1.3153153153153152	0.0102967786766884	0.003254722805729696	0.0020317642753710243	0.0009381704584829101	0.0009914325851000116	0.0014663063036836562	0.002647153938610936	0.006622119775510452	0.018976913767942253	0.14725087956181498	1.9569918085612745	2.0770378086615784	0.09063036404191657	
1.3183183183183182	0.01010918332431858	0.0032476146327466366	0.0020231806142615057	0.0009193738492669029	0.0009653614873361637	0.0014748142292776224	0.0026384164712783347	0.006503580271612005	0.018573935435213487	0.14090987041031017	1.8634158333215	2.1457734588411745	0.09429195427710581	
1.3213213213213213	0.00992158797194876	0.0032405064597635772	0.002014596953151987	0.0009005772400508958	0.0009392903895723157	0.0014833221548715885	0.002629679003945733	0.0063850407677135575	0.01817095710248472	0.13456886125880535	1.7698398580817256	2.2145091090207707	0.09795354451229506	
1.3243243243243243	0.00973399261957894	0.0032312053244214194	0.0020015093907000373	0.0008817806308348886	0.0009132192918084676	0.0014844879607239726	0.0026113617672275796	0.00626650126381511	0.017787170075851018	0.12822785210730053	1.6762638828419512	2.2832447592003673	0.10161513474748429	
1.3273273273273274	0.009546397267209121	0.003189977921119676	0.0019671747462619554	0.0008629840216188814	0.0008871481940446196	0.0014674721095360404	0.00258806185434064	0.006154984743737504	0.017564737591119012	0.12188684295579572	1.5826879076021767	2.346782690453402	0.10527672498267354	
1.3303303303303302	0.009358801914839317	0.0031487505178179353	0.0019328401018238758	0.0008441874124028757	0.0008787369817012441	0.0014504562583481095	0.002564761941453702	0.006109282766330871	0.01734230510638702	0.11554583380429136	1.5204916286157169	2.3800634483988854	0.10803567015827631	
1.3333333333333333	0.009171206562469498	0.003107523114516192	0.0018985054573857937	0.0008200506632526771	0.0008917725305831681	0.0014334404071601773	0.002541462028566762	0.006063580788924233	0.017119872621655013	0.11192547395661	1.4601519466807231	2.413344206344371	0.11068691944794377	
1.3363363363363363	0.008983611210099678	0.0030662957112144486	0.0018641708129477116	0.0007940245889535902	0.0009048080794650921	0.0014164245559722451	0.0025181621156798225	0.006017878811517596	0.016897440136923004	0.10862473414041128	1.3998122647457292	2.4466249642898563	0.11333816873761125	
1.3393393393393394	0.00879601585772986	0.003025068307912705	0.0018298361685096295	0.0007679985146545034	0.000917843628347016	0.001399408704784313	0.0024948622027928828	0.005972176834110959	0.016675007652190998	0.10532399432421258	1.3394725828107354	2.479905722235342	0.11598941802727873	
1.3423423423423424	0.008766662192483067	0.002983840904610962	0.0017955015240715476	0.0007419724403554164	0.0009308791772289401	0.0013823928535963807	0.002471562289905943	0.005926474856704322	0.016452575167458988	0.10202325450801386	1.2791329008757417	2.5131864801808272	0.1186406673169462	
1.3453453453453452	0.008754155835658415	0.0029426135013092213	0.0017611668796334678	0.0007159463660563315	0.0009439147261108631	0.0013653770024084498	0.002448262377019005	0.005880772879297689	0.016230142682727	0.0987225146918154	1.2187932189407524	2.5464672381263105	0.12129191660661348	
1.3483483483483483	0.008741649478833761	0.0029013860980074777	0.001726832235195386	0.0006899202917572447	0.000956950274992787	0.0013483611512205176	0.0024249624641320654	0.005835070901891051	0.01600771019799499	0.09542177487561668	1.1584535370057585	2.579747996071796	0.12394316589628096	
1.3513513513513513	0.008729143122009108	0.0028601586947057346	0.0016924975907573038	0.0006638942174581578	0.0009699858238747111	0.0013313453000325854	0.0024016625512451257	0.005789368924484414	0.015785277713262984	0.09212103505941796	1.0981138550707648	2.6130287540172814	0.12659441518594844	
1.3543543543543544	0.008716636765184452	0.0028232111583356327	0.001653555135608746	0.000637868143159071	0.0009830213727566352	0.001312181483747192	0.002357357925116753	0.005743666947077777	0.015593168841589344	0.08882029524321924	1.0377741731357708	2.646309511962767	0.12924566447561592	
1.3573573573573574	0.008704130408359798	0.002814681350755962	0.0016034837791365462	0.000611842068859984	0.000996056921638559	0.0012894936821632825	0.0023078456102320127	0.005702512960966747	0.01549639626706308	0.08551955542702053	0.9796399976362646	2.674928708173676	0.13189691376528337	
1.3603603603603605	0.008691624051535144	0.0028061515431762906	0.0015534124226643468	0.0005858159945608971	0.0010032895345812355	0.0012668058805793728	0.0022583332953472718	0.00567680559867552	0.015399623692536819	0.08228509840031234	0.9456428770062888	2.6904705394250095	0.13464122601854067	
1.3633633633633633	0.008679117694710492	0.00279762173559662	0.0015033410661921508	0.0005884329373506905	0.0010061863232216628	0.001244118078995465	0.0022088209804625343	0.005651098236384296	0.015302851118010562	0.08067886376814222	0.9116457563763154	2.706012370676342	0.13738562731027726	
1.3663663663663663	0.008666611337885837	0.0027890919280169494	0.0014532697097199513	0.0005942165094171542	0.0010090831118620904	0.0012214302774115552	0.0021593086655777934	0.005625390874093069	0.0152060785434843	0.07907262913597196	0.8776486357463396	2.7215542019276753	0.14013002860201407	
1.3693693693693694	0.008654104981061183	0.002780562120437278	0.0014031983532477516	0.000600000081483618	0.001011979900502518	0.0011987424758276458	0.0021097963506930524	0.0055996835118018425	0.015109305968958037	0.07746639450380172	0.8436515151163637	2.737096033179009	0.14287442989375088	
1.3723723723723724	0.008776828564090193	0.0027720323128576072	0.001353126996775552	0.0006057836535500817	0.0010148766891429457	0.001176054674243736	0.0020602840358083115	0.005573976149510616	0.015012533394431773	0.07586015987163147	0.8096543944863879	2.7526378644303424	0.14561883118548768	
1.3753753753753755	0.008915788084364135	0.002763502505277936	0.0013030556403033525	0.0006115672256165454	0.0010177734777833732	0.0011533668726598264	0.0020107717209235706	0.00554826878721939	0.014915760819905512	0.07425392523946123	0.775657273856412	2.7681796956816758	0.1483632324772245	
1.3783783783783783	0.009054747604638065	0.0027549726976982655	0.0012529842838311564	0.0006173507976830087	0.0010206702664238006	0.0011306790710759185	0.0019612594060388336	0.005522561424928165	0.014818988245379255	0.0726476906072911	0.7416601532264386	2.7837215269330082	0.1511076337689611	
1.3813813813813813	0.009193707124912007	0.0027464428901185947	0.001202912927358957	0.0006231343697494726	0.001023567055064228	0.001107991269492009	0.0019117470911540926	0.005496854062636939	0.014722215670852993	0.07104145597512085	0.7076630325964628	2.7992633581843416	0.15385203506069792	
1.3843843843843844	0.009332666645185946	0.002741844127282463	0.0011751691178099651	0.0006289179418159363	0.0010264638437046556	0.0011066182521491102	0.002003950425361263	0.0054711467003457125	0.014641206455351587	0.0694352213429506	0.673665911966487	2.814805189435675	0.15659643635243473	
1.3873873873873874	0.009471626165459887	0.00275321720405536	0.0011794609483647242	0.0006347015138824001	0.0010293606323450832	0.0011293060537330198	0.0021044312996861807	0.005491520010994794	0.01458632051756057	0.06782898671078036	0.642073222293993	2.825255458290087	0.15944540191620188	
1.3903903903903905	0.009610585685733829	0.002764590280828257	0.0011837527789194833	0.0006413849823587574	0.00104430436338399	0.0011519938553169295	0.002204912174011098	0.0055943494601597135	0.014531434579769556	0.06626918565613198	0.6188433993992764	2.8273621441882364	0.16318867929166744	
1.3933933933933933	0.009749545206007758	0.002775963357601153	0.0011880446094742422	0.0006616274845913791	0.0010645818838669805	0.0011746816569008374	0.002305393048336008	0.005697178909324624	0.014476548641978546	0.06491618621371835	0.5956135765045614	2.8294688300863853	0.16693195666713273	
1.3963963963963963	0.009888504726281699	0.0027873364343740494	0.0011923364400290015	0.0006818699868240022	0.0010848594043499724	0.001197369458484747	0.0024058739226609257	0.005800008358489543	0.01442166270418753	0.06356318677130461	0.5723837536098447	2.831575515984534	0.17067523404259827	
1.3993993993993994	0.01002746424655564	0.0027987095111469463	0.0011966282705837606	0.0007021124890566253	0.0011051369248329644	0.0012200572600686566	0.0025063547969858433	0.005902837807654462	0.014366776766396515	0.062210187328890866	0.5491539307151281	2.8336822018826835	0.17441851141806383	
1.4024024024024024	0.010280385678002154	0.0028100825879198432	0.00120092010113852	0.0007223549912892484	0.0011254144453159563	0.0012427450616525663	0.0026068356713107605	0.006005667256819381	0.0143118908286055	0.06085718788647713	0.5259241078204114	2.8357888877808324	0.1781617887935294	
1.4054054054054055	0.01054857755213084	0.00282145566469274	0.001205211931693279	0.0007425974935218716	0.0011456919657989483	0.0012654328632364757	0.002707316545635678	0.0061084967059843	0.014257004890814485	0.05950418844406339	0.5026942849256948	2.8378955736789817	0.18190506616899496	
1.4084084084084083	0.010816769426259504	0.002832828741465636	0.001209503762248038	0.0007628399957544931	0.0011659694862819388	0.0012881206648203837	0.0028077974199605883	0.006211326155149211	0.014202118953023474	0.058151189001649756	0.4794644620309798	2.8400022595771306	0.18564834354446025	
1.4114114114114114	0.01108496130038819	0.002844201818238533	0.0012137955928027972	0.0007830824979871163	0.0011862470067649307	0.0013108084664042933	0.002897605564346784	0.00631415560431413	0.014147233015232458	0.05679818955923602	0.4562346391362631	2.8421089454752795	0.18939162091992578	
1.4144144144144144	0.011353153174516874	0.002870970257643578	0.001225649845015751	0.0008033250002197394	0.0012065245272479227	0.0013454240090986713	0.002877218140570715	0.0064169850534790485	0.014125583219384947	0.05544519011682228	0.4330048162415464	2.844215631373429	0.19313489829539135	
1.4174174174174174	0.011621345048645561	0.0029406303528775567	0.0012442477774197113	0.0008235675024523626	0.0012268020477309146	0.001389381624667496	0.002856830716794647	0.006458288560529884	0.014135693786872764	0.05409219067440854	0.41305038974187513	2.8369240569687992	0.1984093424104131	
1.4204204204204205	0.011889536922774247	0.0030102904481115354	0.0012628457098236715	0.0008402469179448845	0.0012635832285985322	0.001433339240236321	0.0028364432930185787	0.0064354375718265735	0.014145804354360584	0.05286197429483447	0.3988463510852055	2.8200504787736786	0.20943280702453274	
1.4234234234234233	0.012157728796902911	0.003079950543345509	0.0012814436422276302	0.0008445845969947312	0.0013041382695645157	0.0014772968558051424	0.0028160558692425118	0.006412586583123264	0.0141559149218484	0.05188376293326054	0.3846423124285369	2.8031769005785594	0.22045627163865156	
1.4264264264264264	0.012425920671031598	0.0031496106385794876	0.0013000415746315904	0.0008489222760445784	0.001344693310530502	0.0015212544713739673	0.0027956684454664435	0.006389735594419953	0.01416602548933622	0.05090555157168654	0.3704382737718673	2.786303322383439	0.23147973625277118	
1.4294294294294294	0.012694112545160282	0.0032192707338134664	0.0013186395070355506	0.0008532599550944255	0.0013852483514964885	0.001565212086942792	0.0027752810216903753	0.0063668846057166415	0.014176136056824037	0.049927340210112546	0.35623423511519764	2.769429744188318	0.2425032008668908	
1.4324324324324325	0.012929630311546127	0.003288930829047445	0.0013372374394395106	0.0008575976341442726	0.0014258033924624749	0.001609169702511617	0.002754893597914307	0.00634403361701333	0.014186246624311857	0.048949128848538546	0.342030196458528	2.7525561659931976	0.25352666548101044	
1.4354354354354355	0.013160303115200868	0.003358590924281424	0.0013558353718434708	0.0008619353131941197	0.0014663584334284614	0.0016531273180804417	0.002734506174138239	0.006321182628310019	0.014196357191799675	0.04797091748696455	0.32782615780185836	2.7356825877980766	0.26455013009513006	
1.4384384384384383	0.01339097591885559	0.0034282510195153973	0.0013744333042474298	0.0008662729922439665	0.0015069134743944449	0.0016970849336492633	0.002714118750362172	0.0062983316396067095	0.014206467759287493	0.046992706125390624	0.3136221191451898	2.7188090096029573	0.2755735947092489	
1.4414414414414414	0.01362164872251033	0.003497911114749376	0.0013930312366513898	0.0008706106712938137	0.0015474685153604312	0.001741042549218088	0.0027112833380788797	0.006275480650903398	0.01421657832677531	0.046014494763816624	0.29941808048852014	2.7019354314078368	0.28659705932336854	
1.4444444444444444	0.01385232152616507	0.003563339370483466	0.001415328838284726	0.0008749483503436607	0.0015880235563264177	0.001770211709205086	0.002766620631185357	0.006252629662200087	0.014147333084675856	0.045036283402242624	0.2852140418318505	2.685061853212716	0.29762052393748817	
1.4474474474474475	0.01408299432981981	0.0036202047543479397	0.0014396492114283673	0.0008792860293935079	0.0016285785972924042	0.0017914815231900012	0.002821957924291835	0.00625105009883552	0.014034672475525879	0.044058072040668625	0.2727877657351948	2.671535271446508	0.3090166438360331	
1.4504504504504505	0.01431366713347455	0.0036770701382124135	0.001463969584572009	0.0008958962833019936	0.0016244597594695556	0.0018127513371749165	0.0028772952173983122	0.006262475593187173	0.013922011866375901	0.04297061315418533	0.2621217187846568	2.660136493456727	0.3212195561071241	
1.4534534534534533	0.014544339937129273	0.003733935522076883	0.0014882899577156486	0.0009320436087173898	0.0016172177878684873	0.00183402115115983	0.0029326325105047857	0.006273901087538825	0.013809351257225932	0.04176087247626255	0.25145567183411954	2.6487377154669467	0.33342246837821415	
1.4564564564564564	0.014775012740784013	0.0037908009059413566	0.00151261033085929	0.0009681909341327885	0.0016099758162674183	0.0018552909651447453	0.002987969803611263	0.0062853265818904784	0.013696690648075955	0.040551131798339676	0.24078962488358152	2.637338937477166	0.34562538064930515	
1.4594594594594594	0.015005685544438752	0.0038476662898058304	0.0015369307040029314	0.0010043382595481874	0.0016027338446663495	0.0018765607791296605	0.003043307096717741	0.0062967520762421325	0.013584030038925976	0.039341391120416805	0.2301235779330435	2.625940159487385	0.3578282929203961	
1.4624624624624625	0.015235163440710556	0.003904531673670304	0.001561251077146573	0.0010404855849635863	0.0015954918730652805	0.0018978305931145758	0.0030986443898242183	0.006308177570593786	0.013471369429775998	0.03813165044249393	0.21945753098250548	2.614541381497604	0.370031205191487	
1.4654654654654655	0.015464446649162536	0.0039613970575347775	0.0015855714502902144	0.001076632910378985	0.0015882499014642118	0.0019191004070994908	0.003153981682930696	0.006319603064945439	0.01335870882062602	0.036921909764571055	0.20879148403196743	2.6031426035078233	0.382234117462578	
1.4684684684684683	0.0156937298576145	0.004018262441399248	0.001609891823433854	0.0011127802357943813	0.0015810079298631435	0.0019403702210844045	0.0032093189760371696	0.006331028559297091	0.013246048211476052	0.035712169086648274	0.1981254370814302	2.5917438255180434	0.39443702973366807	
1.4714714714714714	0.01592301306606648	0.0040751278252637215	0.0016342121965774955	0.0011489275612097801	0.0015737659582620745	0.0019616400350693196	0.003246075600391657	0.006342454053648744	0.013133387602326074	0.0345024284087254	0.1874593901308922	2.5803450475282625	0.40663994200475906	
1.4744744744744744	0.01615229627451846	0.004128603736359065	0.0016410350905392448	0.0011850748866251788	0.0015665239866610057	0.0019713227327768997	0.0032519005786133892	0.006353879548000398	0.013007183618124623	0.03329268773080253	0.17679334318035414	2.5689462695384817	0.41884285427585	
1.4774774774774775	0.01638157948297044	0.0041769393126438676	0.0016424657007241634	0.0012212222120405777	0.001560165101666033	0.001976994683172877	0.003257725556835121	0.006356717359591138	0.012877190607566957	0.03208294705287966	0.16923845701485218	2.5486583558177602	0.43197622126254387	
1.4804804804804805	0.01661086269142242	0.0042252748889286705	0.0016438963109090823	0.0012280739865118098	0.0015688554675873157	0.0019826666335688546	0.003263550535056853	0.006356717359591138	0.01274719759700929	0.03113709871673301	0.16341798333313745	2.5250413736475696	0.44638611942881734	
1.4834834834834836	0.0168401458998744	0.0042736104652134725	0.0016453269210940011	0.0012107232703124186	0.0015775458335085984	0.001988338583964832	0.003269375513278585	0.006356717359591138	0.012617204586451623	0.03035568727405554	0.15759750965142272	2.5014243914773795	0.46079601759509076	
1.4864864864864864	0.017069429108326366	0.004321946041498272	0.0016467575312789197	0.0011933725541130287	0.0015862361994298804	0.0019940105343608087	0.0032752004915003164	0.006356717359591138	0.012487211575893966	0.029574275831378127	0.15177703596970843	2.4778074093071907	0.47520591576136306	
1.4894894894894894	0.017298712316778344	0.004370281617783075	0.0016481881414638386	0.0011760218379136375	0.001594926565351163	0.0019996824847567864	0.0032810254697220485	0.006356717359591138	0.012357218565336298	0.028792864388700653	0.1459565622879937	2.454190427137	0.48961581392763653	
1.4924924924924925	0.017075005076379785	0.004418617194067877	0.0016496187516487574	0.0011586711217142461	0.0016036169312724456	0.0020053544351527636	0.0032868504479437806	0.006356717359591138	0.012227225554778632	0.028011452946023183	0.140136088606279	2.4305734449668095	0.5040257120939099	
1.4954954954954955	0.016770683726979884	0.00446695277035268	0.0016510493618336762	0.001141320405514855	0.0016123072971937283	0.002011026385548741	0.0032926754261655123	0.006356717359591138	0.012097232544220965	0.02723004150334571	0.13431561492456426	2.406956462796619	0.5184356102601834	
1.4984984984984986	0.01646636237757998	0.004515288346637483	0.001652479972018595	0.0011239696893154637	0.0016209976631150111	0.0020166983359447186	0.0032985004043872444	0.006356717359591138	0.011967239533663299	0.026448630060668235	0.12849514124284953	2.3833394806264283	0.5328455084264567	
1.5015015015015014	0.0161620410281801	0.004563623922922282	0.0016539105822035137	0.0011066189731160736	0.0016296880290362931	0.0020223702863406954	0.0032582434308405404	0.006356717359591138	0.011837246523105641	0.025667218617990824	0.12267466756113524	2.3597224984562395	0.5472554065927291	
1.5045045045045045	0.015857719678780198	0.004548635991927066	0.0016313581081709738	0.0010892682569166824	0.0016383783949575758	0.0019925681385307694	0.003175237491180827	0.006356717359591138	0.01160268663073176	0.02488580717531335	0.1168541938794205	2.3361055162860493	0.5616653047590026	
1.5075075075075075	0.015553398329380295	0.004460494646937131	0.0016056071248424135	0.0010719175407172912	0.0016409439220317324	0.001955700460956916	0.003092231551521114	0.006350414303085569	0.01135858864424014	0.02410439573263588	0.11413157908606589	2.307686514478102	0.5749803650812425	
1.5105105105105106	0.015249076979980392	0.004372353301947197	0.0015798561415138533	0.001055592523500423	0.0016148728242678845	0.0019188327833830632	0.003009225611861401	0.006343273369115787	0.011114490657748522	0.023567241861811136	0.11227435040631395	2.2783780362097783	0.58731369015523	
1.5135135135135136	0.014944755630580488	0.004284211956957263	0.001554105158185293	0.0010396877003176477	0.0015888017265040363	0.0018819651058092101	0.0029262196722016874	0.006336132435146006	0.010870392671256902	0.02310707734556777	0.11041712172656201	2.249069557941455	0.5996470152292175	
1.5165165165165164	0.014640434281180607	0.004196070611967335	0.0015283541748567348	0.0010237828771348736	0.0015627306287401904	0.00184509742823536	0.0028432137325419805	0.0063289915011762255	0.010626294684765301	0.022646912829324434	0.1085598930468102	2.2197610796731335	0.611980340303204	
1.5195195195195195	0.014336112931780706	0.004107929266977401	0.0015026031915281745	0.0010078780539520985	0.0015366595309763424	0.0018082297506615069	0.0027602077928822674	0.006321850567206444	0.010382196698273682	0.022186748313081067	0.10670266436705826	2.1904526014048096	0.6243136653771915	
1.5225225225225225	0.014030627164509273	0.004019787921987467	0.0014768522081996143	0.000991973230769323	0.0015105884332124943	0.0017713620730876538	0.002677201853222554	0.006314709633236662	0.010138098711782064	0.0217265837968377	0.10484543568730632	2.161144123136486	0.6366469904511789	
1.5255255255255256	0.013724916219906607	0.003931646576997532	0.001451101224871054	0.0009760684075865478	0.0014845173354486464	0.0017344943955138006	0.002594195913562841	0.006307568699266881	0.009894000725290446	0.021266419280594334	0.10298820700755437	2.1318356448681626	0.6489803155251664	
1.5285285285285286	0.013419205275303941	0.0038435052320075977	0.0014253502415424938	0.0009601635844037725	0.0014584462376847982	0.0016976267179399478	0.002511189973903128	0.006300427765297099	0.009649902738798826	0.020806254764350964	0.10113097832780243	2.102527166599839	0.6613136405991539	
1.5315315315315314	0.013113494330701298	0.00375536388701767	0.001399593604914987	0.0009442587612209984	0.0014323751399209523	0.0016607590403660973	0.002456151443050113	0.006293286831327318	0.009415461342002378	0.020346090248107632	0.09927374964805064	2.073218688331518	0.6736469656731404	
1.5345345345345345	0.012807783386098632	0.0036604335935664276	0.0013495222484427873	0.0009283539380382231	0.0014063040421571041	0.0016448764135660536	0.00241537659549797	0.006284286228357595	0.009359131037427389	0.019885925731864266	0.0974165209682987	2.043910210063194	0.6859802907471279	
1.5375375375375375	0.012502072441495966	0.0035594975372069864	0.0012994508919705876	0.0009124491148554478	0.001378512453846431	0.00163069653757611	0.0023746017479458273	0.006141467548961863	0.0093028007328524	0.019425761215620896	0.09629750069867457	2.024834041854358	0.6924246468067039	
1.5405405405405406	0.0121963614968933	0.0034585614808475456	0.0012493795354983877	0.0008889865337652332	0.0013466477788017278	0.0016165166615861666	0.0023338269003936843	0.005998648869566132	0.009246470428277411	0.019192052053051214	0.09524159965800565	2.0061852794248978	0.6954528034278218	
1.5435435435435436	0.011890650552290634	0.0033576254244881048	0.001199308179026188	0.0008644063524827623	0.0013147831037570248	0.001602336785596223	0.0022930520528415413	0.005855830190170401	0.009190140123702423	0.018982228610110046	0.09418569861733672	1.9875365169954378	0.6984809600489397	
1.5465465465465464	0.011584939607687991	0.0032566893681286713	0.0011492368225539918	0.0008398261712002932	0.001282918428712324	0.0015881569096062806	0.0022522772052894014	0.00571301151077468	0.009133809819127437	0.018772405167168892	0.09312979757666788	1.968887754565979	0.7015091166700574	
1.5495495495495495	0.011279228663085325	0.0031557533117692305	0.0010991654660817921	0.0008152459899178222	0.001251053753667621	0.0015739770336163372	0.0022115023577372584	0.005570192831378949	0.009077479514552449	0.018562581724227725	0.09207389653599896	1.9502389921365189	0.7045372732911753	
1.5525525525525525	0.010993053661451367	0.0030548172554097897	0.0010490941096095922	0.0007906658086353514	0.0012191890786229177	0.0015597971576263936	0.0021707275101851154	0.005427374151983218	0.00902114920997746	0.018352758281286557	0.09101799549533003	1.9315902297070586	0.7075654299122932	
1.5555555555555556	0.010710965835295282	0.002953881199050349	0.0009990227531373925	0.0007660856273528805	0.0011873244035782147	0.00154561728163645	0.0021299526626329724	0.005284555472587487	0.008964818905402471	0.01814293483834539	0.0899620944546611	1.9129414672775986	0.7105935865334112	
1.5585585585585586	0.010428878009139199	0.002852945142690908	0.0009489513966651927	0.0007415054460704095	0.0011554597285335115	0.0015314374056465067	0.0020891778150808294	0.005141736793191755	0.00890848860082748	0.01793311139540422	0.08890619341399218	1.8942927048481384	0.7136217431545291	
1.5615615615615615	0.010146790182983135	0.0027520090863314747	0.0009039502708486362	0.0007169252647879404	0.0011235950534888108	0.0015167587058907935	0.002073043212150387	0.004998918113796035	0.008849465313382838	0.017723287952463068	0.08785029237332334	1.8756439424186797	0.7166498997756469	
1.5645645645645645	0.00986470235682705	0.0026986190093549697	0.0008967972199240354	0.0006923450835054695	0.0010917303784441076	0.0014713831027229744	0.0020628495002623535	0.004875324991381939	0.008778691340968108	0.0175134645095219	0.08678269170895503	1.8557961007179204	0.7196780563967647	
1.5675675675675675	0.009582614530670967	0.002677294490405792	0.0008896441689994345	0.0006675265990396282	0.0010580505724350575	0.0014260074995551552	0.00205265578837432	0.004865327683824241	0.008707917368553378	0.017300319886429365	0.0855344141773149	1.8213888111443355	0.7351112771982158	
1.5705705705705706	0.009300526704514882	0.002655969971456614	0.0008824911180748338	0.0006357169526740776	0.0010218407144297129	0.001380631896387336	0.002042462076486286	0.004855330376266544	0.008637143396138648	0.017022484706810715	0.08428613664567478	1.7869815215707505	0.7549368894540315	
1.5735735735735736	0.009018438878358797	0.0026346454525074366	0.000875338067150233	0.000603907306308527	0.0009856308564243684	0.0013352562932195168	0.0020322683645982525	0.004845333068708847	0.008566369423723918	0.016744649527192065	0.08303785911403463	1.7525742319971656	0.7747625017098472	
1.5765765765765765	0.008736351052202735	0.0026133209335582603	0.0008681850162256327	0.0005720976599429788	0.0009494209984190267	0.001289880690051701	0.0020220746527102196	0.00483533576115115	0.008495595451309193	0.016466814347573435	0.0817895815823946	1.7181669424235833	0.7945881139656613	
1.5795795795795795	0.00845426322604665	0.002591996414609083	0.0008610319653010319	0.0005402880135774281	0.0009132111404136821	0.001244505086883882	0.002011880940822186	0.004825338453593454	0.008424821478894465	0.016188979167954785	0.08054130405075448	1.6837596528499983	0.814413726221477	
1.5825825825825826	0.008233407531336025	0.0025706718956599053	0.0008538789143764311	0.0005084783672118776	0.0008770012824083377	0.0011991294837160626	0.0020016872289341523	0.004815341146035756	0.008354047506479735	0.015911143988336134	0.07929302651911435	1.6493523632764133	0.8342393384772927	
1.5855855855855856	0.008026357846127869	0.0025493473767107277	0.0008467258634518302	0.00047666872084632694	0.0008407914244029931	0.0011537538805482435	0.0019914935170461186	0.004805343838478059	0.008283273534065005	0.015633308808717484	0.07804474898747421	1.6149450737028284	0.8540649507331084	
1.5885885885885886	0.007819308160919714	0.0025280228577615497	0.0008395728125272294	0.00044485907448077634	0.0008045815663976486	0.0011083782773804243	0.001981299805158085	0.004795346530920362	0.008212499561650275	0.015355473629098833	0.07679647145583408	1.5805377841292434	0.873890562988924	
1.5915915915915915	0.007612258475711573	0.002506698338812374	0.0008357965899030873	0.0004130494281152281	0.0007683717083923068	0.0010648239087010245	0.0019669592035995204	0.0047853492233626655	0.008148226000841887	0.015077638449480204	0.07554819392419405	1.546130494555661	0.8937161752447382	
1.5945945945945945	0.007405208790503417	0.002471217673581662	0.0008429496408276873	0.0003812397817496775	0.0007321618503869623	0.0010364641567211382	0.001952396758045184	0.004749356009044585	0.008097673163402794	0.014799803269861554	0.07430977189834014	1.511432373229143	0.9135417875005539	
1.5975975975975976	0.007198159105295261	0.0024285686356833084	0.0008501026917522873	0.0003530907790208747	0.0007045316037830597	0.0010081044047412517	0.001937834312490848	0.004645098373085701	0.008047120325963702	0.014528394165087694	0.07311067331927912	1.4755125176224182	0.9335004725391024	
1.6006006006006006	0.006991109420087105	0.0023859195977849546	0.0008572557426768875	0.00034007774187133123	0.0006842540833000663	0.0009797446527613652	0.0019232718669365118	0.004540840737126817	0.00799656748852461	0.014283841324694185	0.0719115747402181	1.4395926620156936	0.9534837266445739	
1.6036036036036037	0.00678405973487895	0.002343270559886601	0.0008644087936014875	0.0003270647047217878	0.000663976562817073	0.0009513849007814789	0.0019087094213821754	0.004436583101167933	0.007946014651085517	0.014039288484300676	0.0707124761611571	1.4036728064089687	0.9734669807500455	
1.6066066066066067	0.006577010049670795	0.002300621521988247	0.0008715618445260876	0.0003140516675722444	0.0006436990423340798	0.0009230251488015925	0.0018941469758278393	0.004332325465209049	0.007895461813646424	0.01379473564390717	0.06951337758209608	1.3677529508022441	0.9934502348555171	
1.6096096096096095	0.006369960364462654	0.0022579724840898967	0.0008787148954506871	0.00030103863042270194	0.0006234215218510879	0.0008946653968217082	0.0018795845302735043	0.004228067829250173	0.007844908976207335	0.013550182803513678	0.06831427900303516	1.331833095195522	1.013433488960987	
1.6126126126126126	0.0062479306331886105	0.002215323446191543	0.0008858679463752872	0.0002880255932731585	0.0006031440013680947	0.0008663056448418218	0.0018650220847191681	0.0041238101932912895	0.007794356138768242	0.01330562996312017	0.06711518042397414	1.2959132395887973	1.0334167430664587	
1.6156156156156156	0.006146490183388634	0.002172674408293189	0.0008930209972998872	0.0002750125561236151	0.0005828664808851014	0.0008379458928619354	0.0018504596391648318	0.004019552557332405	0.00774380330132915	0.013061077122726661	0.06591608184491314	1.2599933839820725	1.0533999971719303	
1.6186186186186187	0.006045049733588657	0.0021300253703948353	0.0009001740482244872	0.0002619995189740716	0.000562588960402108	0.000809586140882049	0.0018311720684411176	0.0039152949213735215	0.007693250463890057	0.012816524282333153	0.06471698326585212	1.2240735283753479	1.0733832512774018	
1.6216216216216217	0.005943609283788681	0.0020873763324964815	0.0008850473483999962	0.0002489864818245282	0.0005423114399191148	0.0007834733110931041	0.0017656410634466037	0.0038110372854146374	0.007598522386302735	0.012571971441939644	0.0635178846867911	1.1881536727686233	1.0933665053828734	
1.6246246246246245	0.0058421688339887114	0.002045765745422876	0.0008292535511881201	0.00023597344467498574	0.000522033919436123	0.0007664574599051725	0.0017001100584520948	0.0037375741510071027	0.0074511969743373905	0.012327418601546155	0.0624087797503669	1.1542590191048383	1.1133497594883435	
1.6276276276276276	0.005740728384188735	0.0020045383421211306	0.0007734597539762397	0.00023017762182961596	0.0005027112846440647	0.0007494416087172396	0.0016345790534575812	0.0037090104151279576	0.007303871562372035	0.012130213954970518	0.06147437965136397	1.1249046185281082	1.1315267770060795	
1.6306306306306306	0.005639287934388759	0.0019633109388193853	0.0007176659567643595	0.0002374070869126954	0.0004838821584812861	0.0007324257575293067	0.0015690480484630673	0.0036804466792488126	0.007156546150406679	0.012026025762613536	0.060539979552361046	1.095550217951378	1.1496082971616102	
1.6336336336336337	0.005537847484588782	0.00192208353551764	0.0006618721595524793	0.00024463655199577483	0.0004650530323185075	0.0007154099063413738	0.0015035170434685536	0.0036518829433696675	0.007009220738441324	0.011921837570256551	0.05960557945335812	1.066195817374648	1.167689817317141	
1.6366366366366367	0.005436407034788805	0.0018808561322158947	0.0006060783623405991	0.0002518660170788543	0.00044622390615572894	0.0006983940551534409	0.0014379860384740397	0.0036233192074905224	0.006861895326475968	0.011817649377899569	0.0586711793543552	1.0368414167979179	1.185771337472672	
1.6396396396396395	0.005334966584988836	0.0018396287289141524	0.0005502845651287228	0.00025909548216193325	0.00042739477999295173	0.0006813782039655093	0.0013724550334795309	0.0035947554716113795	0.006714569914510623	0.011713461185542591	0.057736779255352345	1.00748701622119	1.2038528576282013	
1.6426426426426426	0.005252284595616626	0.001798401325612407	0.0004944907679168426	0.0002663249472450127	0.0004085656538301731	0.0006643623527775763	0.001306924028485017	0.0035661917357322345	0.006567244502545267	0.011609272993185609	0.05680237915634942	0.9781326156444599	1.2219343777837322	
1.6456456456456456	0.005174467264263227	0.0017571739223106618	0.00043869697070496235	0.00027355441232809215	0.0003897365276673945	0.0006473465015896434	0.0012413930234905033	0.0035376279998530894	0.006419919090579911	0.011505084800828624	0.0558679790573465	0.9487782150677297	1.2400158979392628	
1.6486486486486487	0.0050966499329098275	0.0017159465190089165	0.00038290317349308207	0.0002807838774111716	0.0003709074015046159	0.0006303306504017105	0.0011923718657500374	0.0035090642639739444	0.006272593678614556	0.01140089660847164	0.054933578958343575	0.9194238144909996	1.2580974180947937	
1.6516516516516517	0.005018832601556429	0.0016747191157071711	0.00035748586637045937	0.00028801334249425105	0.00035207827534183736	0.0006133147992137778	0.0011967405994163392	0.0034805005280947993	0.006142355242054866	0.011296708416114657	0.05399917885934065	0.8900694139142695	1.2761789382503246	
1.6546546546546546	0.004941015270203035	0.0016516222494303815	0.0003660695274799786	0.00029524280757732996	0.00033324914917906014	0.0005962989480258468	0.0012011093330826406	0.003448095895779871	0.006023917165769001	0.011192520223757682	0.05307449012998838	0.8626590080408474	1.2938717502808683	
1.6576576576576576	0.004863197938849636	0.0016331409996744276	0.0003746531885894985	0.0002934789609465165	0.0003291075102334154	0.0005792830968379146	0.0012054780667489424	0.003412391225930942	0.005905479089483127	0.01103606776686651	0.0521603401879298	0.8378824875833922	1.3049396412344376	
1.6606606606606606	0.004785380607496236	0.0016146597499184735	0.00038323684969901835	0.0002833577098302052	0.0003291075102334154	0.0005622672456499824	0.0012098468004152442	0.003376686556082013	0.005787041013197252	0.01082335020747098	0.05124619024587123	0.8131059671259371	1.3160075321880067	
1.6636636636636637	0.0047075632761428374	0.0015961785001625197	0.00039182051080853823	0.00027323645871389396	0.0003291075102334154	0.0005452513944620502	0.0012142155340815457	0.003340981886233084	0.005668602936911378	0.010610632648075451	0.05033204030381266	0.7883294466684819	1.327075423141576	
1.6666666666666667	0.004629745944789438	0.0015776972504065656	0.0004004041719180581	0.0002631152075975827	0.0003291075102334154	0.000528235543274118	0.0012185842677478475	0.003305277216384155	0.005550164860625504	0.010397915088679922	0.04941789036175408	0.7635529262110268	1.3381433140951453	
1.6696696696696696	0.004551928613436044	0.001559216000650613	0.00040898783302757734	0.0002529939564812722	0.0003291075102334154	0.0005112196920861871	0.001222953001414149	0.0032695725465352286	0.005431726784339639	0.010185197529284408	0.048503740419695573	0.7387764057535735	1.3492112050487135	
1.6726726726726726	0.004471934893896665	0.0015407347508946592	0.0004175714941370972	0.00024287270536496095	0.0003291075102334154	0.0004942038408982549	0.0012273217350804507	0.0032338678766862996	0.005313288708053764	0.00997247996988888	0.047589590477637	0.7139998852961184	1.3602790960022828	
1.6756756756756757	0.0043913383721377805	0.001522253501138705	0.0004261551552466171	0.00023275145424864972	0.0003291075102334154	0.0004771879897103227	0.0012316904687467525	0.0031981632068373705	0.005194850631767891	0.00975976241049335	0.04667544053557842	0.6892233648386632	1.371346986955852	
1.6786786786786787	0.004310741850378896	0.001503772251382751	0.00043473881635613693	0.00022263020313233845	0.0003291075102334154	0.0004601721385223905	0.0012310830418791985	0.003162458536988442	0.005076412555482016	0.009547044851097822	0.04576129059351985	0.664446844381208	1.3824148779094212	
1.6816816816816818	0.00423014532862001	0.0014852910016267971	0.0004357291031740852	0.0002125089520160272	0.0003291075102334154	0.00045070308169726435	0.0012223455745465966	0.003126753867139513	0.0050177883182853196	0.009334327291702292	0.04484714065146127	0.6396703239237529	1.3934827688629905	
1.6846846846846846	0.004149548806861131	0.0014569868214438743	0.00043143727261932545	0.00020238770089971668	0.0003291075102334154	0.00045353905689525287	0.0012136081072139956	0.0030824512251021677	0.00498167914868597	0.009121609732306779	0.04403598125739172	0.6184135909527793	1.4036276276580972	
1.6876876876876876	0.004068952285102246	0.0014271324949150256	0.00042714544206456543	0.00019718329967444417	0.00031866968841672444	0.00045637503209324155	0.001204870639881394	0.0030338928741076186	0.004945569979086618	0.008960510689563848	0.04328817189023303	0.6001451226398106	1.4089645208228114	
1.6906906906906907	0.003988355763343361	0.001397278168386177	0.0004228536115098054	0.0001942915136412123	0.0003070825338550142	0.00045921100729123023	0.0011961331725487921	0.002985334523113069	0.004909460809487266	0.008830275449117606	0.042540362523074346	0.5818766543268419	1.4143014139875258	
1.6936936936936937	0.003907759241584476	0.0013674238418573282	0.0004185617809550454	0.00019139972760798043	0.00029549537929330396	0.00046204698248921897	0.0011873957052161905	0.00293677617211852	0.004873351639887914	0.008700040208671364	0.04179255315591566	0.5636081860138733	1.41963830715224	
1.6966966966966968	0.0038271627198255905	0.0013375695153284796	0.0004142699504002853	0.00018850794157474854	0.0002839082247315938	0.00046488295768720765	0.0011786582378835889	0.0028882178211239707	0.004837242470288563	0.008569804968225122	0.04104474378875697	0.5453397177009046	1.4249752003169545	
1.6996996996996996	0.0037465661980667113	0.0013077151887996331	0.0004099781198455256	0.0001856161555415169	0.0002723210701698844	0.00046771893288519617	0.0011699207705509877	0.0028396594701294246	0.004801133300689213	0.008439569727778888	0.04029693442159834	0.5270712493879374	1.4303120934816684	
1.7027027027027026	0.0036766991696806535	0.0012778608622707845	0.0004056862892907656	0.000182724369508285	0.00026073391560817416	0.00047055490808318485	0.001161183303218386	0.0027911011191348754	0.004765024131089861	0.008309334487332646	0.03954912505443965	0.5088027810749687	1.4356489866463826	
1.7057057057057057	0.0036099985999491655	0.0012480065357419357	0.0004013944587360056	0.00017983258347505313	0.0002491467610464639	0.00047339088328117354	0.0011524458358857844	0.0027425427681403262	0.0047289149614905095	0.008179099246886404	0.03880131568728097	0.49053431276200005	1.440985879811097	
1.7087087087087087	0.0035432980302176776	0.001218152209213087	0.0003971026281812455	0.00017694079744182126	0.00023755960648475367	0.0004762268584791623	0.0011299949191380268	0.0026939844171457767	0.004692805791891157	0.008048864006440162	0.038053506320122284	0.4722658444490314	1.4463227729758112	
1.7117117117117118	0.0034765974604861897	0.0011882978826842385	0.00038876126404191187	0.00017404901140858936	0.00022597245192304343	0.00046904054657665004	0.0010950450498076192	0.0026454260661512275	0.004649230327736837	0.00791862876599392	0.037305696952963596	0.4539973761360627	1.4516596661405257	
1.7147147147147146	0.003409896890754707	0.0012034110736066173	0.0003787469927474727	0.00017115722537535771	0.00021463533276092309	0.0004506067077897248	0.0010600951804772144	0.002592297790360056	0.004604454957433644	0.007788393525547688	0.03669507142383872	0.4389092218325909	1.4564729370267626	
1.7177177177177176	0.003343196321023219	0.0012218923233625713	0.0003687327214530328	0.00016339625008776086	0.00021463533276092309	0.0004321728690027983	0.0010251453111468068	0.002538026692189682	0.004559679587130447	0.007649243731801902	0.036128067029397325	0.4254812518400967	1.459846472609399	
1.7207207207207207	0.003276495751291731	0.0012403735731185252	0.00035871845015859297	0.00015472089198806523	0.00021463533276092309	0.0004137390302158718	0.0009901954418163994	0.002483755594019308	0.004514904216827251	0.007507432025538212	0.035561062634955926	0.41205328184760254	1.4632200081920352	
1.7237237237237237	0.003209795181560243	0.0012588548228744793	0.0003487041788641531	0.00014604553388836963	0.00021463533276092309	0.0003953051914289452	0.0009552455724859918	0.002429484495848934	0.004470128846524054	0.007365620319274521	0.03499405824051453	0.39862531185510836	1.4665935437746713	
1.7267267267267268	0.003143094611828755	0.0012773360726304331	0.0003386899075697132	0.000137370175788674	0.00021463533276092309	0.0003768713526420187	0.0009202957031555844	0.00237521339767856	0.004425353476220858	0.00722380861301083	0.03442705384607314	0.3851973418626142	1.4699670793573076	
1.7297297297297298	0.003076394042097267	0.0012958173223863872	0.00032867563627527336	0.00012869481768897837	0.00021463533276092309	0.00035843751385509213	0.0008853458338251769	0.002320942299508186	0.004380578105917661	0.007081996906747139	0.03386004945163174	0.37176937187012	1.473340614939944	
1.7327327327327327	0.0030276744502526075	0.0013142985721423398	0.0003186613649808342	0.00012001945958928341	0.00021463533276092309	0.00034000367506816697	0.000850395964494772	0.002266671201337816	0.004335802735614468	0.0069401852004834595	0.03329304505719039	0.3583414018776268	1.4767141505225798	
1.7357357357357357	0.00298459699896769	0.0013327798218982936	0.00030864709368639436	0.0001113441014895878	0.00021463533276092309	0.00032156983628124045	0.0008154460951643645	0.002212400103167442	0.004291027365311272	0.006798373494219768	0.032726040662749	0.3449134318851326	1.4800876861052161	
1.7387387387387387	0.002941519547682773	0.0013512610716542477	0.00029863282239195446	0.00010266874338989218	0.00021463533276092309	0.0003031359974943139	0.0008037956628507585	0.002158129004997068	0.004246251995008075	0.006656561787956077	0.0321590362683076	0.3314854618926385	1.4834612216878524	
1.7417417417417418	0.0028984420963978556	0.0013697423214102016	0.00029806701939885666	9.399338529019655e-05	0.00021463533276092309	0.00029825537821844884	0.000803795662850759	0.0021038579068266934	0.004166931042618465	0.006514750081692387	0.03159203187386621	0.3180574919001443	1.4868347572704887	
1.7447447447447448	0.0028553646451129383	0.0013315322998863543	0.00029949762958377647	8.540866494060175e-05	0.00021504768364697264	0.0003039273286144262	0.0008037956628507597	0.0020961239340868245	0.0040874908694998905	0.006372938375428696	0.03094576582243715	0.30787623971188816	1.488029618989488	
1.7477477477477477	0.002812287193828024	0.0012931481657778372	0.00030092823976869617	0.00010131348812337588	0.00021794447228739997	0.0003095992790104032	0.0008037956628507603	0.002091839373704952	0.004008050696381322	0.0062218653169709755	0.03029052860130976	0.2986472907943164	1.485551775734441	
1.7507507507507507	0.0027692097425431068	0.0012547640316693176	0.000302358849953616	0.00011721831130615119	0.00022084126092782754	0.0003152712294063806	0.000803795662850761	0.0020875548133230783	0.003928610523262748	0.006069924203117032	0.029635291380182324	0.2894183418767439	1.483073932479394	
1.7537537537537538	0.0027261322912581895	0.0012163798975607977	0.0003037894601385358	0.0001331231344889265	0.0002237380495682551	0.000320943179802358	0.0008037956628507615	0.002083270252941205	0.003849170350144174	0.005917983089263089	0.028980054159054885	0.28018939295917145	1.480596089224347	
1.7567567567567568	0.002683054839973272	0.001177995763452278	0.0003052200703234556	0.0001490279576717018	0.00022663483820868264	0.0003266151301983354	0.0008037956628507622	0.0020789856925593317	0.0037697301770255997	0.005766041975409145	0.028324816937927447	0.27096044404159897	1.4781182459692999	
1.7597597597597598	0.002639977388688355	0.0011396116293437583	0.0003066506805083754	0.00016493278085447712	0.0002295316268491102	0.0003322870805943128	0.0008037956628507628	0.002074701132177458	0.0036902900039070255	0.0056141008615552025	0.02766957971680001	0.2617314951240265	1.475640402714253	
1.7627627627627627	0.0026000273168810565	0.0011012274952352412	0.0003080812906932951	0.00018083760403725122	0.00023242841548953754	0.00033795903099028974	0.0008037956628507634	0.002070416571795585	0.0036108498307884573	0.00546215974770127	0.02701434249567262	0.25250254620645474	1.4731625594592062	
1.7657657657657657	0.0025611186512043533	0.0010628433611267216	0.0003095119008782149	0.00019674242722002652	0.00023532520412996512	0.00034363098138626716	0.000803795662850764	0.002066132011413712	0.003531409657669883	0.005310218633847326	0.026359105274545182	0.24327359728888226	1.470684716204159	
1.7687687687687688	0.0025222099855276496	0.0010244592270182017	0.0003109425110631347	0.00021264725040280185	0.00023822199277039266	0.0003493029317822446	0.0007967170941474164	0.0020618474510318385	0.0034574809141758784	0.005158277519993384	0.025703868053417747	0.23404464837130978	1.468206872949112	
1.7717717717717718	0.0024833013198509463	0.0009900507095962627	0.0003056244528520935	0.00022855207358557717	0.00024111878141082024	0.00034385875490183007	0.0007879796268148146	0.002055436579037161	0.0034199273777925526	0.00500633640613944	0.02505652669300095	0.2248156994537373	1.465729029694065	
1.7747747747747749	0.0024443926541742426	0.0010142184977386642	0.00029990201211241367	0.00024015023534899052	0.00024134789482354213	0.00033251485410987523	0.0007792421594822129	0.002016875535600315	0.0033823738414092267	0.004861342597739884	0.02460957680044383	0.21857339848232157	1.463146383482954	
1.7777777777777777	0.002405483988497542	0.0010383862858810637	0.0002941795713727342	0.0002300289842326797	0.00023410592322247375	0.0003211709533179213	0.0007705046921496118	0.001978314492163472	0.0033448203050259035	0.004828060258514735	0.024162626907886744	0.212702518366976	1.460449274746115	
1.7807807807807807	0.0023665753228208383	0.001062554074023465	0.00028845713063305433	0.00021990773311636816	0.00022686395162140486	0.0003098270525259665	0.0007617672248170102	0.0019397534487266264	0.0033072667686425776	0.004794777919289585	0.023715677015329624	0.20683163825162998	1.4577521660092763	
1.7837837837837838	0.002327666657144135	0.0010867218621658664	0.0002827346898933745	0.0002097864820000566	0.00021962198002033596	0.0002984831517340117	0.0007530297574844084	0.0019011924052897804	0.003269713232259252	0.004761495580064433	0.023268727122772503	0.20096075813628397	1.4550550572724372	
1.7867867867867868	0.0022887579914674314	0.0011108896503082676	0.0002770122491536946	0.00019966523088374503	0.00021238000841926707	0.0002871392509420569	0.0007442922901518067	0.0018626313618529346	0.003232159695875926	0.004728213240839283	0.022821777230215383	0.19508987802093797	1.4523579485355984	
1.7897897897897899	0.0022498493257907277	0.001135057438450669	0.00027128980841401474	0.0001895439797674335	0.00020513803681819818	0.0002757953501501021	0.0007355548228192049	0.0018240703184160888	0.0031946061594925997	0.004694930901614132	0.022374827337658262	0.18921899790559193	1.4496608397987596	
1.7927927927927927	0.0022510020478506004	0.0011592252265930686	0.0002655673676743353	0.00017942272865112267	0.00019789606521712982	0.00026445144935814815	0.000726817355486604	0.0017855092749792458	0.0031570526231092765	0.0046616485623889835	0.021927877445101177	0.18334811779024635	1.4469637310619208	
1.7957957957957957	0.0022662875950807348	0.0011833930147354698	0.00025984492693465546	0.00016930147753481113	0.00019065409361606093	0.00025310754856619337	0.0007180798881540022	0.0017469482315423997	0.0031194990867259506	0.004628366223163833	0.021480927552544056	0.17747723767490034	1.444266622325082	
1.7987987987987988	0.0022815731423108695	0.0012075608028778713	0.0002548248752813485	0.00015918022641849957	0.00018341212201499203	0.00024176364777423856	0.000719063411999312	0.001708387188105554	0.0030942676663481094	0.0045950838839386825	0.021033977659986935	0.17160635755955433	1.441569513588243	
1.8018018018018018	0.002296858689541004	0.0012258065857720536	0.00026054731602102844	0.000149058975302188	0.00017617015041392314	0.00023991870403807438	0.000720519656554745	0.001675616837405911	0.0031029338670519537	0.004561801544713531	0.020627334862214915	0.16574633734363492	1.438872404851404	
1.8048048048048049	0.002312144236771138	0.0012044820668228767	0.0002662697567607083	0.00013893772418587644	0.00017170826620873842	0.00024133669163706872	0.0007219759011101781	0.0016670477166421688	0.0031116000677557983	0.004527638842323655	0.020407476015390696	0.1618214150470152	1.4351281521855825	
1.8078078078078077	0.0023274297840012717	0.0011831575478737013	0.0002719921975003878	0.0001288164730695656	0.00017170826620873828	0.00024275467923606296	0.0007234321456656111	0.0016584785958784272	0.003120266268459642	0.0044900153284169655	0.020187617168566496	0.15789649275039574	1.4306367925781138	
1.8108108108108107	0.002342715331231406	0.0011618330289245246	0.0002777146382400677	0.00011869522195325401	0.00017170826620873818	0.0002441726668350573	0.0007248883902210441	0.0016499094751146848	0.0031289324691634863	0.004452391814510273	0.019967758321742277	0.153971570453776	1.4261454329706449	
1.8138138138138138	0.0023580008784615403	0.0011405085099753477	0.00028343707897974765	0.00010857397083694243	0.00017170826620873804	0.00024559065443405167	0.0007263446347764771	0.0016413403543509425	0.003137598669867331	0.0044147683006035806	0.019747899474918063	0.15004664815715626	1.4216540733631757	
1.8168168168168168	0.0023732864256916747	0.0011191839910261708	0.00028915951971942753	9.845271972063084e-05	0.0001717082662087379	0.000247008642033046	0.0007278008793319103	0.0016327712335872002	0.0031462648705711757	0.0043771447866968885	0.019528040628093844	0.1461217258605365	1.4171627137557068	
1.8198198198198199	0.002388571972921809	0.0010978594720769939	0.0002948819604591074	8.833146860431925e-05	0.00017170826620873777	0.00024842662963204035	0.0007292571238873433	0.001624202112823458	0.00315493107127502	0.0043395212727901965	0.019308181781269626	0.14219680356391678	1.4126713541482379	
1.8228228228228227	0.0024149891936110415	0.0010765349531278185	0.0003006044011987869	7.821021748800841e-05	0.00017170826620873766	0.0002498446172310346	0.0007307133684427762	0.0016156329920597162	0.0031635972719788637	0.004301897758883507	0.019088322934445425	0.13827188126729734	1.4081799945407691	
1.8258258258258258	0.0024455602880713054	0.0010552104341786418	0.00030632684193846686	6.808896637169682e-05	0.00017170826620873753	0.0002512626048300289	0.0007310382526394859	0.001607063871295974	0.0031722634726827083	0.004264274244976814	0.018868464087621207	0.13434695897067758	1.4036886349333	
1.8288288288288288	0.0024761313825315693	0.001033885915229465	0.00030999749245957806	5.796771525538523e-05	0.0001717082662087374	0.0002526805924290233	0.0007208445407514512	0.0015984947505322316	0.0031652674336570693	0.004226650731070122	0.01864860524079699	0.13042203667405786	1.399197275325831	
1.8318318318318318	0.0025067024769918327	0.0010229129012030787	0.000304275051719898	4.784646413907364e-05	0.00017170826620873725	0.00025528311543404956	0.0007106508288634165	0.0015931659173728891	0.0031349357311936136	0.00418902721716343	0.018398476562541784	0.12658186541742542	1.394705915718362	
1.834834834834835	0.0025372735714520966	0.0010541888623285388	0.00029855261098021797	4.338212213083602e-05	0.00017536295869500167	0.00025811909063203824	0.0007004571169753818	0.0015945941041668452	0.0031046040287301584	0.0041589364863452655	0.018083152690122846	0.12335295310759199	1.3906323816530806	
1.8378378378378377	0.002567844665912358	0.0010854648234539964	0.00029283017024053835	4.4828015147451874e-05	0.0001826049302960701	0.00026095506583002676	0.0006902634050873479	0.0015960222909608011	0.003074272326266705	0.0041430188458462785	0.017767828817703932	0.1201240407977588	1.386747226612925	
1.8408408408408408	0.002598415760372622	0.0011167407845794565	0.00028710772950085825	4.627390816406783e-05	0.00018984690189713908	0.00026379104102801544	0.0006800696931993132	0.0015974504777547572	0.0030439406238032493	0.004127101205347291	0.017452504945284993	0.11689512848792538	1.382862071572769	
1.8438438438438438	0.0026289868548328857	0.0011480167457049164	0.0002813852887611782	4.771980118068379e-05	0.00019708887349820803	0.0002666270162260042	0.0006698759813112784	0.0015988786645487133	0.0030136089213397936	0.004111183564848303	0.017137181072866055	0.11366621617809196	1.3789769165326131	
1.8468468468468469	0.002659557949293149	0.0011792927068303765	0.00027566284802149816	4.916569419729975e-05	0.000204330845099277	0.00026946299142399286	0.0006596822694232438	0.0016003068513426694	0.002983277218876338	0.004095265924349314	0.016821857200447116	0.11043730386825854	1.3750917614924574	
1.84984984984985	0.002690129043753413	0.0012105686679558364	0.0002699404072818181	5.0611587213915704e-05	0.00021157281670034598	0.0002722989666219816	0.0006494885575352091	0.0016017350381366253	0.0029529455164128823	0.004079348283850326	0.016506533328028178	0.10720839155842511	1.3712066064523014	
1.8528528528528527	0.0026987721759209747	0.0012418446290812942	0.00026421796654213845	5.2057480230531556e-05	0.00021881478830141442	0.00027513494181997006	0.0006392948456471751	0.0016031632249305814	0.002922613813949429	0.004063430643351339	0.01619120945560926	0.10397947924859192	1.367321451412146	
1.8558558558558558	0.002698772175920977	0.0012731205902067543	0.0002584955258024584	5.350337324714752e-05	0.0002260567599024834	0.00027797091701795874	0.0006371596810122028	0.0016045914117245373	0.0028922821114859736	0.004047513002852351	0.01587588558319032	0.1007505669387585	1.36343629637199	
1.8588588588588588	0.0026987721759209786	0.0013043965513322142	0.00025574912749469654	5.494926626376347e-05	0.00023329873150355234	0.0002808068922159475	0.00066045959389914	0.0016060195985184934	0.002868151207268248	0.004031595362353363	0.015560561710771383	0.09752165462892508	1.359551141331834	
1.8618618618618619	0.002698772175920981	0.0013345490780297825	0.00026004095804945684	5.639515928037943e-05	0.00024054070310462132	0.00028101560513553973	0.0006837595067860772	0.0015944468016084478	0.002849374439076585	0.0040156777218543745	0.015312612360546825	0.09456387747823711	1.3556659862916782	
1.864864864864865	0.002698772175920983	0.0013615601353654076	0.0002643327886042171	5.878209327088797e-05	0.00023600650100641564	0.00028101560513553973	0.0007070594196730146	0.001567311252523261	0.0028305976708849216	0.003968479746985331	0.015144825345865186	0.09247441244574046	1.3500310852726212	
1.867867867867868	0.0026987721759209847	0.0013885711927010326	0.00026862461915897737	6.167387930411984e-05	0.0002244193464447054	0.00028101560513553973	0.0007303593325599518	0.0015401757034380742	0.0028118209026932587	0.0038888915444904087	0.014977038331183546	0.09038494741324381	1.3439446767681784	
1.8708708708708708	0.002698772175920987	0.0014155822500366555	0.0002729164497137373	6.45656653373515e-05	0.00021283219188299602	0.00028101560513553973	0.0007536592454468873	0.0015130401543528894	0.002793044134501597	0.0038093033419954923	0.014809251316501919	0.08829548238074732	1.3378582682637359	
1.8738738738738738	0.0026987721759209886	0.0014425933073722807	0.00027720828026849757	6.745745137058337e-05	0.0002012450373212858	0.00028101560513553973	0.0007769591583338245	0.0014859046052677026	0.002774267366309934	0.00372971513950057	0.014641464301820279	0.08620601734825066	1.3317718597592931	
1.8768768768768769	0.0026987721759209908	0.0014696043647079056	0.0002815001108232578	7.034923740381523e-05	0.00018965788275957557	0.00028101560513553973	0.0008002590712207617	0.0014587690561825158	0.0027554905981182713	0.003650126937005648	0.01447367728713864	0.08411655231575402	1.3256854512548502	
1.87987987987988	0.002698772175920993	0.0014966154220435305	0.0002857919413780181	7.324102343704712e-05	0.00017807072819786535	0.00028101560513553973	0.000823558984107699	0.001431633507097329	0.0027367138299266083	0.003570538734510726	0.014305890272457	0.08202708728325736	1.3195990427504074	
1.882882882882883	0.0027350869656340123	0.0015236264793791557	0.00029008377193277834	7.613280947027898e-05	0.0001664835736361551	0.00028101560513553973	0.0008468588969946363	0.0014044979580121423	0.0027179370617349454	0.003490950532015804	0.01413810325777536	0.07993762225076072	1.3135126342459644	
1.8858858858858858	0.0027865019881353624	0.0015506375367147786	0.0002943756024875383	7.902459550351065e-05	0.00015489641907444573	0.00028101560513553973	0.0008494638516829847	0.0013773624089269574	0.002699160293543284	0.0034113623295208874	0.013970316243093733	0.07784815721826421	1.3074262257415221	
1.8888888888888888	0.002837917010636716	0.0015776485940504036	0.00029332301649897006	8.191638153674251e-05	0.0001433092645127355	0.00028116404077576073	0.0008188827160188797	0.0013502268598417706	0.0026959053910874395	0.0033317741270259653	0.013802529228412094	0.07575869218576757	1.3013398172370791	
1.8918918918918919	0.0028893320331380696	0.0016055980231499136	0.0002847393553894497	8.480816756997438e-05	0.00013172210995102525	0.00028967196636972683	0.0007883015803547746	0.0013515561155573858	0.0027002384914393616	0.003252185924531043	0.013645953872020427	0.07381305219248199	1.2952534087326364	
1.894894894894895	0.0029407470556394233	0.0016354523496787622	0.0002761556942799293	8.652498529393021e-05	0.00012770041912314902	0.00029817989196369293	0.0007577204446906694	0.0013729789174667438	0.002704571591791284	0.003209383635684992	0.013496970574501386	0.0721297125749555	1.2908589084431303	
1.897897897897898	0.002992162078140777	0.0016653066762076108	0.00026757203317040896	8.797087831054616e-05	0.00012625202480293524	0.00030668781755765904	0.0007271393090265643	0.0013944017193761016	0.0027089046921432063	0.0031876777622772854	0.013347987276982347	0.070446372957429	1.2866513041650431	
1.9009009009009008	0.003043577100642127	0.0016951610027364575	0.00025898837206088924	8.941677132716198e-05	0.00012480363048272155	0.0003151957431516245	0.0006965581733624614	0.0014158245212854581	0.0027132377924951284	0.00316597188886958	0.013199003979463319	0.06876303333990263	1.282443699886956	
1.9039039039039038	0.0030949921231434806	0.001725015329265306	0.00025040471095136887	9.086266434377792e-05	0.00012335523616250778	0.0003237036687455906	0.0006659770376983564	0.001437247323194816	0.0027175708928470505	0.003144266015461873	0.013050020681944278	0.06707969372237615	1.2782360956088685	
1.906906906906907	0.0031464071456448342	0.001754869655794155	0.0002418210498418485	9.230855736039387e-05	0.000121906841842294	0.0003322115943395567	0.0006353959020342513	0.001458670125104174	0.0027219039931989726	0.0031225601420541657	0.012901037384425239	0.06539635410484966	1.2740284913307813	
1.90990990990991	0.003197822168146188	0.0017847239823230035	0.00023323738873232814	9.37544503770098e-05	0.00012045844752208022	0.0003407195199335228	0.0006048147663701461	0.0014800929270135318	0.0027262370935508947	0.0031008542686464585	0.012752054086906198	0.06371301448732317	1.269820887052694	
1.912912912912913	0.0032434397743634426	0.0018145783088518521	0.00022465372762280777	9.520034339362573e-05	0.00011901005320186644	0.0003492274455274889	0.000574233630706041	0.0015015157289228899	0.0027305701939028173	0.0030791483952387513	0.012603070789387159	0.06202967486979668	1.2656132827746065	
1.9159159159159158	0.0032865172256483586	0.0018444326353806986	0.00021607006651328802	9.664623641024157e-05	0.00011756165888165276	0.00035773537112145434	0.0005690055624326117	0.0015229385308322462	0.002734903294254739	0.003057442521831046	0.01245408749186813	0.06034633525227032	1.2614056784965195	
1.9189189189189189	0.0033295946769332776	0.0018742869619095474	0.00022273638944165329	9.80921294268575e-05	0.00011611326456143899	0.00036485878165659223	0.0005864804970978151	0.0015443613327416042	0.0026914659237199557	0.003035736648423339	0.01230510419434909	0.05866299563474382	1.257198074218432	
1.921921921921922	0.003372672128218197	0.0018968106713620906	0.00024276493203053348	9.953802244347345e-05	0.0001146648702412252	0.0003606048188596092	0.0006039554317630186	0.001526858792957357	0.0026365799859289405	0.003014030775015632	0.012158249568779712	0.05723546256871575	1.2529824872474746	
1.924924924924925	0.003415749579503116	0.0019081837481349853	0.0002627934746194137	0.00010661949803872741	0.0001307962976417439	0.00035635085606262613	0.0006214303664282219	0.0014940104966963401	0.0025816940481379258	0.0030374600612965313	0.012012159150824146	0.056096015291378976	1.2474793535867594	
1.927927927927928	0.0034588270307880356	0.00191955682490788	0.0002828220172082939	0.00011384896312180709	0.00014962542380452302	0.0003520968932656431	0.0006389053010934253	0.0014611622004353235	0.002526808110346911	0.0030736365169760434	0.01186606873286858	0.0549565680140422	1.2419762199260445	
1.9309309309309308	0.0035019044820729516	0.001930929901680774	0.0003028505597971726	0.00012107842820488623	0.00016845454996730077	0.00034784293046866035	0.0006563802357586275	0.001428313904174309	0.0024719221725559002	0.0031098129726555524	0.011719978314913025	0.05381712073670551	1.2364730862653297	
1.9339339339339339	0.003544981933357871	0.0019423029784536687	0.00032287910238605274	0.00012830789328796593	0.00018728367613007988	0.0003435889676716773	0.0006738551704238309	0.0013954656079132922	0.0024170362347648855	0.003145989428335064	0.011573887896957461	0.05267767345936874	1.2309699526046147	
1.936936936936937	0.00358805938464279	0.0019536760552265635	0.000342907644974933	0.0001355373583710456	0.000206112802292859	0.00033933500487469425	0.0006913301050890344	0.0013626173116522754	0.0023621502969738703	0.0031821658840145758	0.011427797479001894	0.051538226182031965	1.2254668189438995	
1.93993993993994	0.003631136835927709	0.001965049131999458	0.0003629361875638131	0.00014276682345412526	0.00022494192845563812	0.0003350810420777112	0.0007088050397542377	0.0013297690153912585	0.0023072643591828556	0.0032183423396940874	0.01128170706104633	0.05039877890469519	1.2199636852831846	
1.942942942942943	0.0037407836776278034	0.001976422208772353	0.00038296473015269337	0.00014999628853720496	0.00024377105461841726	0.00033082707928072815	0.0007262799744194412	0.0012969207191302417	0.002252378421391841	0.003254518795373599	0.011135616643090764	0.04925933162735842	1.2144605516224694	
1.9459459459459458	0.003881132793104469	0.001987795285545247	0.0004029932727415721	0.0001572257536202841	0.00026260018078119496	0.0003265731164837454	0.0007339826456419188	0.0012640724228692272	0.00219749248360083	0.003290695251053108	0.010989526225135209	0.04811988435002173	1.2089574179617548	
1.9489489489489489	0.004021481908581146	0.0019991683623181416	0.00040812302583575425	0.00016445521870336378	0.00028142930694397407	0.00032599725330289837	0.0007368951347527855	0.0012312241266082104	0.002205173457955358	0.00332687170673262	0.010843435807179643	0.046980437072684955	1.2034542843010396	
1.951951951951952	0.004161831024057821	0.0020395198989559445	0.00040526180546591453	0.0001705031040058813	0.00030025843310675323	0.00034017712929284183	0.0007398076238636522	0.001228663381677197	0.0022167283922271508	0.003363048162412132	0.0106834167855616	0.04610191275300133	1.197927758416431	
1.954954954954955	0.004302180139534498	0.0021134448979797603	0.0004024005850960748	0.00016905721098926536	0.0002961975981566215	0.00035435700528278535	0.0007427201129745188	0.0012315197552651125	0.0022282833264989435	0.00333103200078801	0.010521415530006916	0.04540733783835272	1.19221539102799	
1.957957957957958	0.004442529255011174	0.0021873698970035762	0.0003995393647262351	0.00016761131797264942	0.0002918524151959802	0.0003685368812727288	0.0007456326020853855	0.0012343761288530278	0.002239838260770736	0.003293408486881318	0.01035941427445223	0.04471276292370411	1.1865030236395488	
1.9609609609609608	0.0045828783704878395	0.0022612948960273865	0.0003966781443563955	0.0001661654249560336	0.00028750723223533914	0.00038271675726267126	0.0007485450911962519	0.001237232502440943	0.0022513931950425277	0.0032557849729746287	0.01019741301889756	0.04401818800905555	1.1807906562511084	
1.9639639639639639	0.004723227485964516	0.0023352198950512023	0.0003938169239865558	0.00016471953193941766	0.0002831620492746978	0.0003968966332526148	0.0007514575803071186	0.0012400888760288585	0.0022629481293143204	0.003218161459067936	0.010035411763342876	0.04332361309440694	1.1750782888626674	
1.966966966966967	0.0048635766014411925	0.0024091448940750182	0.00039095570361671607	0.00016327363892280173	0.0002788168663140565	0.0004110765092425583	0.0007543700694179853	0.001242945249616774	0.0022745030635861127	0.003180537945161244	0.00987341050778819	0.04262903817975833	1.1693659214742262	
1.96996996996997	0.005003925716917868	0.002483069893098834	0.0003880944832468763	0.0001618277459061858	0.0002744716833534152	0.00042525638523250176	0.0007572825585288519	0.0012458016232046894	0.0022860579978579054	0.0031429144312545517	0.009711409252233507	0.04193446326510971	1.1636535540857853	
1.972972972972973	0.005082515561022461	0.00255699489212265	0.00038523326287703656	0.00016038185288956986	0.00027012650039277386	0.0004394362612224453	0.0007601950476397186	0.0012486579967926049	0.002297612932129698	0.0031052909173478597	0.009549407996678822	0.0412398883504611	1.1579411866973441	
1.9759759759759759	0.005131151393118335	0.0026309198911464607	0.00038237204250719705	0.00015893595987295404	0.0002657813174321328	0.0004536161372123877	0.0007583628250740637	0.00125151437038052	0.0023098326682484812	0.0030676674034411703	0.00938740674112415	0.04054531343581254	1.1522288193089036	
1.978978978978979	0.005179787225214213	0.0027048448901702766	0.00038610991904701485	0.0001574900668563381	0.0002614361344714915	0.00046408777494650976	0.0007554503359631966	0.0012543707439684356	0.00233005380322412	0.003030043889534478	0.009227336575227563	0.03985073852116393	1.1465164519204625	
1.981981981981982	0.00522842305731009	0.002732064725001661	0.0003918323597866946	0.0001564750311385327	0.0002575623993131077	0.00046550576254550445	0.0007525378468523293	0.0012376459754275483	0.002350274938199759	0.0029937045554990637	0.009194068460247576	0.0391339783093785	1.140685360736933	
1.984984984984985	0.0052770588894059675	0.0027178483790355427	0.00039755480052637435	0.00015647503113853283	0.0002575623993131075	0.00046692375014449915	0.0007496253577414622	0.0012205077339000605	0.0023704960731753977	0.002974892798545717	0.009160800345267587	0.03840783180770041	1.1344269793055937	
1.987987987987988	0.005325694721501845	0.002703632033069424	0.0004032772412660541	0.00015647503113853294	0.0002575623993131073	0.00046834173774349384	0.0007467128686305949	0.0012033694923725725	0.0023907172081510364	0.002956081041592371	0.0091275322302876	0.037681685306022325	1.1281685978742546	
1.990990990990991	0.0053743305535977216	0.002689415687103306	0.0004089996820057339	0.00015647503113853304	0.00025756239931310713	0.00046975972534248853	0.0007438003795197277	0.0011862312508450846	0.0024109383431266756	0.002937269284639025	0.009094264115307614	0.03695553880434423	1.1219102164429153	
1.993993993993994	0.0054229663856935955	0.0026751993411371884	0.00041472212274541324	0.00015647503113853318	0.0002575623993131069	0.0004711777129414831	0.0007408878904088608	0.0011690930093175979	0.002431159478102313	0.0029184575276856805	0.00906099600032763	0.0362293923026662	1.1156518350115767	
1.996996996996997	0.005471602217789473	0.00266098299517107	0.00042044456348509297	0.0001564750311385333	0.0002575623993131067	0.0004725957005404778	0.0007379754012979935	0.0011519547677901099	0.0024513806130779517	0.0028996457707323345	0.009027727885347643	0.03550324580098811	1.1093934535802377	
2.0	0.00552023804988535	0.0026467666492049516	0.00042616700422477274	0.00015647503113853342	0.00025756239931310653	0.00047401368813947256	0.0007350629121871264	0.0011348165262626219	0.0024716017480535903	0.0028808340137789885	0.008994459770367657	0.03477709929931002	1.1031350721488984	
2.003003003003003	0.005507200262705411	0.002632550303238834	0.0004318894449644521	0.00015647503113853353	0.0002575623993131063	0.00047543167573846714	0.0007321504230762593	0.0011176782847351352	0.0024918228830292277	0.0028620222568256437	0.008961191655387672	0.034050952797631984	1.0968766907175598	
2.006006006006006	0.005462733216217741	0.0026183339572727147	0.0004376118857041323	0.00015647503113853364	0.0002575623993131061	0.00047684966333746195	0.0007194720275074726	0.001100540043207646	0.002495529892682233	0.002843210499872296	0.008927923540407681	0.03332480629595384	1.0906183092862203	
2.009009009009009	0.005418266169730078	0.0026041176113065973	0.0004407972771908775	0.00015647503113853378	0.00025756239931310594	0.0004728564288761027	0.0007063658265085711	0.0010846627390501014	0.0024377552213232716	0.0028243987429189513	0.00886558763884024	0.03259865979427581	1.0843599278548814	
2.012012012012012	0.005373799123242407	0.0025932933326972395	0.0004436584975607181	0.00015182153869917545	0.0002562341181711245	0.00046009454048515243	0.0006932596255096678	0.0010789499918742727	0.002379980549964302	0.0027939014456810417	0.008644282352234273	0.03200765648951736	1.0770005293086842	
2.015015015015015	0.005329332076754744	0.0025847635251175726	0.0004465197179305583	0.0001417002875828645	0.0002504405408902701	0.00044733265209420404	0.0006801534245107665	0.001073237244698445	0.00232220587860534	0.002720101476094843	0.008422977065628338	0.0314465432836752	1.0673342177093308	
2.018018018018018	0.00528486503026708	0.002576233717537906	0.00044938093830039846	0.00013157903646655357	0.0002446469636094157	0.00043457076370325565	0.000667047223511865	0.001067524497522617	0.0022644312072463784	0.0026463015065086447	0.008201671779022403	0.030885430077833037	1.0576679061099774	
2.021021021021021	0.00524039798377941	0.002567703909958238	0.0004522421586702391	0.00012145778535024115	0.00023885338632856042	0.00042180887531230535	0.0006539410225129617	0.0010618117503467884	0.0022066565358874086	0.0025725015369224354	0.007980366492416437	0.03032431687199079	1.0480015945106227	
2.024024024024024	0.0051959309372917465	0.0025591741023785713	0.00045510337904007927	0.00011133653423393023	0.00023305980904770603	0.00040904698692135696	0.0006408348215140603	0.0010560990031709605	0.0021488818645284467	0.002498701567336237	0.007759061205810502	0.029763203666148628	1.0383352829112695	
2.027027027027027	0.0051514638908040766	0.0025506442947989035	0.0004579645994099199	0.0001012152831176178	0.00022726623176685078	0.0003962850985304067	0.000627728620515157	0.0010503862559951317	0.002091107193169477	0.0024249015977500276	0.007537755919204535	0.02920209046030638	1.0286689713119146	
2.03003003003003	0.005106996844316414	0.0025421144872192366	0.0004608258197797601	9.109403200130687e-05	0.00022147265448599636	0.00038352321013945833	0.0006146224195162555	0.0010446735088193038	0.0020333325218105155	0.002351101628163829	0.0073164506325986	0.02864097725446422	1.0190026597125614	
2.033033033033033	0.005005498605283286	0.00253358467963957	0.0004636870401496003	8.097278088499594e-05	0.00021567907720514194	0.00037076132174850994	0.0006019597280575923	0.001038960761643476	0.001975557850451554	0.0022773016585776306	0.007095145345992666	0.028079864048622054	1.009336348113208	
2.036036036036036	0.004873487061023047	0.002525054872059902	0.0004664691855225779	7.085152976868351e-05	0.0002098854999242867	0.00035799943335755965	0.0005932222607249909	0.0010332480144676472	0.0019182840130559616	0.0022035016889914213	0.006873840059386698	0.02751875084277981	0.9996700365138533	
2.039039039039039	0.004741475516762827	0.0025165250644802353	0.0004521630836733786	6.073027865237259e-05	0.0002040919226434323	0.0003445673270274093	0.0005844847933923908	0.001028224803546305	0.0018619537084809768	0.0021297017194052224	0.0066814687102290694	0.026957637636937645	0.9900037249145001	
2.042042042042042	0.004609463972502589	0.002483484417859518	0.0004378569818241772	6.0494859201412804e-05	0.00019728436275543462	0.0003303874510374643	0.0005757473260597893	0.00102536842995839	0.0018056234039059837	0.0020615804488781026	0.0065585213287813185	0.026431413671742558	0.9818291561417896	
2.045045045045045	0.004477452428242369	0.002437992110767938	0.0004235508799749779	6.627843126787612e-05	0.00018859399683415258	0.0003162075750475213	0.0005670098587271891	0.0010225120563704757	0.0017492930993309988	0.002003698119790888	0.006435573947333585	0.025907612341480778	0.9756424300966581	
2.048048048048048	0.00434544088398215	0.002392499803676358	0.0004092447781257786	7.206200333433944e-05	0.00017990363091287056	0.00030202769905757833	0.000558272391394589	0.0010196556827825616	0.0016929627947560142	0.0019458157907036736	0.006312626565885852	0.025383811011218997	0.9694557040515265	
2.051051051051051	0.0042134293397219115	0.002347007496584771	0.0003949386762765772	7.784557540080361e-05	0.00017121326499158724	0.0002878478230676333	0.0005495349240619876	0.0010167993091946468	0.001636632490181021	0.0018879334616164506	0.006189679184438101	0.02486000968095714	0.963268978006394	
2.054054054054054	0.004081417795461692	0.002301515189493191	0.00038063257442737795	8.362914746726694e-05	0.0001625228990703052	0.0002736679470776903	0.0005407974567293874	0.0010139429356067324	0.0015803021856060362	0.0018300511325292361	0.0060667318029903675	0.024336208350695363	0.9570822519612624	
2.057057057057057	0.003949406251201454	0.0022560228824016044	0.0003663264725781765	8.94127195337311e-05	0.00015383253314902188	0.0002594880710877452	0.0005320599893967859	0.0010110865620188176	0.001523971881031043	0.0017721688034420132	0.0059437844215426165	0.023812407020433506	0.9508955259161299	
2.06006006006006	0.0038173947069412343	0.0022105305753100245	0.00035202037072897723	9.519629160019443e-05	0.00014514216722773986	0.00024530819509780224	0.0005233225220641858	0.0010082301884309034	0.0014676415764560582	0.0017142864743547987	0.005820837040094884	0.023288605690171726	0.9447087998709984	
2.063063063063063	0.003831345174768564	0.002165038268218444	0.00033771426887977795	0.00010097986366665775	0.00013645180130645782	0.00023112831910785926	0.0005163689951729385	0.001005373814842989	0.0014113112718810734	0.0016564041452675842	0.00569788965864715	0.02276480435990995	0.9385220738258668	
2.066066066066066	0.003927227243757586	0.002119545961126858	0.00032498554955194396	0.00010676343573312193	0.0001277614353851745	0.00021694844311791423	0.000514912750617504	0.0010025174412550742	0.0013716813862936661	0.001598521816180361	0.005574942277199399	0.022241003029648092	0.9323353477807343	
2.069069069069069	0.004023109312746595	0.0020740536540352775	0.00032355493936702404	0.00011254700779958523	0.00011907106946389247	0.00022195209526480774	0.0005134565060620698	0.000993278038668245	0.0013500158845340564	0.0015406394870931465	0.0055134800763358156	0.02176089477734086	0.9261486217356028	
2.0720720720720722	0.004118991381735617	0.0020783580981987527	0.0003221243291821039	0.00011153474403628364	0.0001171998267590811	0.00024180392165073041	0.0005120002615066352	0.0009732834235528404	0.0013283503827744437	0.0015219058900860021	0.005532283793498406	0.022089526296875044	0.9185283519584518	
2.075075075075075	0.004214873450724625	0.0021011042517445405	0.000320693718997184	0.00010864295800305198	0.0001229934040399358	0.00026165574803665016	0.0005105440169512009	0.0009532888084374388	0.0013066848810148342	0.0015421647052665272	0.005551087510660994	0.022418157816409177	0.9096588482537219	
2.078078078078078	0.0043107555197136336	0.0021238504052903283	0.00031926310881226407	0.00010575117196982031	0.00012878698132079048	0.0002815075744225699	0.0005090877723957667	0.0009332941933220372	0.0012850193792552248	0.0015624235204470523	0.005569891227823582	0.02274678933594331	0.900789344548992	
2.081081081081081	0.004406637588702656	0.0021465965588361195	0.00031783249862734394	0.00010285938593658823	0.00013458055860164603	0.0003013594008084926	0.0005076315278403321	0.0009132995782066327	0.001263353877495612	0.0015826823356275804	0.005588694944986172	0.023075420855477494	0.8919198408442607	
2.084084084084084	0.004502519657691664	0.0021693427123819073	0.000316401888442424	9.996759990335656e-05	0.0001403741358825007	0.00032121122719441233	0.0005061752832848978	0.000893304963091231	0.0012416883757360025	0.0016029411508081055	0.005607498662148759	0.023404052375011627	0.8830503371395307	
2.0870870870870872	0.004598401726680686	0.0021920888659276985	0.0003149712782575039	9.707581387012448e-05	0.00014616771316335625	0.000341063053580335	0.0005047190387294634	0.0008733103479758265	0.0012200228739763896	0.0016231999659886336	0.00562630237931135	0.023732683894545806	0.8741808334347995	
2.09009009009009	0.004694283795669695	0.0022148350194734863	0.00031354066807258397	9.418402783689282e-05	0.00015196129044421094	0.00036091487996625475	0.000503262794174029	0.0008533157328604249	0.0011983573722167801	0.0016434587811691586	0.005645106096473938	0.02406131541407994	0.8653113297300695	
2.093093093093093	0.0047805434220143566	0.002237581173019274	0.00031211005788766405	9.129224180366117e-05	0.00015775486772506562	0.0003807667063521745	0.0004950176736610495	0.0008333211177450233	0.0011766918704571706	0.0016637175963496837	0.005663909813636525	0.024389946933614074	0.8564418260253396	
2.096096096096096	0.004861139943773236	0.0022603273265650653	0.0003117112673011063	8.840045577042907e-05	0.00016354844500592118	0.00040061853273809717	0.0004760864944404113	0.0008133265026296188	0.0011568081039354016	0.0016839764115302118	0.005682713530799115	0.024718578453148256	0.8475723223206083	
2.099099099099099	0.004941736465532105	0.002283073480110853	0.00031457248767094567	8.55086697371974e-05	0.00016934202228677587	0.0004037589898243978	0.00045715531521977595	0.0007962081676711903	0.00113803133574374	0.001704235226710737	0.005689077740107166	0.02494148104949218	0.8387028186158784	
2.1021021021021022	0.005022332987290985	0.002288837532799761	0.00031743370804078545	8.535001698465404e-05	0.00017513559956763142	0.00039808703942841934	0.00043822413599913776	0.000781926299731618	0.0011192545675520755	0.001703018765458385	0.005686184860543698	0.024638680828436666	0.8309999579587845	
2.105105105105105	0.0051029295090498535	0.0022902591673963726	0.0003202949284106248	8.53500169846539e-05	0.0001809291768484861	0.00039241508903244175	0.0004192929567785024	0.0007676444317920477	0.001100477799360414	0.0016899952414137617	0.005683291980980231	0.024335880607381198	0.8239533672791662	
2.108108108108108	0.005183526030808722	0.0022916808019929845	0.00032315614878046414	8.535001698465378e-05	0.0001867227541293408	0.00038674313863646417	0.000400361777557867	0.0007533625638524774	0.0010817010311687523	0.0016769717173691385	0.005680399101416763	0.02403308038632573	0.816906776599548	
2.111111111111111	0.005264122552567602	0.0022931024365895965	0.0003260173691503039	8.535001698465365e-05	0.00019251633141019632	0.0003810711882404857	0.0003814305983372288	0.000739080695912905	0.001062924262977088	0.0016639481933245132	0.005677506221853295	0.02373028016527022	0.8098601859199288	
2.114114114114114	0.005344719074326471	0.002294524071186208	0.00032887858952014326	8.535001698465353e-05	0.000198309908691051	0.00037539923784450814	0.00036249941911659344	0.0007247988279733348	0.0010441474947854264	0.00165092466927989	0.005674613342289828	0.023427479944214753	0.8028135952403106	
2.1171171171171173	0.00542531559608535	0.00229594570578282	0.00033173980988998304	8.535001698465339e-05	0.00020410348597190656	0.00036972728744852975	0.00034356823989595525	0.0007105169600337625	0.001025370726593762	0.0016379011452352648	0.00567172046272636	0.02312467972315924	0.7957670045606913	
2.12012012012012	0.005505912117844219	0.0022973673403794315	0.0003346010302598224	8.535001698465327e-05	0.00020989706325276125	0.00036405533705255217	0.00032463706067531993	0.0006962350920941922	0.0010065939584021004	0.0016248776211906415	0.005668827583162892	0.02282187950210377	0.7887204138810731	
2.123123123123123	0.005497977795589108	0.0022987889749760434	0.00033746225062966173	8.535001698465313e-05	0.00021569064053361594	0.0003583833866565746	0.0003242984711663661	0.000681953224154622	0.0009878171902104388	0.0016118540971460182	0.0056659347035994245	0.022519079281048304	0.7816738232014548	
2.126126126126126	0.005435446011465842	0.0023002106095726554	0.0003392982409842112	8.535001698465301e-05	0.0002214842178144715	0.00035271143626059613	0.0003403171612761369	0.0006676713562150495	0.0009679545375720802	0.001598830573101393	0.005663041824035956	0.022216279059992794	0.7746272325218356	
2.129129129129129	0.005372914227342584	0.002301632244169267	0.00033929824098421173	8.565921890287657e-05	0.00022727779509532618	0.0003428094653098163	0.0003563358513859053	0.0006606392562374207	0.0009477334025964445	0.0015858070490567698	0.005615807290920557	0.021910222609783668	0.7675806418422174	
2.1321321321321323	0.005310382443219318	0.0022858780096157555	0.0003392982409842122	8.855100493610873e-05	0.00022172207444038974	0.0003314655645178612	0.000372354541495676	0.0006577828826495059	0.0009275122676208061	0.0015625015756142516	0.005550717500742322	0.021595941811626523	0.7616859615444908	
2.135135135135135	0.005247850659096061	0.002267396759859803	0.00033929824098421276	9.144279096934049e-05	0.00021158331419889403	0.00032012166372590776	0.0003883732316054444	0.0006549265090615916	0.0009072911326451704	0.001536454527525005	0.005485627710564097	0.021281661013469427	0.7561842609914992	
2.138138138138138	0.005185318874972804	0.0022489155101038504	0.00033929824098421325	9.433457700257224e-05	0.00020144455395739832	0.00030877776293395434	0.0004043919217152128	0.0006520701354736772	0.0008870699976695349	0.0015104074794357585	0.005420537920385871	0.02096738021531233	0.7506825604385076	
2.141141141141141	0.005122787090849537	0.0022304342603478955	0.00033929824098421373	9.72263630358044e-05	0.00019130579371590112	0.0002974338621419992	0.00042041061182498355	0.0006492137618857625	0.0008668488626938964	0.001484360431346508	0.005355448130207636	0.02065309941715519	0.7451808598855152	
2.144144144144144	0.00506025530672628	0.0022119530105919427	0.0003392982409842143	0.00010011814906903615	0.0001811670334744054	0.0002860899613500458	0.00043642930193475195	0.0006463573882978482	0.0008466277277182608	0.0014583133832572616	0.00529035834002941	0.02033881861899809	0.7396791593325236	
2.1471471471471473	0.004997723522603014	0.0021934717608359873	0.00033929824098421476	0.00010300993510226833	0.0001710282732329082	0.0002747460605580907	0.00045244799204452273	0.0006435010147099333	0.0008264065927426221	0.0014322663351680111	0.005225268549851176	0.02002453782084095	0.7341774587795312	
2.15015015015015	0.004935191738479757	0.002174990511080035	0.0003392982409842153	0.00010590172113550007	0.00016088951299141253	0.00026340215976613726	0.0004684666821542911	0.0006406446411220191	0.0008061854577669867	0.0014062192870787646	0.00516017875967295	0.019710257022683853	0.7286757582265396	
2.153153153153153	0.004856618672323955	0.002156509261324082	0.0003392982409842158	0.00010879350716873182	0.00015075075274991682	0.00025205825897418383	0.00046579615882001116	0.0006377882675341047	0.000785964322791351	0.001380172238989518	0.005095088969494724	0.019395976224526754	0.723174057673548	
2.156156156156156	0.00476768457934863	0.0021380280115681272	0.0003420234015808944	0.000111685293201964	0.0001406119925084196	0.00024071435818222872	0.00045414620237654206	0.0006349318939461899	0.0007887994107561131	0.0013541251909002677	0.005029999179316489	0.019081695426369612	0.7176723571205557	
2.159159159159159	0.004678750486373318	0.0021195467618121745	0.00034774584232057413	0.00011302296605721541	0.00013047323226692388	0.000244796268724545	0.0004424962459330747	0.0006320755203582749	0.000794576877892009	0.0013280781428110212	0.004926683228156605	0.018796676606551866	0.7121706565675641	
2.1621621621621623	0.004589816393397993	0.002107673289734965	0.00035346828306025466	0.00011013118002398332	0.00012757452428067856	0.00025188620671951693	0.0004308462894896056	0.0006292191467703592	0.0008003543450279057	0.0013195963043705278	0.004816753804744497	0.018555584487417617	0.7069031869532347	
2.165165165165165	0.004500882300422681	0.0020963002129620713	0.0003591907237999344	0.00010723939399075167	0.0001261261299604649	0.0002589761447144878	0.00041919633304613824	0.000626362773182444	0.0008061318121638017	0.001312361013234624	0.004706824381332404	0.018314492368283405	0.7016766430832811	
2.168168168168168	0.004411948207447369	0.0020849271361891774	0.0003649131645396141	0.00010434760795752	0.0001246777356402512	0.00026606608270945866	0.0004075463766026709	0.0006235063995945287	0.0008119092792996975	0.0013051257220987203	0.004596894957920312	0.018073400249149194	0.6964500992133275	
2.171171171171171	0.004323014114472044	0.002073554059416282	0.0003706356052792947	0.00010145582192428792	0.00012322934132003732	0.00027315602070443056	0.0003958964201592018	0.000620650026006613	0.0008176867464355943	0.0012978904309628155	0.004486965534508204	0.01783230813001495	0.6912235553433731	
2.174174174174174	0.004234080021496732	0.002062180982643388	0.0003763580460189744	9.856403589105625e-05	0.00012178094699982365	0.0002802459586994014	0.0003842464637157344	0.0006177936524186978	0.0008234642135714901	0.001290655139826912	0.004377036111096111	0.017591216010880737	0.6859970114734195	
2.1771771771771773	0.004145145928521407	0.0020508079058704923	0.000382080486758655	9.567224985782417e-05	0.00012033255267960976	0.0002873358966943733	0.0003725965072722653	0.0006149372788307821	0.0008292416807073868	0.001283419848691007	0.004267106687684003	0.01735012389174649	0.680770467603465	
2.18018018018018	0.004056211835546095	0.0020394348290975984	0.0003878029274983347	9.27804638245925e-05	0.0001188841583593961	0.0002944258346893442	0.00036094655082879795	0.0006120809052428668	0.0008350191478432828	0.0012761845575551033	0.0041571772642719105	0.017109031772612276	0.6755439237335115	
2.1831831831831834	0.003992977773197024	0.002028061752324703	0.00039352536823801526	8.988867779136042e-05	0.0001174357640391822	0.0003015157726843161	0.0003516817831607335	0.0006092245316549511	0.0008399762807042852	0.0012689492664191987	0.004047247840859802	0.01686793965347803	0.6703173798635571	
2.186186186186186	0.003947121131506629	0.0020166886755518085	0.00038649832961728403	8.699689175812876e-05	0.00011598736971896853	0.000308605710679287	0.00034294431582813185	0.0006063681580670358	0.0008082002114568579	0.001261713975283295	0.00393731841744771	0.01662684753434382	0.6650908359936034	
2.189189189189189	0.003901264489816234	0.0020053155987789146	0.00037076161758316446	8.535001698465416e-05	0.00011453897539875486	0.00029859159280882494	0.00033420684849553027	0.0005971091699429078	0.0007764241422094306	0.0012517704546243307	0.003894834120414269	0.016376869416192163	0.6598642921236498	
2.1921921921921923	0.0038554078481258316	0.00202226778750724	0.0003550249055490425	8.535001698465416e-05	0.00011309058107854097	0.0002872476920168697	0.00032546938116292734	0.0005871118623852073	0.0007446480729619985	0.0012098057660360965	0.0038528873667438503	0.016118556431405473	0.6546761458606247	
2.195195195195195	0.0038095512064354364	0.0020393274026665807	0.0003392881935149229	8.535001698465416e-05	0.0001116421867583273	0.00027590379122491624	0.00031673191383032576	0.0005771145548275081	0.0007128720037145712	0.0011678410774478686	0.003810940613073438	0.015860243446618818	0.649489729006946	
2.1981981981981984	0.0037636945647450343	0.002056387017825924	0.000323551481480801	8.535001698465416e-05	0.00011019379243811341	0.0002645598904329611	0.0003079944464977228	0.0005671172472698075	0.0006810959344671391	0.0011258763888596344	0.0037689938594030192	0.015601930461832123	0.6443033121532665	
2.201201201201201	0.003717837923054639	0.002073446632985265	0.0003078147694466814	8.535001698465416e-05	0.00010874539811789975	0.0002532159896410076	0.0002992569791651212	0.0005571199397121085	0.0006493198652197118	0.0010839117002714065	0.003727047105732607	0.01534361747704547	0.6391168952995878	
2.204204204204204	0.003671981281364244	0.0020905062481446058	0.0002920780574125618	8.535001698465416e-05	0.00010729700379768607	0.0002418720888490541	0.0002905195118325196	0.0005471226321544094	0.0006175437959722845	0.0010419470116831784	0.0036851003520621942	0.015085304492258814	0.6339304784459091	
2.2072072072072073	0.0036261246396738418	0.002107565863303949	0.0002763413453784399	8.535001698465416e-05	0.00010584860947747219	0.00023052818805709895	0.00028178204449991667	0.0005371253245967087	0.0005857677267248524	0.0009999823230949444	0.003643153598391776	0.014826991507472121	0.6287440615922295	
2.21021021021021	0.0035802679979834466	0.00212462547846329	0.00026060463334432035	8.535001698465416e-05	0.00010440021515725851	0.00021918428726514546	0.0002730445771673151	0.0005271280170390096	0.0005539916574774251	0.0009580176345067163	0.003601206844721363	0.014568678522685466	0.6235576447385508	
2.2132132132132134	0.003534411356293042	0.0021416850936226335	0.0002448679213101984	8.535001698465416e-05	0.00010295182083704463	0.0002078403864731903	0.00027551947753520057	0.0005171307094813091	0.0005253875422745195	0.0009160529459184822	0.003559260091050945	0.014310365537898773	0.6183712278848713	
2.2162162162162162	0.0034885547146026423	0.0021587447087819743	0.00024135489446270154	8.535001698465416e-05	0.00010150342651683095	0.00019668411885567395	0.00027843196664606754	0.0005075282726164658	0.0005138326080027278	0.0008740882573302542	0.0035224558553615592	0.014052052553112118	0.6131848110311926	
2.219219219219219	0.0034426980729122423	0.0021732135678262485	0.00024278550464762181	8.706278291517815e-05	0.00010037940147205777	0.00019526613125667942	0.0002813444557569345	0.0005118128329983374	0.000502277673730936	0.0008424139382712197	0.003519562975798088	0.013846359230519927	0.607934042939527	
2.2222222222222223	0.003396841431221836	0.0021490457796838457	0.0002442161148325423	8.995456894841023e-05	0.00010327619011248555	0.00019384814365768464	0.00028425694486780193	0.0005160973933802095	0.0004907227394591425	0.0008467551129527614	0.0035166700962346166	0.013671280429720057	0.6017186547399116	
2.225225225225225	0.003350984789531436	0.002124877991541446	0.00024564672501746254	9.28463549816419e-05	0.00010617297875291289	0.0001924301560586901	0.0002871694339786689	0.0005203819537620809	0.0004791678051873508	0.0008510962876343025	0.003513777216671146	0.013496201628920214	0.5955032665402972	
2.2282282282282284	0.0033051281478410294	0.002100710203399043	0.00024707733520238306	9.573814101487398e-05	0.00010906976739334067	0.00019101216845969536	0.0002900819230895363	0.0005246665141439531	0.0004676128709155573	0.0008554374623158443	0.0035108843371076744	0.013321122828120344	0.5892878783406817	
2.2312312312312312	0.0032592715061506294	0.0020765424152566435	0.0002485079453873033	9.862992704810563e-05	0.00011196655603376801	0.00018959418086070083	0.0002929944122004033	0.0005289510745258246	0.00045605793664376553	0.0008597786369973853	0.0035079914575442033	0.0131460440273205	0.5830724901410673	
2.234234234234234	0.00321341486446023	0.002052374627114244	0.0002499385555722236	0.0001015217130813373	0.00011486334467419535	0.00018817619326170628	0.00029590690131127027	0.000533235634907696	0.0004445030023719738	0.0008641198116789264	0.0035050985779807326	0.012970965226520657	0.5768571019414529	
2.2372372372372373	0.003167558222769823	0.002028206838971841	0.00025136916575714405	0.0001044134991145694	0.00011776013331462313	0.00018675820566271153	0.0002988193904221377	0.0005375201952895683	0.00043294806810018034	0.0008684609863604682	0.003502205698417261	0.012795886425720788	0.5706417137418375	
2.24024024024024	0.0031217015810794235	0.0020040390508294413	0.00025279977594206435	0.00010730528514780105	0.00012065692195505048	0.000185340218063717	0.0003017318795330047	0.0005418047556714397	0.0004213931338283886	0.0008728021610420093	0.00349931281885379	0.012620807624920944	0.564426325542223	
2.2432432432432434	0.0030950099890193986	0.001979871262687038	0.0002542303861269848	0.00011019707118103313	0.00012355371059547825	0.00018392223046472222	0.0003046443686438726	0.0005460893160533118	0.00041447563426850537	0.000877143335723551	0.003496419939290319	0.012445728824121075	0.5582109373426077	
2.2462462462462462	0.00308250363219475	0.001955703474544639	0.00026872146762307533	0.0001130888572142648	0.00012645049923590558	0.00018234834239335603	0.00030755685775474013	0.0005472009440811842	0.00041880873462042727	0.0008814845104050921	0.00347194702043923	0.012270650023321231	0.5519955491429932	
2.249249249249249	0.0030699972753701014	0.001941105982570022	0.0002858887898421145	0.00010616785054168743	0.00012849815554666434	0.00017951236719536783	0.0003104693468656076	0.0005314908893476548	0.0004231418349723492	0.0008826438538939494	0.00338949995288015	0.011946289226828721	0.5459999675160261	
2.2522522522522523	0.003057490918545451	0.00199086319345144	0.0003030561120611562	9.604659942537514e-05	0.00012704976122645043	0.0001766763919973792	0.0003133818359764755	0.000515780834614123	0.00042747493532427176	0.0008783026792124076	0.0033070528853210578	0.011571735398888016	0.5410915735608307	
2.255255255255255	0.003044984561720803	0.002040620404332851	0.00032022343428019537	8.592534830906432e-05	0.00012560136690623676	0.00017384041679939098	0.000316294325087343	0.0005000707798805935	0.00043180803567619366	0.0008739615045308666	0.0032246058177619772	0.011197181570947366	0.536183179605636	
2.2582582582582584	0.0030324782048961525	0.0020903776152142693	0.0003373907564992371	7.580409719275201e-05	0.00012415297258602288	0.00017100444160140236	0.0003192068141982109	0.00048436072514706173	0.0004361411360281162	0.0008696203298493248	0.003142158750202885	0.010822627743006661	0.5312747856504405	
2.2612612612612613	0.003019971848071504	0.00214013482609568	0.0003545580787182762	6.56828460764412e-05	0.00012270457826580922	0.00016816846640341413	0.00032211930330907837	0.0004686506704135323	0.0004404742363800381	0.0008652791551677837	0.003059711682643805	0.010448073915066013	0.5263663916952458	
2.264264264264264	0.0030074654912468557	0.002189892036977091	0.00037172540093731535	5.5561594960130396e-05	0.00012125618394559554	0.0001653324912054259	0.0003250317924199459	0.00045294061568000284	0.00044480733673196	0.0008609379804862426	0.0029772646150847248	0.010073520087125363	0.5214579977400511	
2.2672672672672673	0.0029949591344222053	0.002239649247858509	0.00038889272315635706	4.5440343843818095e-05	0.00011980778962538166	0.00016249651600743728	0.0003279442815308138	0.00043723056094647106	0.00044914043708388254	0.0008565968058047009	0.0028948175475256325	0.009698966259184658	0.5165496037848557	
2.27027027027027	0.0029824527775975567	0.0022894064587399197	0.00040606004537539623	3.531909272750729e-05	0.00011835939530516798	0.0001596605408094491	0.00032758792963009275	0.0004215205062129416	0.00045347353743580444	0.0008522556311231598	0.0028123704799665524	0.00932441243124401	0.511641209829661	
2.2732732732732734	0.00297856270954074	0.002339163669621338	0.00042322736759443794	2.5197841611194983e-05	0.0001169110009849541	0.00015682456561146046	0.00031739421774205613	0.00040581045147940984	0.00045040741616873755	0.0008479144564416181	0.00272992341240746	0.008949858603303305	0.5067328158744655	
2.2762762762762763	0.0029813418999462184	0.002388920880502749	0.0004295467640913384	1.507659049488418e-05	0.00011546260666474042	0.00015455858282454793	0.00030720050585402104	0.00039010039674588077	0.0004374081151129718	0.000843573281760077	0.0026498534051381485	0.008575304775362655	0.5018244219192708	
2.279279279279279	0.0029841210903516968	0.0024255767522540846	0.0004352692048310174	2.6143141555035838e-05	0.00011493014260045789	0.00015455858282454772	0.000297006793965986	0.0003743903420123528	0.0004244088140572061	0.0008251904164328303	0.0025731920967060305	0.008390579092257504	0.4969489900914208	
2.2822822822822824	0.002986900280757176	0.002408517137094741	0.0004409916455706972	3.915617870458023e-05	0.00011637853692067178	0.00015455858282454747	0.0002868130820779494	0.0003586802872788224	0.0004114095130014385	0.0007933551354348577	0.002496530788273901	0.008235591301385488	0.49216097718505347	
2.285285285285285	0.0029896794711626543	0.0023914575219354003	0.0004467140863103762	5.216921585412269e-05	0.00011782693124088545	0.00015455858282454726	0.0002766193701899143	0.0003429702325452944	0.00039841021194567274	0.0007615198544368897	0.0024198694798417825	0.008080603510513496	0.4873729642786869	
2.2882882882882885	0.002992458661568133	0.002374397906776057	0.000452436527050056	6.518225300366709e-05	0.00011927532556109935	0.000154558582824547	0.00026642565830187773	0.00032726017781176407	0.0003854109108899051	0.000729684573438917	0.0023432081714096532	0.00792561571964148	0.48258495137231966	
2.2912912912912913	0.002995237851973612	0.002357338291616716	0.00045815896778973503	7.819529015320956e-05	0.00012072371988131301	0.00015455858282454677	0.00025623194641384263	0.00031155012307823604	0.00037241160983413936	0.000697849292440949	0.002266546862977535	0.007770627928769487	0.47779693846595306	
2.294294294294294	0.00299801704237909	0.0023402786764573752	0.000463881408529414	9.120832730275202e-05	0.0001221721142015267	0.00015455858282454655	0.00024603823452580754	0.000295840068344708	0.00035941230877837367	0.000666014011442981	0.002189885554545417	0.007615640137897494	0.4730089255595865	
2.2972972972972974	0.003000796232784569	0.002323219061298032	0.0004696038492690938	0.00010422136445229642	0.00012362050852174057	0.0001545585828245463	0.00023584452263777098	0.0002801300136111777	0.00034641300772260603	0.0006341787304450084	0.0021132242461132872	0.007460652347025478	0.4682209126532192	
2.3003003003003	0.0030035754231900473	0.002306159446138691	0.00047532629000877284	0.00011723440160183888	0.00012506890284195424	0.0001545585828245461	0.00023194452819845032	0.0002644199588776496	0.0003334137066668403	0.0006023434494470404	0.0020365629376811693	0.007305664556153485	0.46343289974685264	
2.3033033033033035	0.0030255559691752644	0.002289099830979348	0.00048039034104535025	0.00013024743875138326	0.00012651729716216812	0.00015455858282454585	0.00023776950642018514	0.0002487099041441193	0.00033502354093946065	0.0005705081684490678	0.0019599016292490396	0.007150676765281469	0.4586448868404854	
2.3063063063063063	0.003063075039649219	0.002272040215820007	0.00047609851049059125	0.00014213775635296043	0.0001279656914823818	0.00015621495057936298	0.0002435944846419191	0.00023540360915973315	0.00034802284199522633	0.0005386728874510998	0.0019318064342630083	0.006995688974409477	0.4538568739341188	
2.309309309309309	0.003100594110123174	0.0022680516879100402	0.00047180667993583226	0.00014069186333634458	0.00012751542736447064	0.0001618869009753402	0.0002494194628636531	0.00022540630160203294	0.00036102214305099207	0.0005333750964746163	0.0019433779525169104	0.007044780341099771	0.4492678905749507	
2.3123123123123124	0.003138113180597134	0.002300749283632115	0.0004675148493810726	0.00013924597031972854	0.00012461863872404287	0.00016755885137131825	0.0002552444410853879	0.0002154089940443313	0.0003740214441067597	0.0005420574458376997	0.0019549494707708144	0.007097878010194814	0.44500439509562034	
2.315315315315315	0.003175632251071089	0.002333446879354185	0.00046322301882631363	0.0001378000773031127	0.00012172185008361552	0.00017323080176729545	0.00026106941930712185	0.00020541168648663112	0.00038702074516252545	0.0005507397952007819	0.001966520989024717	0.007150975679289848	0.44074089961629065	
2.3183183183183185	0.0032131513215450493	0.0023661444750762597	0.000458931188271554	0.00013635418428649667	0.00011882506144318775	0.00017890275216327352	0.00026689439752885667	0.00019541437892892945	0.0004000200462182931	0.0005594221445638654	0.001978092507278621	0.0072040733483848905	0.4364774041369603	
2.3213213213213213	0.0032506703920190043	0.00239884207079833	0.000454639357716795	0.00013490829126988084	0.00011592827280276041	0.00018457470255925072	0.0002727193757505906	0.00018541707137122927	0.0004130193472740588	0.0005681044939269476	0.001989664025532523	0.007257171017479925	0.4322139086576306	
2.324324324324324	0.0032881894624929593	0.0024315396665203996	0.000450347527162036	0.00013346239825326502	0.00011303148416233306	0.00019024665295522793	0.0002785443539723246	0.0001754197638135291	0.0004260186483298245	0.0005767868432900297	0.0020012355437864257	0.00731026868657496	0.42795041317830085	
2.3273273273273274	0.0033257085329669194	0.0024642372622424745	0.00044605569660727636	0.00013201650523664898	0.00011013469552190529	0.00019591860335120597	0.0002843693321940594	0.00016542245625582742	0.00043901794938559216	0.0005854691926531132	0.0020128070620403296	0.007363366355670002	0.42368691769897054	
2.33033033033033	0.003363227603440874	0.002496934857964544	0.00044176386605251737	0.00013057061222003315	0.00010723790688147794	0.0002015905537471832	0.00028863209500267514	0.00015542514869812727	0.00045201725044135784	0.0005941515420161954	0.002024378580294232	0.007416464024765037	0.4194234222196408	
2.3333333333333335	0.00340526353071975	0.002529632453686619	0.000439573882004926	0.0001291247192034171	0.00010434111824105017	0.00020726250414316124	0.00029154458411354304	0.0001454278411404256	0.00045495019692585233	0.0006028338913792789	0.0020359500985481357	0.007469561693860079	0.4151599267403105	
2.3363363363363363	0.0034511201724101493	0.002562330049408689	0.0004467269329295256	0.00012767882618680128	0.00010144432960062282	0.00021076170385165625	0.0002944570732244105	0.00015513280591486587	0.00045350583014187835	0.000611516240742361	0.0020585003484775524	0.007508192342574335	0.41089643126098074	
2.339339339339339	0.003496976814100549	0.0026067318295059662	0.00045387998385412525	0.00012623293317018543	0.00010824122692960707	0.00021076170385165592	0.00029736956233527797	0.0001808401682060949	0.0004520614633579044	0.0006074771049360763	0.0020859827043305805	0.007412042509348191	0.4067351282524492	
2.3423423423423424	0.003542833455790955	0.0026749702901433447	0.000461033034778726	0.0001247870401535694	0.00012272517013174557	0.0002107617038516556	0.00030028205144614587	0.00020654753049732772	0.0004506170965739302	0.0006002418138001734	0.0021134650601836126	0.007315892676122033	0.40268229960856805	
2.3453453453453452	0.0035886900974813544	0.0027432087507807132	0.0004681860857033256	0.00012334114713695356	0.00013720911333388192	0.00021076170385165527	0.00030319454055701333	0.00023225489278855678	0.0004491727297899563	0.0005930065226642715	0.0021409474160366407	0.00721974284289589	0.3986294709646876	
2.3483483483483485	0.003634546739171761	0.0028114472114180917	0.0004753391366279263	0.00012189525412033752	0.0001516930565360204	0.00021076170385165498	0.00030610702966788123	0.00025796225507978963	0.0004477283630059821	0.0005857712315283686	0.002168429771889673	0.007123593009669732	0.3945766423208065	
2.3513513513513513	0.00368040338086216	0.0028796856720554598	0.0004824921875525259	0.0001204493611037217	0.00016617699973815676	0.00021076170385165465	0.0003090195187787487	0.00028366961737101863	0.0004462839962220081	0.0005785359403924668	0.002195912127742701	0.0070274431764435884	0.390523813676926	
2.354354354354354	0.0037262600225525595	0.0029479241326928283	0.0004896452384771256	0.00011900346808710587	0.0001806609429402931	0.00021076170385165433	0.00031193200788961616	0.0003093769796622477	0.0004448396294380342	0.000571300649256565	0.002223394483595729	0.006931293343217445	0.38647098503304556	
2.3573573573573574	0.003772116664242966	0.0030161625933302068	0.0004967982894017263	0.00011755757507048983	0.00019514488614243158	0.00021076170385165403	0.000314844497000484	0.00033508434195348054	0.00044339526265406	0.0005640653581206621	0.002250876839448761	0.006835143509991286	0.38241815638916443	
2.3603603603603602	0.0038179733059333656	0.003084401053967575	0.0005039513403263259	0.00011611168205387399	0.00020962882934456796	0.0002107617038516537	0.000312806689704265	0.0003607917042447096	0.00044195089587008605	0.0005568300669847603	0.0022783591953017893	0.006738993676765143	0.378365327745284	
2.3633633633633635	0.0038771061124358137	0.0031526395146049533	0.0005106729852960059	0.00011466578903725795	0.00022411277254670643	0.00021076170385165338	0.0003084379560379633	0.0003864990665359424	0.0004320949630918136	0.0005495947758488575	0.0023058415511548217	0.006642843843538985	0.3743124991014029	
2.3663663663663663	0.003947975467775516	0.003220877975242322	0.0005163954260356847	0.00011263976939507867	0.00023859671574884278	0.00021008942044661646	0.0003040692223716623	0.0003927015918414575	0.00042054002882002184	0.0005423594847129557	0.002274525512359931	0.00656473866484007	0.3702596704575224	
2.369369369369369	0.004018844823115217	0.003267727181535524	0.0005221178667753636	0.00010974798336184701	0.0002412879207646554	0.00020867143284762253	0.0002997004887053613	0.00038984521825354256	0.0004089850945482301	0.0005364894233798078	0.002231132318907783	0.006553258087738441	0.3665403932207138	
2.3723723723723724	0.004089714178454929	0.0032819435275016386	0.0005278403075150433	0.00010685619732861492	0.00023839113212422805	0.0002072534452486284	0.0002953317550390596	0.00038698884466562727	0.00039743016027643665	0.0005307011904710855	0.0021877391254556283	0.00654177751063681	0.36305220902014523	
2.3753753753753752	0.004160583533794631	0.0032961598734677516	0.0005335627482547222	0.00010396441129538326	0.00023549434348380113	0.00020583545764963447	0.00029096302137275864	0.00038413247107771235	0.0003858752260046449	0.000524912957562364	0.0021443459320034802	0.00653029693353518	0.35956402481957717	
2.3783783783783785	0.0042314528891343435	0.0033103762194338663	0.0005392851889944019	0.00010107262526215117	0.00023259755484337377	0.00020441747005064034	0.00028659428770645695	0.00038127609748979705	0.0003743202917328514	0.0005191247246536417	0.0021009527385513257	0.0065188163564335495	0.35607584061900854	
2.3813813813813813	0.004302322244474045	0.003324592565399979	0.0005450076297340808	9.818083922891951e-05	0.00022970076620294685	0.0002029994824516464	0.0002822255540401559	0.00037841972390188213	0.00036276535746105964	0.0005133364917449203	0.002057559545099177	0.0065073357793319206	0.3525876564184405	
2.384384384384384	0.004373191599813747	0.0033388089113660915	0.0005507300704737596	9.528905319568785e-05	0.0002268039775625199	0.00020158149485265247	0.00027785682037385494	0.00037556335031396727	0.0003512104231892679	0.0005075482588361988	0.002014166351647029	0.006495855202230292	0.3490994722178724	
2.3873873873873874	0.0044440609551534595	0.0033530252573322063	0.0005564525112134393	9.239726716245576e-05	0.00022390718892209254	0.00020016350725365835	0.00027348808670755325	0.0003727069767260519	0.00033965548891747444	0.0005017600259274765	0.0019707731581948746	0.006484374625128661	0.34561128801730384	
2.3903903903903903	0.004514930310493161	0.003367241603298319	0.0005621749519531181	8.950548112922411e-05	0.00022101040028166561	0.00019874551965466441	0.00028710451588538237	0.00036985060313813705	0.0003281005546456827	0.000495971793018755	0.0019273799647427264	0.006472894048027032	0.3421231038167358	
2.3933933933933935	0.004606024624602991	0.0033814579492644336	0.0005672973115963536	8.661369509599201e-05	0.00021811361164123826	0.00019732753205567026	0.0003045794505505869	0.00036699422955022176	0.0003319089806132832	0.0004901835601100327	0.0018839867712905718	0.006461413470925401	0.33863491961616715	
2.3963963963963963	0.004715802645619392	0.003395674295230546	0.0005715891421511142	9.104839471128248e-05	0.00021521682300081133	0.0002007178192858946	0.00032205438521578874	0.00036297546315702204	0.0003362420809652051	0.000486806479006083	0.0018644253331494159	0.006427249186346347	0.3351467354155991	
2.399399399399399	0.004825580666635793	0.0034513183609754835	0.0005758809727058748	0.0001011696458275933	0.0002250541755633487	0.00020780775728086552	0.0003395293198809906	0.0003586909027751512	0.00034057518131712703	0.0005085123524137885	0.0018456216159868227	0.006346885146634943	0.33162062845100293	
2.4024024024024024	0.004935358687652209	0.0035550976865281556	0.000580172803260636	0.0001112908969439056	0.00023808972444527366	0.0002148976952758375	0.00035700425454619506	0.00035440634239327967	0.0003449082816690496	0.0005302182258214971	0.0018268178988242267	0.006266521106923527	0.3280779861569179	
2.4054054054054053	0.00504513670866861	0.0036588770120808125	0.0005844646338153966	0.0001214121480602164	0.0002511252733271967	0.00022198763327080842	0.0003744791892113969	0.00035012178201140876	0.00034924138202097147	0.0005519240992292025	0.0018080141816616336	0.006186157067212123	0.3245353438628334	
2.4084084084084085	0.005154914729685027	0.0037626563376334846	0.0005887564643701577	0.00013153339917652872	0.0002641608222091217	0.0002290775712657804	0.0003919541238766014	0.00034583722162953725	0.000353574482372894	0.0005736299726369112	0.0017892104644990376	0.006105793027500707	0.3209927015687484	
2.4114114114114114	0.005264692750701428	0.0038664356631861415	0.0005930482949249184	0.00014165465029283952	0.00027719637109104473	0.00023616750926075132	0.00040942905854180324	0.0003415526612476664	0.00035790758272481597	0.0005953358460446166	0.0017704067473364444	0.006025428987789304	0.31745005927466385	
2.414414414414414	0.005374470771717829	0.003970214988738799	0.000597340125479679	0.00015177590140915033	0.00029023191997296777	0.00024325744725572226	0.00042690399320700515	0.0003372681008657955	0.00036224068307673786	0.0006170417194523221	0.0017516030301738513	0.0059450649480779	0.31390741698057933	
2.4174174174174174	0.005484248792734245	0.0040739943142914705	0.0006016319560344401	0.00016189715252546262	0.00030326746885489276	0.00025034738525069424	0.0004443789278722096	0.00033298354048392397	0.0003665737834286604	0.0006387475928600307	0.0017327993130112553	0.005864700908366485	0.3103647746864943	
2.4204204204204203	0.005594026813750646	0.004177773639844127	0.0006059237865892007	0.00017201840364177345	0.0003163030177368158	0.00025743732324566516	0.0004379185012081468	0.0003286989801020531	0.0003712015220935232	0.0006604534662677361	0.0017139955958486621	0.005784336868655081	0.30682213239240985	
2.4234234234234235	0.0057151180379729945	0.0042815529653968	0.0006109843733819308	0.00018213965475808575	0.0003293385666187408	0.00026452726124063717	0.00043063727843097884	0.00032441441972018154	0.0003784233560133941	0.0006821593396754448	0.0017027436658615211	0.005703972828943665	0.3032794900983248	
2.4264264264264264	0.005847129582233213	0.004385332290949457	0.0006167068141216105	0.00018911696198540547	0.00034237411550066383	0.0002697562494928695	0.00042335605565381197	0.00033497484071245157	0.00038564518993326394	0.000697488169409505	0.001753369058222354	0.005641509549762212	0.2997368478042403	
2.429429429429429	0.0059791411264934315	0.004456763121005525	0.0006224292548612901	0.0001949005340518688	0.00033542111110740363	0.0002740102122898526	0.0004160748328766451	0.0003464003350641089	0.0003928670238531338	0.0006916999365007826	0.0018039944505831868	0.00560132752990651	0.2967458972414714	
2.4324324324324325	0.0061111526707536695	0.0044994121589038835	0.0006281516956009708	0.00020068410611833297	0.00032673074518612034	0.00027826417508683643	0.00040879361009947714	0.00035782582941576793	0.0004000888577730047	0.0006859117035920593	0.0018546198429440271	0.005561145510050802	0.29389114665497523	
2.4354354354354353	0.0062431642150138885	0.004542061196802235	0.0006338741363406504	0.0002064676781847963	0.0003180403792648383	0.00028251813788381954	0.00040151238732231027	0.0003692513237674253	0.00040731069169287456	0.0006801234706833368	0.00190524523530486	0.0055209634901951	0.2910363960684795	
2.4384384384384385	0.0063751757592741265	0.004584710234700594	0.000639596577080331	0.00021225125025126047	0.000309350013343555	0.0002867721006808033	0.0003942311645451423	0.00038067681811908434	0.00041453252561274545	0.0006743352377746137	0.0019558706276657004	0.005480781470339392	0.28818164548198333	
2.4414414414414414	0.006507187303534345	0.004627359272598946	0.0006453190178200108	0.00021803482231772377	0.00030065964742227296	0.00029102606347778645	0.00038694994176797544	0.0003921023124707417	0.0004217543595326153	0.0006685470048658912	0.0020064960200265334	0.00544059945048369	0.2853268948954876	
2.4444444444444446	0.006639198847794583	0.004670008310497305	0.0006510414585596913	0.00022381839438418796	0.0002919692815009896	0.0002952800262747702	0.0003796687189908075	0.00040352780682240076	0.0004289761934524862	0.000662758771957168	0.0020571214123873737	0.005400417430627983	0.2824721443089915	
2.4474474474474475	0.0067712103920548015	0.004712657348395656	0.000656763899299371	0.00022960196645065126	0.0002832789155797076	0.0002995339890717533	0.00037206615731252504	0.0004149533011740581	0.00043619802737235606	0.0006569705390484455	0.0021077468047482066	0.005360235410772281	0.2796173937224957	
2.4504504504504503	0.00690322193631502	0.004755306386294009	0.0006624863400390507	0.0002353855385171146	0.0002745885496584256	0.00030378795186873647	0.0003618724454244899	0.00042637879552571544	0.0004389694934970687	0.0006511823061397231	0.0021583721971090396	0.005320053390916579	0.27676264313599996	
2.4534534534534536	0.007025547854349936	0.0047979554241923674	0.000672895937676199	0.00024116911058357876	0.00026589818373714224	0.0003080419146657202	0.0003516787335364533	0.00043704473441407506	0.0004274145592252753	0.0006453940732309998	0.002188162271437618	0.0052798713710608715	0.2739078925495038	
2.4564564564564564	0.007138105065771824	0.004840604462090719	0.0006857714293404772	0.00023541550496461772	0.00025844885305622645	0.0003133554480672384	0.00034148502164841807	0.00043847292120803154	0.0004158596249534835	0.0006423276654650461	0.002154894156457644	0.005217119992840434	0.2710531419630081	
2.4594594594594597	0.007250662277193729	0.004855302555024631	0.0006986469210047573	0.0002281860398815375	0.00028017476785943473	0.00031902739846321576	0.00033129130976038146	0.00043990110800198824	0.00040430469068169003	0.0006437747236922276	0.0021216260414776648	0.005136755953129018	0.26728006323718023	
2.4624624624624625	0.007363219488615616	0.004851037651234796	0.0007115224126690355	0.00022095657479845836	0.0003019006826626398	0.00032469934885919226	0.0003210975978723463	0.0004413292947959447	0.0003927497564098983	0.000645221781919409	0.0020883579264976905	0.0050563919134176145	0.26341353859743855	
2.4654654654654653	0.007475776700037504	0.004846772747444961	0.0007243979043333136	0.0002137271097153792	0.0003236265974658449	0.00033037129925516875	0.00031090388598431116	0.0004427574815899012	0.0003811948221381065	0.0006466688401465902	0.0020550898115177163	0.004976027873706211	0.25954701395769686	
2.4684684684684686	0.007588333911459408	0.004842507843655125	0.0007372733959975936	0.000206497644632299	0.0003453525122690532	0.0003360432496511461	0.0003007101740962745	0.0004441856683838579	0.0003696398878663131	0.0006481158983737717	0.0020218216965377372	0.004895663833994796	0.25568048931795456	
2.4714714714714714	0.007700891122881296	0.004838242939865289	0.0007501488876618718	0.00019926817954921984	0.00036707842707225827	0.0003417152000471226	0.00029051646220823934	0.00044561385517781444	0.0003580849535945213	0.0006495629566009531	0.0019885535815577626	0.004815299794283392	0.2518139646782129	
2.4744744744744747	0.0078134483343032	0.0048339780360754534	0.0007630243793261519	0.00019203871446613963	0.00038880434187546655	0.0003473871504431	0.0002803227503202027	0.00044704204197177114	0.00034653001932272783	0.0006510100148281346	0.0019552854665777835	0.004734935754571976	0.2479474400384706	
2.4774774774774775	0.007926005545725088	0.0048297131322856185	0.0007758998709904301	0.00018480924938306048	0.00041053025667867163	0.0003530591008390765	0.00028010880611839556	0.00044847022876572763	0.00033497508505093607	0.000652457073055316	0.0019220173515978093	0.004654571714860572	0.24408091539872892	
2.4804804804804803	0.008038562757146976	0.0048254482284957835	0.0007887753626547083	0.00017757978429998133	0.0004322561714818767	0.00035873105123505303	0.0003092336972270654	0.0004498984155596841	0.00033900338232758777	0.0006539041312824972	0.001888749236617835	0.0045742076751491695	0.2402143907589872	
2.4834834834834836	0.008165328268037071	0.004821183324705948	0.0007905897891088084	0.00017097980577123408	0.000453982086285085	0.00036440300163103034	0.0003383585883357395	0.0004513266023536411	0.0003693350847910456	0.0006553511895096788	0.0018566033823238595	0.004493843635437754	0.23634786611924494	
2.4864864864864864	0.008307066978716474	0.004816918420916113	0.0007891591789238897	0.00017676337783769706	0.0004721977320740308	0.0003748296173778161	0.00036748347944440924	0.0004527547891475989	0.0003996667872544989	0.0006537858630186727	0.0018262281469073553	0.004462118803225494	0.23250256065168393	
2.4894894894894897	0.008448805689395898	0.00479852792605276	0.0007877285687389708	0.0001825469499041609	0.0004721977320740308	0.0003861735181697723	0.00039660837055308334	0.0004541829759415569	0.00042999848971795674	0.000649444688337131	0.0017958529114908467	0.004453508370399271	0.23023395112436296	
2.4924924924924925	0.008590544400075301	0.004772938503313748	0.0007862979585540521	0.00018833052197062385	0.0004721977320740308	0.0003975174189617268	0.0004257332616617531	0.00045561116273551476	0.0004603301921814101	0.0006451035136555899	0.0017654776760743427	0.004444897937573049	0.2279653415970423	
2.4954954954954953	0.008732283110754704	0.0047473490805747375	0.0007848673483691334	0.00019411409403708682	0.0004721977320740308	0.0004088613197536813	0.00045485815277042293	0.0004570393495294726	0.0004906618946448635	0.0006407623389740488	0.0017351024406578386	0.004436287504746827	0.22569673206972166	
2.4984984984984986	0.00887402182143413	0.004721759657835722	0.0007834367381842145	0.00019989766610355067	0.0004721977320740308	0.0004202052205456375	0.00048398304387909703	0.00045846753632343065	0.0005209935971083213	0.0006364211642925071	0.00170472720524133	0.0044276770719206045	0.22342812254240066	
2.5015015015015014	0.009015760532113533	0.004696170235096711	0.0007820061279992958	0.00020568123817001364	0.0004721977320740308	0.000431549121337592	0.0005131079349877668	0.0004598957231173885	0.0005513252995717746	0.000632079989610966	0.0016743519698248258	0.004419066639094383	0.22115951301508002	
2.5045045045045047	0.009157499242792957	0.0046705808123576956	0.0007805755178143768	0.00021146481023647746	0.0004721977320740308	0.00044289302212954817	0.000542232826096441	0.0004613239099113465	0.0005816570020352324	0.0006277388149294243	0.0016439767344083173	0.00441045620626816	0.21889090348775903	
2.5075075075075075	0.00929923795347236	0.004644991389618684	0.0007791449076294582	0.00021724838230294043	0.0004721977320740308	0.0004542369229215027	0.0005505291035952548	0.00046275209670530433	0.0006119887044986859	0.0006233976402478832	0.0016136014989918132	0.004401845773441938	0.2166222939604384	
2.5105105105105103	0.009440976664151763	0.004619401966879673	0.0007777142974445395	0.0002230319543694034	0.0004721977320740308	0.0004655808237134572	0.0005272291907083194	0.00046418028349926217	0.0006152227302899934	0.0006190564655663421	0.0015832262635753092	0.004393235340615716	0.21435368443311772	
2.5135135135135136	0.00949475703070799	0.004593812544140658	0.0007941306305352135	0.0002263845641489482	0.0004721977320740308	0.00047692472450541333	0.0005039292778213807	0.00046174599161059285	0.0005921128617464065	0.0006147152908848003	0.0015574292145473646	0.004384624907789492	0.21208507490579676	
2.5165165165165164	0.00945167957942306	0.004568223121401646	0.0008127285629391726	0.0002206009920824853	0.0004721977320740308	0.00046323114595086916	0.00048062936493444534	0.0004517486840528927	0.000569002993202823	0.000602679497558939	0.0015357326178212947	0.004321317525190174	0.20980095707231472	
2.5195195195195197	0.009408602128138124	0.004585126664908696	0.0008313264953431344	0.00021481742001602157	0.0004721977320740308	0.0004476332823619294	0.00045732945204750655	0.00044175137649519103	0.0005458931246592362	0.0005867618570599526	0.0015140360210952216	0.004243823629754166	0.20740193474209656	
2.5225225225225225	0.009365524676853193	0.004617824260630766	0.0008499244277470934	0.00020903384794955868	0.0004721977320740308	0.000432035418772992	0.00043402953916057117	0.0004317540689374908	0.0005227832561156526	0.0005708442165609686	0.0014923394243691514	0.00416632973431817	0.20500291241187876	
2.5255255255255253	0.009322447225568263	0.004650521856352835	0.0008685223601510525	0.0002032502758830958	0.0004721977320740308	0.0004164375551840546	0.0004107296262736359	0.00042175676137979067	0.0004996733875720691	0.0005549265760619846	0.0014706428276430815	0.004088835838882174	0.202603890081661	
2.5285285285285286	0.009279369774283328	0.00468321945207491	0.0008871202925550143	0.00019746670381663205	0.0004721977320740308	0.00040083969159511495	0.00038742971338669705	0.000411759453822089	0.00047656351902848225	0.0005390089355629983	0.0014489462309170084	0.004011341943446166	0.20020486775144283	
2.5315315315315314	0.009236292322998397	0.004715917047796981	0.0009057182249589733	0.00019168313175016915	0.0004721977320740308	0.00038524182800617755	0.0003641298004997618	0.00040176214626438885	0.00045345365048489873	0.0005230912950640144	0.0014272496341909385	0.003933848048010169	0.19780584542122503	
2.5345345345345347	0.009193214871713462	0.004748614643519055	0.0009243161573629352	0.00018589955968370542	0.0004721977320740308	0.0003696439644172378	0.00034082988761282294	0.0003917648387066872	0.0004303437819413118	0.000507173654565028	0.0014055530374648653	0.0038563541525741614	0.19540682309100688	
2.5375375375375375	0.009150137420428531	0.004781312239241125	0.0009429140897668942	0.00018011598761724255	0.0004721977320740308	0.0003540461008283004	0.0003301303615279946	0.00038176753114898697	0.0004072339133977283	0.000491256014066044	0.0013838564407387954	0.003778860257138165	0.19300780076078908	
2.5405405405405403	0.009107059969143601	0.004814009834963195	0.0009612165499304778	0.00017433241555077966	0.0004721977320740308	0.000338448237239363	0.0003301303615279941	0.0003717702235912868	0.00038876097719194556	0.00047533837356706005	0.0013621598440127253	0.0037013663617021684	0.19060877843057128	
2.5435435435435436	0.009083365403185252	0.00484670743068527	0.0009469104480812751	0.00016962443872681204	0.0004721977320740308	0.0003231390757008278	0.0003301303615279936	0.0003644527591988987	0.0003728729425682295	0.0004594207330680737	0.0013520424287248563	0.0036238724662661604	0.18820975610035315	
2.5465465465465464	0.009081975807982527	0.00487940502640734	0.0009326043462320747	0.0001667326526935804	0.0004698622921922867	0.00032172108810183406	0.0003301303615279931	0.0003601681988170267	0.00035698490794451587	0.0004587203528290235	0.00134770310937964	0.0035816474672753593	0.18583615685856625	
2.5495495495495497	0.0090805862127798	0.0048317929920658215	0.000918298244382872	0.00016384086666034828	0.00046406871491143115	0.00032030310050284007	0.0003301303615279926	0.0003558836384351541	0.0003410968733207999	0.00046161446928338467	0.0013433637900344226	0.0035429005195573553	0.18355035003855552	
2.5525525525525525	0.009079196617577074	0.004763554531428458	0.0009039921425336714	0.00016094908062711663	0.00045827513763057644	0.0003188851129038463	0.0003301303615279921	0.00035159907805328206	0.0003252088386970862	0.0004645085857377454	0.0013390244706892062	0.0035041535718393574	0.18126454321854515	
2.5555555555555554	0.00907780702237435	0.004695316070791095	0.000889686040684471	0.00015805729459388498	0.0004524815603497218	0.0003174671253048526	0.0003301303615279916	0.0003473145176714101	0.00030932080407337253	0.0004674027021921061	0.0013346851513439898	0.003465406624121359	0.17897873639853476	
2.5585585585585586	0.009076417427171623	0.004627077610153721	0.0008753799388352683	0.0001551655085606529	0.0004466879830688662	0.0003160491377058586	0.00033013036152799107	0.0003430299572895375	0.00029343276944965654	0.0004702968186464673	0.0013303458319987725	0.003426659676403355	0.17669292957852403	
2.5615615615615615	0.009075027831968896	0.004558839149516358	0.0008610738369860679	0.00015227372252742125	0.00044089440578801153	0.0003146311501068648	0.0003301303615279906	0.0003387453969076655	0.0002775447348259429	0.00047319093510082795	0.0013260065126535561	0.0033879127286853567	0.17440712275851367	
2.5645645645645647	0.00907363823676617	0.004490600688878985	0.0008467677351368652	0.00014938193649418916	0.000435100828507156	0.0003132131625078709	0.0003301303615279901	0.00033446083652579283	0.0002616567002022269	0.0004760850515551891	0.0013216671933083388	0.0033491657809673527	0.17212131593850294	
2.5675675675675675	0.009072248641563445	0.004422362228241622	0.0008324616332876647	0.00014649015046095748	0.0004293072512263013	0.0003117951749088771	0.00033013036152798993	0.00033017627614392083	0.00024576866557851325	0.00047897916800954983	0.0013173278739631224	0.0033104188332493544	0.16983550911849254	
2.5705705705705704	0.009070859046360718	0.0043541237676042585	0.0008174294443957796	0.00014359836442772583	0.00042351367394544663	0.00031037718730988334	0.00033013036152798993	0.00032589171576204883	0.0002467166803847883	0.00048187328446391056	0.0013129885546179058	0.003271671885531356	0.16754970229848218	
2.5735735735735736	0.009014585377457236	0.004285885306966885	0.0007974009018068991	0.00013916312848123055	0.0004177200966645911	0.0003084853018962694	0.00033013036152798993	0.00032160715538017684	0.00025249414752068504	0.0004847674009182717	0.001299314575206496	0.0032325836675050103	0.16526389547847145	
2.5765765765765765	0.008892300999616182	0.0042176468463295215	0.0007773723592180217	0.00013337955641476722	0.0004096501764182002	0.00030281335150029234	0.00033013036152798993	0.00031732259499830587	0.0002582716146565809	0.00046697217288473194	0.0012834037376073782	0.0031809210705476794	0.16291799206223415	
2.5795795795795797	0.00877001662177511	0.004184957435087743	0.0007573438166291412	0.00012759598434830305	0.000399511416176703	0.00029714140110431443	0.00033013036152798993	0.0003130380346164343	0.0002640490817924776	0.00044816041593138446	0.001267492900008258	0.0031292584735903408	0.16045018056125684	
2.5825825825825826	0.008647732243934055	0.00415794637775212	0.0007373152740402638	0.00012181241228183972	0.00038937265593520727	0.0002914694507083374	0.00033013036152798993	0.00030875347423456334	0.0002698265489283735	0.00042934865897803975	0.0012515820624091404	0.00307759587663301	0.1579823690602799	
2.5855855855855854	0.008525447866093001	0.004130935320416497	0.0007172867314513863	0.00011602884021537641	0.00037923389569371156	0.0002857975003123603	0.00033013036152798993	0.0003044689138526924	0.00027560401606426937	0.00041053690202469504	0.0012356712248100226	0.0030259332796756786	0.15551455755930296	
2.5885885885885886	0.00840316348825193	0.00410392426308087	0.0006972581888625059	0.00011024526814891223	0.0003690951354522144	0.0002801255499163824	0.00033013036152798993	0.0003001843534708208	0.0002813814832001661	0.00039172514507134756	0.0012197603872109025	0.0029742706827183404	0.15304674605832566	
2.5915915915915915	0.008280879110410876	0.004076913205745247	0.0006772296462736284	0.00010446169608244893	0.0003589563752107187	0.00027445359952040535	0.00033013036152798993	0.0002958997930889499	0.000287158950336062	0.00037291338811800285	0.001203849549611785	0.002922608085761009	0.15057893455734872	
2.5945945945945947	0.008158594732569803	0.00404990214840962	0.0006572011036847479	9.867812401598474e-05	0.00034881761496922145	0.00026878164912442744	0.00033013036152798993	0.0002916152327070783	0.00029293641747195874	0.0003541016311646554	0.001187938712012665	0.0028709454888036705	0.14811112305637142	
2.5975975975975976	0.00803631035472875	0.004022891091073997	0.0006371725610958705	9.289455194952143e-05	0.0003386788547277258	0.0002631096987284504	0.0003192815156043599	0.00028733067232520736	0.00029871388460785456	0.00033528987421131066	0.0011720278744135472	0.0028192828918463396	0.14564331155539448	
2.6006006006006004	0.007914025976887696	0.0039958800337383735	0.0006188950030179702	8.71109798830581e-05	0.00032854009448623003	0.0002574377483324733	0.0003061753146054588	0.0002830461119433364	0.0002913171505127003	0.00031647811725796595	0.0011561170368144295	0.0027676202948890088	0.14317550005441754	
2.6036036036036037	0.007840374525671929	0.003968868976402746	0.0006060195113536888	9.238958302875957e-05	0.00031840133424473286	0.00025434935297885276	0.00029306911360655577	0.0002829386023747778	0.0002826509498088552	0.0003006265739877514	0.001133362533065148	0.002721483371054525	0.14070768855344024	
2.6066066066066065	0.007827868168847276	0.003941857919067124	0.0005931440196894095	0.00010251083414507039	0.00030546146798347286	0.0002614392909738236	0.0002799629126076547	0.000284366789168735	0.00027398474910501143	0.00031220303980519434	0.0011102194965573358	0.002708567721815192	0.1383779118500374	
2.6096096096096097	0.00781536181202262	0.003930693306077278	0.0005802685280251282	0.00011263208526138269	0.000290977524781334	0.0002685292289687955	0.00026685671160875163	0.0002857949759626924	0.00026531854840116634	0.0003237795056226389	0.0010870764600495202	0.0026956520725758574	0.13622681715609652	
2.6126126126126126	0.007802855455197968	0.003920741863900996	0.0005673930363608488	0.0001227533363776935	0.0002764935815791973	0.00027561916696376633	0.00025375051060985053	0.00028722316275664955	0.0002566523476973225	0.0003353559714400818	0.0010639334235417078	0.002682736423336525	0.13407572246215596	
2.6156156156156154	0.007790349098373314	0.003910790421724713	0.0005545175446965695	0.0001328745874940043	0.00026200963837706053	0.0002827091049587372	0.00024064430961094944	0.00028865134955060673	0.0002479861469934787	0.0003469324372575247	0.0010407903870338956	0.002669820774097192	0.1319246277682154	
2.6186186186186187	0.007777842741548659	0.00390083897954843	0.0005416420530322881	0.00014299583861031661	0.00024752569517492166	0.0002897990429537091	0.0002275381086120464	0.0002900795363445641	0.0002393199462896336	0.00035850890307496936	0.00101764735052608	0.0026569051248578573	0.1297735330742745	
2.6216216216216215	0.007765336384724006	0.0038908875373721476	0.0005287665613680088	0.00015311708972662742	0.00023304175197278495	0.0002968889809486799	0.0002144319076131453	0.00029150772313852127	0.00023065374558578977	0.00037008536889241225	0.0009945043140182678	0.002643989475618525	0.12762243838033394	
2.6246246246246248	0.007752830027899351	0.003880936095195864	0.0005158910697037276	0.0001632383408429397	0.00021855780877064608	0.0003039789189436518	0.00020132570661424224	0.0002929359099324787	0.00022198754488194467	0.0003816618347098569	0.000971361277510452	0.00263107382637919	0.12547134368639307	
2.6276276276276276	0.007740323671074698	0.003870984653019582	0.0005030155780394482	0.00017335959195925054	0.00020407386556850937	0.00031106885693862267	0.00020377767351210374	0.0002943640967264358	0.00021386590551332867	0.0003932383005272998	0.0009482182410026397	0.0026181581771398572	0.1233202489924525	
2.6306306306306304	0.007727817314250045	0.0038610332108432997	0.000496366550899808	0.00018348084307556135	0.00018958992236637264	0.0003181587949335935	0.00020669016262297047	0.000295792283520393	0.0002167546390812766	0.0004048147663447427	0.000927062311215635	0.0026052425279005247	0.12116915429851194	
2.6336336336336337	0.00772131457652977	0.003851081768667016	0.0005006583814545677	0.000182445877545287	0.00017510597916423377	0.00032483257552402616	0.0002096026517338376	0.0002922948156770367	0.00021964337264922498	0.00041219490767419135	0.0009270623112156364	0.0025822993433405063	0.11901805960457106	
2.6366366366366365	0.0077227041717324975	0.003841130326490734	0.0005049502120093266	0.00017955409151205535	0.00018390311948004404	0.00033050452592000364	0.00021251514084470434	0.00028801025529516516	0.00022253210621717292	0.0004064066747654699	0.0009270623112156378	0.0025306367463831755	0.11723943633944231	
2.6396396396396398	0.007724093766935226	0.003836839863386958	0.0005092420425640862	0.00017666230547882326	0.0001998354570023968	0.000336176476315982	0.00021542762995557148	0.00028372569491329306	0.0002254208397851213	0.0004006184418567476	0.0009270623112156392	0.002478974149425837	0.11577623335309062	
2.6426426426426426	0.007725483362137953	0.0038325749595971227	0.0005135338731188452	0.00017377051944559161	0.00021576779452474716	0.0003418484267119594	0.00021834011906643821	0.00027944113453142155	0.00022830957335306923	0.00039483020894802613	0.0009270623112156406	0.002427311552468506	0.11431303036673914	
2.6456456456456454	0.007726872957340682	0.0038283100558072877	0.0005178257036736042	0.00017087873341235994	0.00023170013204709756	0.00034752037710793687	0.00022125260817730492	0.00027515657414955004	0.00023119830692101717	0.0003890419760393047	0.000927062311215642	0.002375648955511175	0.11284982738038767	
2.6486486486486487	0.00772826255254341	0.003824045152017452	0.0005221175342283637	0.00016798694737912785	0.0002476324695694503	0.0003531923275039152	0.00022416509728817206	0.0002708720137676779	0.00023408704048896554	0.0003832537431305824	0.0009270623112156433	0.0023239863585538365	0.11138662439403597	
2.6516516516516515	0.007729652147746137	0.0038197802482276165	0.0005264093647831227	0.0001650951613458962	0.0002635648070918007	0.00035886427789989263	0.0002270775863990388	0.00026658745338580637	0.00023697577405691348	0.00037746551022186097	0.0009270623112156447	0.0022723237615965056	0.10992342140768449	
2.6546546546546548	0.007731041742948866	0.0038155153444377806	0.0005307011953378823	0.00016220337531266412	0.00027949714461415347	0.00036453622829587097	0.00022865338815686274	0.0002623028930039342	0.00023986450762486183	0.00037167727731313865	0.0009270623112156461	0.002220661164639167	0.1084602184213328	
2.6576576576576576	0.007732431338151593	0.0038112504406479456	0.0005349930258926413	0.00015931158927943247	0.00029542948213650384	0.00037020817869184844	0.0002199159208242618	0.0002580183326220627	0.00024170089321410616	0.0003658890444044172	0.0009270623112156475	0.002168998567681836	0.10699701543498133	
2.6606606606606604	0.0077338209333543215	0.00380698553685811	0.0005351595733359345	0.00015639218930003487	0.00031136181965885426	0.0003758801290878259	0.00021117845349166088	0.0002537337722401912	0.00023881215964615822	0.00036010081149569575	0.0009231491725139584	0.0021173359707245053	0.10553381244862986	
2.6636636636636637	0.00776680685491269	0.0038027206330682743	0.000530867742781175	0.00015205451025018674	0.00032729415718120696	0.0003739185355559248	0.00020244098615905865	0.0002437749533970049	0.00023592342607820985	0.0003554294283036259	0.0009057918951330965	0.0020721308837753933	0.10407060946227817	
2.6666666666666665	0.007843234591063359	0.0037976608680809977	0.0005265759122264161	0.00014771683120033926	0.00032012270193423415	0.00035973865956598176	0.0001937035188264577	0.0002337776458393045	0.0002330346925102619	0.0003525353118492647	0.0008884346177522373	0.0020376891524705033	0.10230322831478972	
2.66966966966967	0.00791966232721404	0.0037806012529216543	0.0005222840816716566	0.0001433791521504911	0.0003099839416927369	0.00034555878357603667	0.00018496605149385546	0.0002237803382816026	0.00023014595894231354	0.00034964119539490304	0.0008710773403713754	0.002003247421165608	0.10036996599491858	
2.6726726726726726	0.007996090063364708	0.0037635416377623135	0.0005179922511168977	0.00013904147310064363	0.0002998451814512412	0.00033137890758609364	0.00017622858416125453	0.00021378303072390218	0.0002272572253743656	0.00034674707894054177	0.0008537200629905162	0.001968805689860718	0.09843670367504773	
2.6756756756756754	0.008072517799515379	0.0037464820226029726	0.0005137004205621387	0.00013470379405079613	0.0002897064212097455	0.0003171990315961506	0.0001674911168286536	0.00020378572316620178	0.00022436849180641766	0.00034385296248618056	0.000836362785609657	0.0019343639585558282	0.09650344135517687	
2.6786786786786787	0.008148945535666058	0.003729422407443629	0.0005094085900073791	0.000130366115000948	0.00027956766096824833	0.0003030191556062055	0.00015875364949605137	0.00019378841560849987	0.00022147975823846928	0.0003409588460318189	0.0008190055082287951	0.001899922227250933	0.09457017903530573	
2.6816816816816815	0.008225373271816726	0.0037123627922842884	0.0005051167594526203	0.0001260284359511005	0.0002694289007267526	0.0002888392796162625	0.00015001618216345044	0.00018379110805079947	0.00021859102467052134	0.0003380647295774577	0.0008016482308479359	0.001865480495946043	0.09263691671543489	
2.684684684684685	0.008301801007967407	0.003695303177124945	0.0005008249288978607	0.00012169075690125238	0.0002592901404852554	0.0002746594036263174	0.00014955153969859164	0.00017379380049309756	0.000215702291102573	0.00033517061312309605	0.000784290953467074	0.001831038764641148	0.09070365439556374	
2.6876876876876876	0.008378228744118076	0.003678243561965604	0.0004965330983431018	0.0001173530778514049	0.00024915138024375974	0.00026047952763637435	0.00017285145258552747	0.00016379649293539713	0.00021235545371217672	0.0003322764966687348	0.0007669336760862148	0.001796597033336258	0.0887703920756929	
2.6906906906906904	0.008454656480268746	0.003661183946806263	0.0004922412677883424	0.00011563081161705127	0.00023901262000226403	0.0002462996516464313	0.00019615136547246331	0.0001559295307061507	0.0002080223533602548	0.0003293823802143736	0.0007659442627258637	0.001762155302031368	0.08683712975582204	
2.6936936936936937	0.008472387359319421	0.0036441243316469194	0.00048794943723358197	0.0001257520627333636	0.00022898463790739482	0.00024223500871956737	0.0002194512783594026	0.00016307046467593775	0.00020368925300833226	0.0003257211077506928	0.0007934266185788938	0.0017425156616169629	0.08490386743595091	
2.6966966966966965	0.008405686789587937	0.003631091280790629	0.0004836576066788222	0.0001358733138496744	0.0002347782151882495	0.00024932494671453894	0.00024275119124633843	0.00017021139864572372	0.00019935615265641033	0.0003213799330691523	0.0008209089744319199	0.0017382104452038547	0.08338269248338016	
2.6996996996997	0.008338986219856443	0.0036453076267567485	0.00047936577612406176	0.00014599456496598668	0.00024057179246910507	0.0002564148847095116	0.00026605110413327774	0.00017735233261551074	0.0001950230523044878	0.00031703875838761113	0.0008483913302849501	0.001733905228790746	0.08199687731413229	
2.7027027027027026	0.00827228565012496	0.003659523972722866	0.000475073945569302	0.00015611581608229752	0.0002463653697499597	0.00026350482270448317	0.00028935101702021356	0.0001844932665852967	0.0001906899519525659	0.00031269758370607064	0.0008758736861379762	0.0017296000123776377	0.08061106214488462	
2.705705705705706	0.008205585080393466	0.0036737403186889853	0.00047078211501454156	0.0001662370671986098	0.0002521589470308153	0.00027059476069945577	0.00031265092990715284	0.00019163420055508376	0.00018635685160064335	0.0003083564090245295	0.0009033560419910064	0.001725294795964529	0.07922524697563674	
2.7087087087087087	0.008138884510661982	0.0036879566646551027	0.00046649028445978175	0.0001763583183149206	0.00025795252431166997	0.00027768469869442734	0.00033595084279408865	0.00019877513452486973	0.00018202375124872142	0.00030401523434298895	0.0009308383978440325	0.0017209895795514208	0.07783943180638905	
2.7117117117117115	0.008072183940930497	0.00370217301062122	0.000462198453905022	0.00018647956943123142	0.0002637461015925247	0.00028477463668939896	0.0003592507556810245	0.0002059160684946557	0.00017769065089679953	0.0002996740596614484	0.0009583207536970586	0.0017166843631383126	0.07645361663714138	
2.714714714714715	0.008005483371199005	0.0037163893565873396	0.00045790662335026155	0.0001966008205475437	0.0002695396788733802	0.00029186457468437157	0.0003685109309156534	0.00021305700246444272	0.00017335755054487698	0.00029533288497990727	0.0009858031095500888	0.0017123791467252038	0.0750678014678935	
2.7177177177177176	0.00793878280146752	0.0037306057025534574	0.0004536147927955018	0.00020672207166385454	0.00027533325615423487	0.00029895451267934314	0.00035686097447218585	0.0002201979364342287	0.0001722900534440589	0.0002909917102983667	0.001013285465403115	0.0017080739303120956	0.07368198629864582	
2.720720720720721	0.007872082231736025	0.003744822048519577	0.0004605968343919684	0.00021089769937697017	0.00028112683343509045	0.0003060444506743158	0.0003452110180287166	0.00022478611227041715	0.00017517878701200728	0.0002866505356168256	0.0010137616568492293	0.0017037687138989868	0.07229617112939794	
2.7237237237237237	0.007856407405190394	0.0037590383944856942	0.0004720417158713278	0.000203668234293891	0.00028544047664651645	0.0003107240548571722	0.00033356106158524907	0.0002219297386825028	0.00017806752057995522	0.00028230936093528465	0.000987725740777941	0.001669829195816189	0.07091035596015027	
2.7267267267267266	0.00791754959411091	0.0037665891391050004	0.00048348659735068724	0.00019643876921081186	0.00027964689936566174	0.00031356003005516024	0.00032191110514178154	0.00021907336509458845	0.00018095625414790316	0.00027796818625374357	0.0009616898247066526	0.0016167315267211545	0.06956021522908451	
2.72972972972973	0.007978691783031433	0.003746686254752433	0.0004949314788300484	0.00018920930412773165	0.0002738533220848062	0.00031639600525314865	0.0003102611486983123	0.0002162169915066737	0.00018384498771585153	0.00027362701157220183	0.0009356539086353605	0.001563633857626112	0.06821596018383683	
2.7327327327327327	0.008039833971951947	0.0037267833703998683	0.0005063763603094079	0.00018197983904465247	0.00026805974480395155	0.0003192319804511367	0.00029861119225484475	0.00021336061791875935	0.00018673372128379947	0.00026928583689066074	0.0009096179925640721	0.0015105361885310775	0.06687170513858934	
2.735735735735736	0.008100976160872471	0.003706880486047301	0.0005178212417887689	0.00017475037396157226	0.00026226616752309597	0.00032206795564912515	0.0002869612358113755	0.0002105042443308446	0.00018962245485174781	0.000264944662209119	0.0008835820764927798	0.0014574385194360351	0.06552745009334165	
2.7387387387387387	0.008162118349792986	0.0036869776016947367	0.0005292661232681284	0.00016752090887849313	0.0002564725902422413	0.0003249039308471132	0.000275311279367908	0.00020764787074293025	0.00019251118841969578	0.0002606034875275779	0.0008575461604214915	0.0014043408503410005	0.06418319504809417	
2.7417417417417416	0.0082232605387135	0.0036670747173421724	0.0005407110047474878	0.00016029144379541395	0.0002506790129613866	0.0003277399060451012	0.00026366132292444044	0.0002047914971550159	0.0001953999219876437	0.00025626231284603683	0.0008315102443502032	0.001351243181245966	0.06283894000284668	
2.744744744744745	0.008284402727634024	0.003647171832989605	0.0005521558862268489	0.00015306197871233374	0.00024488543568053106	0.0003305758812430896	0.0002528053071246749	0.00020193512356710114	0.00019828865555559207	0.00025192113816449515	0.0008054743282789109	0.0012981455121509233	0.061494684957598994	
2.7477477477477477	0.008345544916554539	0.0036272689486370408	0.0005636007677062083	0.00014583251362925462	0.00023909185839967638	0.00033341185644107765	0.00024261159523663992	0.0001990787499791868	0.00019524042677758762	0.000247579963482954	0.0007794384122076226	0.0012450478430558888	0.060150429912351505	
2.750750750750751	0.008406687105475062	0.003607366064284473	0.0005631099230873904	0.0001407912364031239	0.00023329828111882082	0.0003362478316390661	0.00023241788334860345	0.0001989815298381283	0.0001880185928577167	0.0002432387888014123	0.0007580614814217285	0.0011919501739608464	0.05880617486710382	
2.7537537537537538	0.008493719673001342	0.0035874631799319087	0.0005602487027175498	0.00013789945036989226	0.00022750470383796608	0.000330690943802213	0.00022222417146056849	0.00020326609021999946	0.00018079675893784683	0.0002471899422990139	0.0007392577642591336	0.0011876541438755764	0.05746191982185633	
2.7567567567567566	0.008621562431653365	0.003568677618965633	0.0005573874823477091	0.0001350076643366606	0.00022171112655711115	0.00032076503060925383	0.0002120304595725335	0.00020755065060187059	0.000173574925017977	0.00025297817520773537	0.0007204540470965388	0.0012020048652526128	0.05661087574894901	
2.75975975975976	0.008749405190305405	0.0035530396384029065	0.000554526261977868	0.00013211587830342853	0.00021591754927625532	0.00031083911741629314	0.00020183674768449702	0.00021183521098374237	0.00016635309109810608	0.0002587664081164577	0.0007016503299339411	0.0012163555866296514	0.05577824016122097	
2.7627627627627627	0.008877247948957426	0.0035374016578401824	0.0005516650416080273	0.00012922409227019685	0.0002101239719954004	0.0003009132042233339	0.00019164303579646206	0.00021611977136561352	0.00015913125717823625	0.00026455464102517913	0.0006828466127713463	0.0012307063080066877	0.05494560457349305	
2.765765765765766	0.009005090707609468	0.003521763677277456	0.0005488038212381862	0.00012633230623696476	0.00020433039471454457	0.00029098729103037323	0.00018144932390842556	0.0002204043317474853	0.00015190942325836533	0.0002703428739339014	0.0006640428956087486	0.0012450570293837263	0.05411296898576501	
2.7687687687687688	0.009132933466261489	0.003506125696714732	0.0005459426008683455	0.00012344052020373311	0.00019853681743368964	0.000281061377837414	0.00017125561202039057	0.00022468889212935643	0.00014468758933849546	0.00027613110684262285	0.0006452391784461538	0.0012594077507607627	0.05328033339803709	
2.7717717717717716	0.00926077622491351	0.0034904877161520084	0.0005430813804985048	0.00012054873417050145	0.00019274324015283468	0.00027113546464445484	0.0001610619001323556	0.0002289734525112276	0.00013746575541862563	0.0002819193397513443	0.0006264354612835589	0.001273758472137799	0.05244769781030916	
2.774774774774775	0.009388618983565552	0.003474849735589282	0.0005402201601286637	0.00011765694813726937	0.00018694966287197888	0.00026120955145149415	0.0001639057870856302	0.00023325801289309937	0.0001302439214987547	0.0002877075726600666	0.0006076317441209613	0.0012881091935148376	0.05161506222258112	
2.7777777777777777	0.009516461742217572	0.003459211755026558	0.0005373589397588231	0.0001147651621040377	0.00018115608559112392	0.00025128363825853493	0.00017264325441823113	0.0002375425732749705	0.00013032416771924428	0.00029349580556878806	0.0005888280269583664	0.0013024599148918738	0.0507824266348532	
2.780780780780781	0.009644304500869613	0.0034435737744638317	0.0005576559311618024	0.00012535990209860522	0.00017536250831026812	0.00024135772506557424	0.00018138072175083336	0.00023887120707535728	0.00013321290128719265	0.0002992840384775104	0.000594965660930166	0.0013168106362689124	0.04994979104712516	
2.7837837837837838	0.00974174724787055	0.003427935793901108	0.0005791150839356018	0.00014271061829799518	0.0001727779337983973	0.0002579727136318853	0.00019011818908343432	0.00023744302028140052	0.0001361016348551406	0.0002953188251501358	0.0006079836189658085	0.0012901890326632109	0.04912484205484273	
2.7867867867867866	0.009788993484763685	0.00343145091692942	0.0006005742367094013	0.00016006133449738514	0.00017567472243882487	0.0002834964904137813	0.00019885565641603525	0.00023601483348744374	0.00013899036842308853	0.0002909776504685947	0.0006210015770014511	0.0012557473013583237	0.04840255576187393	
2.78978978978979	0.009836239721656826	0.003474099954827774	0.0006220333894832039	0.00017741205069677767	0.00017857151107925285	0.0003090202671956812	0.00020759312374863748	0.00023458664669348675	0.0001418791019910369	0.000286636475787053	0.0006340195350370955	0.0012213055700534313	0.04768026946890502	
2.7927927927927927	0.00988348595854996	0.003516748992726122	0.0006434925422570033	0.00019476276689616763	0.00018146829971968042	0.0003345440439775772	0.0002163305910812384	0.00023315845989952996	0.0001447678355589848	0.0002822953011055119	0.000647037493072738	0.001186863838748544	0.046957983175936226	
2.795795795795796	0.009930732195443102	0.0035593980306244757	0.0006649516950308059	0.00021211348309556013	0.0001843650883601084	0.00036006782075947703	0.00022506805841384064	0.00023173027310557297	0.0001476565691269332	0.0002779541264239702	0.0006600554511083824	0.0011524221074436516	0.04623569688296732	
2.798798798798799	0.009977978432336236	0.0036020470685228234	0.0006864108478046053	0.0002294641992949501	0.00018726187700053598	0.00038559159754137306	0.00023380552574644157	0.00023030208631161618	0.00015054530269488113	0.0002736129517424291	0.0006730734091440249	0.0011179803761387642	0.04551341058999852	
2.8018018018018016	0.01002522466922937	0.003644696106421171	0.0007078700005784047	0.00024681491549434004	0.00019015866564096352	0.0004111153743232691	0.0002425429930790425	0.0002288738995176594	0.00015343403626282907	0.00026927177706088804	0.0006860913671796675	0.001083538644833877	0.04479112429702972	
2.804804804804805	0.010072470906122512	0.003687345144319525	0.0007293291533522074	0.00026416563169373255	0.0001930554542813915	0.0004366391511051689	0.0002452212414445436	0.00022744571272370243	0.00015632276983077744	0.0002649306023793463	0.0006991093252153119	0.0010490969135289845	0.04406883800406082	
2.8078078078078077	0.010119717143015646	0.0037299941822178727	0.0007488823646750247	0.0002815163478931225	0.00019595224292181908	0.000462162927887065	0.00024667748599997745	0.00022601752592974565	0.0001554969899981112	0.0002605894276978052	0.0007121272832509545	0.0010146551822240973	0.043346551711092016	
2.810810810810811	0.010166963379908788	0.003772643220116227	0.0007431599239353442	0.0002809083047462636	0.00019884903156224706	0.0004876867046689648	0.00024813373055541157	0.0002236632065344172	0.00015405262321413702	0.0002579534992634999	0.0007051112637776972	0.000980213450919205	0.042624265418123114	
2.813813813813814	0.010253394406770136	0.0038152922580145746	0.0007374374831956645	0.00027657062569641614	0.0002074238587059264	0.0004703441365235212	0.00024958997511084546	0.00022080683294650285	0.00015260825643016303	0.0002695299650809428	0.0006964326250872694	0.0009910412522347787	0.041868818584905106	
2.8168168168168166	0.010407639474274193	0.0038669310016311025	0.0007317150424559848	0.00027223294664656866	0.00022190780190806312	0.00044482035974162555	0.00025104621966627936	0.0002179504593585885	0.00015116388964618908	0.0002811064308983857	0.0006877539863968415	0.0010039569014741114	0.04095736207234919	
2.81981981981982	0.010561884541778272	0.003932326193075252	0.0007259926017163042	0.0002678952675967205	0.00023639174511020197	0.00041929658295972606	0.00025250246422171347	0.00021509408577067375	0.0001497195228622149	0.0002926828967158303	0.0006790753477064124	0.001016872550713446	0.04004590555979314	
2.8228228228228227	0.010716129609282329	0.003997721384519392	0.0007202701609766246	0.000263557588546873	0.00025087568831233867	0.0003937728061778304	0.0002539587087771473	0.0002122377121827594	0.00014827515607824092	0.0003042593625332732	0.0006703967090159846	0.0010297881999527787	0.03913444904723723	
2.825825825825826	0.010870374676786409	0.004063116575963542	0.0007145477202369439	0.0002592199094970249	0.00026535963151447754	0.00036824902939593097	0.0002554149533325814	0.00020938133859484465	0.00014683078929426675	0.00031583582835071776	0.0006617180703255554	0.0010427038491921134	0.03822299253468118	
2.828828828828829	0.011024619744290465	0.004128511767407681	0.0007088252794972643	0.0002548822304471774	0.00027984357471661425	0.0003427252526140353	0.0002568711978880153	0.0002065249650069303	0.0001453864225102928	0.00032741229416816066	0.0006530394316351275	0.0010556194984314461	0.037311536022125266	
2.8318318318318316	0.011178864811794522	0.004193906958851822	0.0007031028387575846	0.00025054455139732993	0.000294327517918751	0.00031720147583213967	0.0002583274424434492	0.00020366859141901598	0.0001439420557263188	0.00033898875998560356	0.0006443607929446997	0.0010685351476707788	0.036400079509569354	
2.834834834834835	0.011333109879298602	0.004259302150295971	0.000697380398017904	0.0002462068723474818	0.0003088114611208898	0.00029167769905024017	0.00027257084531338686	0.0002008122178311012	0.00014249768894234464	0.0003505652258030482	0.0006356821542542705	0.0010814507969101135	0.0354886229970133	
2.8378378378378377	0.011487354946802659	0.004324697341740111	0.0006954237871708165	0.0002418691932976343	0.0003232954043230266	0.0002661539222683445	0.0002871332908677216	0.00019795584424318685	0.0001353205703131287	0.0003621416916204911	0.0006280051694105772	0.0010943664461494462	0.03457716648445739	
2.840840840840841	0.011641600014306738	0.004390092533184261	0.0007097298890200167	0.0002275132685385178	0.0003377793475251654	0.00024063014548644508	0.0003016957364220584	0.00020066588844212837	0.00012809873639325778	0.0003668068402329268	0.0006352373683192682	0.0011052127450276842	0.03366570997190134	
2.843843843843844	0.01177363089388802	0.004455487724628401	0.0007240359908692146	0.00021305433837235936	0.000345185884079442	0.00025338136726894795	0.00031625818197639314	0.00020495044882399988	0.00012087690247338793	0.0003508891997339428	0.000642469567227958	0.001089426951512944	0.03288872403473476	
2.8468468468468466	0.011865344177268792	0.004522852609112634	0.0007383420927184127	0.00019859540820620092	0.00034808267271986933	0.00026897923085788427	0.0003308206275307279	0.0002092350092058714	0.00011365506855351808	0.00033497155923495884	0.0006497017661366478	0.001073641157998204	0.03245592550204319	
2.84984984984985	0.011957057460649576	0.00459251270434662	0.0007526481945676129	0.00018413647804004033	0.0003509794613602971	0.0002845770944468229	0.00034538307308506474	0.00021351956958774352	0.00010643323463364718	0.0003190539187359725	0.0006569339650453386	0.0010578553644834618	0.03202312696935156	
2.8528528528528527	0.012048770744030348	0.004662172799580595	0.0007669542964168108	0.00016967754787388186	0.0003538762500007244	0.00030017495803575923	0.00035994551863939946	0.00021780412996961503	9.921140071377733e-05	0.00030313627823698854	0.0006641661639540284	0.0010420695709687218	0.031590328436659994	
2.855855855855856	0.012140484027411132	0.004731832894814581	0.000781260398266011	0.00015521861770772128	0.0003567730386411522	0.0003157728216246979	0.00037450796419373635	0.00022208869035148716	9.198956679390641e-05	0.00028721863773800216	0.0006713983628627194	0.0010262837774539795	0.031157529903968365	
2.858858858858859	0.012232197310791905	0.004801492990048556	0.0007955665001152091	0.00014075968754156287	0.0003596698272815796	0.0003313706852136342	0.00038907040974807107	0.00022637325073335867	8.476773287403657e-05	0.00027130099723901823	0.0006786305617714092	0.0010104979839392395	0.0307247313712768	
2.8618618618618616	0.012323910594172677	0.0048711530852825315	0.000809872601964407	0.0001263007573754044	0.0003625666159220069	0.00034696854880257057	0.0003994687979975415	0.00023065781111523018	7.754589895416672e-05	0.00025538335674003425	0.000685862760680099	0.0009947121904244995	0.030291932838585237	
2.864864864864865	0.012415623877553461	0.004940813180516517	0.0008241787038136072	0.00011184182720924381	0.00036546340456243467	0.00036256641239150916	0.00037908137422146965	0.00023494237149710234	7.234628309049431e-05	0.0002394657162410479	0.0006930949595887898	0.0009789263969097572	0.029859134305893605	
2.8678678678678677	0.012507337160934233	0.0050104732757504915	0.0008354211647258385	0.00010067108120159987	0.000368360193202862	0.0003781642759804455	0.0003586939504454008	0.00023922693187897382	8.101248379433812e-05	0.00022354807574206392	0.0006959327560619376	0.0009631406033950171	0.029426335773202042	
2.870870870870871	0.012599050444315018	0.005080133370984477	0.0008397129952806001	0.00010790054628468014	0.00037125698184328976	0.0003932052974936236	0.00033830652666932894	0.00023180758164050393	8.967868449818322e-05	0.0002202250983812569	0.000681468358244555	0.0009519482635154694	0.02899353724051041	
2.873873873873874	0.012727600825285509	0.0051497934662184525	0.0008440048258353611	0.00011513001136775932	0.0003667365925403072	0.00038327938430066447	0.00031791910289326005	0.0002232384608767607	9.834488520202703e-05	0.00023614273888024088	0.0006670039604271745	0.0009605586963416913	0.028497583071219593	
2.8768768768768767	0.012926312939277236	0.005235981547344644	0.0008482966563901221	0.00012235947645083852	0.00035949462093923885	0.0003733534711077053	0.0002975316791171912	0.00021466934011301746	0.00010701108590587085	0.0002520603793792249	0.000652539562609794	0.0009691691291679131	0.027901410257975507	
2.87987987987988	0.013125025053268995	0.005336917603704092	0.0008525884869448837	0.00012958894153391876	0.0003522526493381694	0.0003634275579147447	0.00027714425534111934	0.00020610021934927293	0.00011567728660971594	0.0002679780198782112	0.0006380751647924114	0.0009777795619941361	0.02730523744473133	
2.8828828828828827	0.013323737167260723	0.005437853660063526	0.0008568803174996447	0.00013681840661699797	0.00034501067773710106	0.0003535016447217856	0.0002567568315650505	0.0001975310985855297	0.00012434348731355974	0.0002838956603771952	0.0006236107669750309	0.0009863899948203579	0.026709064631487242	
2.885885885885886	0.013522449281252482	0.005538789716422974	0.0008611721480544063	0.00014404787170007823	0.0003377687061360316	0.000343575731528825	0.00023636940778897864	0.00018896197782178518	0.00013300968801740484	0.0002998133008761815	0.0006091463691576483	0.0009950004276465811	0.026112891818243066	
2.888888888888889	0.01372116139524421	0.0056397257727824075	0.0008654639786091672	0.00015127733678315741	0.0003305267345349633	0.0003336498183358659	0.00021598198401290977	0.00018039285705804192	0.00014167588872124868	0.0003157309413751655	0.0005946819713402678	0.0010036108604728029	0.02551671900499898	
2.8918918918918917	0.013919873509235937	0.0057406618291418405	0.0008697558091639283	0.0001585068018662366	0.0003232847629338949	0.00032372390514290674	0.00020171382363781082	0.00017182373629429868	0.00015034208942509247	0.0003316485818741495	0.0005802175735228873	0.0010122212932990246	0.02492054619175489	
2.894894894894895	0.014118585623227696	0.005841597885501289	0.0008740476397186899	0.00016573626694931686	0.00031604279133282543	0.00031379799194994616	0.0002046263127486786	0.00016325461553055414	0.00015673516113164925	0.0003475662223731358	0.0005657531757055047	0.0010208317261252479	0.02432437337851072	
2.8978978978978978	0.014317297737219424	0.005942533941860722	0.0008880408803937643	0.00017296573203239604	0.0003088008197317571	0.00030387207875698705	0.00020753880185954592	0.00015527948152095088	0.00015673516113164925	0.0003634838628721198	0.0005572271084976421	0.0010294421589514696	0.02372820056526663	
2.900900900900901	0.014516009851211183	0.006043469998220171	0.0009152224739072469	0.00018019519711547625	0.00030155884813068764	0.0002955464796044442	0.00021045129097041368	0.00016099222869678053	0.00015673516113164925	0.00036143353907198115	0.0005601199880611179	0.0010253813668106187	0.023132027752022454	
2.903903903903904	0.014695732441729946	0.006144406054579604	0.0009424040674207256	0.0001874246621985554	0.00030295850159956146	0.0002998004424014265	0.000213363780081281	0.00016670497587260936	0.00015673516113164925	0.0003440688403458168	0.0005630128676245935	0.000992374707643435	0.0227023262970703	
2.9069069069069067	0.014837471152409349	0.006218270756528744	0.0009695856609342043	0.00019465412728163456	0.00030585529023998884	0.0003040544051984088	0.00021627626919214834	0.0001724177230484382	0.00015673516113164925	0.00032670414161965246	0.0005659057471880689	0.0009593680484762514	0.0224443669067243	
2.90990990990991	0.014979209863088774	0.00627371450579661	0.0009967672544476868	0.00020188359236471477	0.0003087520788804166	0.0003083083679953917	0.0002191887583030161	0.00017813047022426787	0.00015673516113164925	0.00030933944289348556	0.0005687986267515448	0.0009263613893090627	0.022186407516378265	
2.9129129129129128	0.015120948573768177	0.006329158255064468	0.0010239488479611657	0.00020911305744779392	0.00031164886752084393	0.00031256233079237397	0.00022210124741388343	0.0001838432174000967	0.00015673516113164925	0.0002919747441673212	0.0005716915063150202	0.0008933547301418791	0.021928448126032264	
2.915915915915916	0.015262687284447601	0.0063846020043323345	0.0010511304414746482	0.00021634252253087416	0.00031454565616127175	0.0003168162935893569	0.0002250137365247512	0.00018955596457592634	0.00015673516113164925	0.0002746100454411543	0.0005745843858784962	0.0008603480709746906	0.021670488735686225	
2.918918918918919	0.015404425995127004	0.006440045753600192	0.0010783120349881269	0.00022357198761395328	0.0003174424448016991	0.0003210702563863392	0.00022792622563561852	0.00019526871175175518	0.00015673516113164925	0.00025724534671498996	0.0005774772654419716	0.0008273414118075069	0.021412529345340228	
2.9219219219219217	0.015546164705806408	0.006495489502868049	0.0011054936285016057	0.00023080145269703244	0.0003203392334421264	0.0003253242191833215	0.00023438714797099694	0.000200981458927584	0.00015673516113164925	0.00023988064798882564	0.0005803701450054471	0.0007943347526403233	0.021154569954994228	
2.924924924924925	0.01568790341648583	0.0065509332521359155	0.0011326752220150883	0.00023803091778011267	0.0003232360220825542	0.00032957818198030444	0.0002460371044144664	0.00020669420610341368	0.00015673516113164925	0.00022251594926265872	0.000583263024568923	0.0007613280934731347	0.02089661056464819	
2.9279279279279278	0.015829642127165235	0.006606377001403774	0.0011482316164179046	0.0002466345167591938	0.00032613281072298156	0.00033383214477728673	0.00025768706085793413	0.00021216040364782865	0.00015673516113164925	0.00020515125053649437	0.0005840656193147479	0.0007283214343059511	0.02063865117430219	
2.930930930930931	0.01597138083784466	0.00666182075067164	0.0011539540571575834	0.00025675576787550613	0.0003290295993634093	0.00033779698043706163	0.0002693370173014036	0.00021644496402970078	0.00015673516113164925	0.00019966591569135588	0.0005826191795330104	0.0007128213335775784	0.020380691783956153	
2.933933933933934	0.016129692379599558	0.0067172644999394975	0.0011596764978972613	0.0002668770189918169	0.00033756414354467923	0.00034063295563505064	0.00028098697374487135	0.0002207295244115723	0.00015673516113164925	0.00019966591569135558	0.0005811727397512732	0.0007214317664038003	0.020055046978177567	
2.9369369369369367	0.016322846112780287	0.006780233749724423	0.0011653989386369392	0.00027699827010812774	0.0003462545094659612	0.00034346893083303965	0.0002926369301883391	0.0002250140847934438	0.00015673516113164925	0.00019966591569135528	0.0005797262999695359	0.0007300421992300221	0.01968387207762416	
2.93993993993994	0.016515999845961044	0.006847050575765185	0.0011711213793766178	0.00028711952122444003	0.00035494487538724457	0.00034630490603102903	0.0003042868866318086	0.00022929864517531594	0.00015673516113164925	0.00019966591569135498	0.0005782798601877984	0.0007386526320562452	0.01931269717707069	
2.942942942942943	0.016709153579141774	0.006913867401805936	0.0011768438201162957	0.0002972407723407508	0.0003636352413085266	0.00034914088122901804	0.0003159368430752763	0.00023358320555718744	0.00015673516113164925	0.00019966591569135466	0.0005768334204060611	0.000747263064882467	0.01894152227651728	
2.945945945945946	0.016902307312322534	0.006980684227846698	0.0011825662608559745	0.00030736202345706316	0.0003723256072298099	0.00035197685642700743	0.00032758679951874574	0.00023786776593905958	0.00015673516113164925	0.00019966591569135436	0.0005753869806243236	0.0007558734977086901	0.018570347375963817	
2.948948948948949	0.017095461045503264	0.00704750105388745	0.0011882887015956525	0.00031748327457337393	0.00038101597315109195	0.00035481283162499644	0.00033923675596221354	0.0002421523263209311	0.00015673516113164925	0.00019966591569135406	0.0005739405408425863	0.000764483930534912	0.018199172475410405	
2.951951951951952	0.01728861477868402	0.007114317879928211	0.001194011142335331	0.00032760452568968623	0.0003897063390723753	0.0003576488068229859	0.0003476852839565754	0.00024643688670280325	0.00015673516113164925	0.00019966591569135374	0.0005724941010608488	0.000773094363361135	0.01782799757485694	
2.954954954954955	0.01748176851186475	0.0071811347059689635	0.001199733583075009	0.00033772577680599706	0.00039839670499365734	0.00036048478202097483	0.00035351026217830936	0.0002507214470846747	0.00015827293810850176	0.00019966591569135344	0.0005710476612791116	0.0007817047961873569	0.01745682267430353	
2.957957957957958	0.01767492224504548	0.007247951532009715	0.0011837511902566128	0.00034784702792230784	0.0004070870709149394	0.00036332075721896384	0.0003593352404000433	0.00025023530100499325	0.0001611616716764497	0.00019966591569135314	0.0005785878447737817	0.0007903152290135787	0.017085647773750122	
2.960960960960961	0.017868075978226237	0.0073147683580504766	0.0011565695967431324	0.0003579682790386202	0.00041550550567007665	0.0003674114010280761	0.00036516021862177813	0.00023880980665333396	0.00016405040524439807	0.00020925534081998558	0.0005916058028094262	0.0007765837699292439	0.016714472873196655	
2.963963963963964	0.017856576991700842	0.007381585184091229	0.001129388003229656	0.00036808953015493096	0.00042129908295093137	0.00037450133902304674	0.0003709851968435121	0.0002273843123016764	0.000166939138812346	0.00022083180663742862	0.0006046237608450687	0.0007435771107620603	0.01617594213283776	
2.966966966966967	0.017392452193985896	0.007246499925862613	0.0011022064097161754	0.00037821078127124326	0.0004270926602317869	0.00038159127701801847	0.0003768101750652469	0.00021595881795001716	0.00016982787238029436	0.00023240827245487336	0.0006176417188807131	0.0007105704515948717	0.015566871350076282	
2.96996996996997	0.01692832739627102	0.007036098005564076	0.0010750248162026991	0.0003883320323875541	0.00043288623751264156	0.00038868121501298917	0.00038263515328698086	0.00020453332359835958	0.00017271660594824232	0.0002439847382723164	0.0006306596769163556	0.000677563792427688	0.014957800567314893	
2.972972972972973	0.016464202598556146	0.006825696085265539	0.0010478432226892227	0.0003984532835038649	0.00043867981479349627	0.0003957711530079598	0.00038846013150871487	0.00019310782924670202	0.00017560533951619026	0.00025556120408975943	0.0006436776349519981	0.0006445571332605043	0.014348729784553507	
2.975975975975976	0.0160000778008412	0.0066152941649669705	0.001020661629175742	0.0004085745346201772	0.0004444733920743518	0.00040286109100293155	0.0003942851097304497	0.00018168233489504275	0.00017849407308413864	0.00026713766990720417	0.0006566955929876426	0.0006115504740933158	0.01373965900179203	
2.978978978978979	0.015535953003126324	0.006404892244668433	0.0009934800356622656	0.00041869578573648804	0.0004502669693552065	0.0004099510289979022	0.00040011008795218364	0.0001702568405433852	0.00018138280665208658	0.00027871413572464723	0.0006697135510232851	0.0005785438149261322	0.013130588219030641	
2.981981981981982	0.01507182820541138	0.006194490324369865	0.0009662984421487852	0.00042881703685280034	0.00045606054663606204	0.00041704096699287394	0.00031824875968790073	0.00015883134619172596	0.00018427154022003492	0.000290290601542092	0.0006827315090589296	0.0005455371557589435	0.012521517436269163	
2.984984984984985	0.014607703407696503	0.005984088404071327	0.0009391168486353088	0.00043893828796911117	0.0004618541239169167	0.0004241309049878446	0.00019755872022082452	0.0001474058518400684	0.00014811060119520098	0.000301867067359535	0.0006957494670945721	0.0005125304965917599	0.011912446653507776	
2.987987987987988	0.014143578609981628	0.00577368648377279	0.0007152011285655452	0.0003351993233391801	0.0004676477011977714	0.0004312208429828153	7.686868075374836e-05	0.00012254729458850255	9.248523688421646e-05	0.000313443533176978	0.0005391781435474577	0.0004795238374245763	0.011303375870746389	
2.990990990990991	0.013679453812266682	0.005563284563474222	0.0004349998785034742	0.00020277437206167408	0.00044176122189744035	0.00038508647714623125	0.0	8.022081716035298e-05	3.6859872573223726e-05	0.00022211994969956205	0.0003293095676658634	0.0003762802595911886	0.010694305087984912	
2.993993993993994	0.012150041786845912	0.005352882643175684	0.00015479862844144465	7.03494207841877e-05	0.0002999601011544936	0.00025428341769876377	0.0	3.789433973220966e-05	0.0	0.00012789750986237487	0.00011944099178430004	0.0002357182387435483	0.008007799347998655	
2.996996996996997	0.008139606678204634	0.004042204495370107	0.0	0.0	0.00015815898041152582	0.00012348035825127698	0.0	0.0	0.0	3.367507002517375e-05	0.0	9.515621789588725e-05	0.004831208819780503	
3.0	0.004129171569563949	0.0024476891880791155	0.0	0.0	1.6357859668579046e-05	0.0	0.0	0.0	0.0	0.0	0.0	0.0	0.0016546182915628208	
